Subsystem,Tag,NodeId pattern,Implementation status,Control owner,Normal authority,Multiplicity,Authoritative/current source,Production exposure,Allowed states,Alarm class,Interlock relevance,DCS access,Poll ms,History rate
Endpoint Status,Connected,nsu=urn:dune:pds:daphne;s=DAPHNE.Boards.{BoardId}.Status.Connected,CURRENT OPC-UA POC,Slow Controls,Read-only fan-out,one per DAPHNE board,NP04 OPC-UA bridge 0.3 / cached DAPHNE poll,Baseline DCS,All states,Stale data,No,Read-Only,1000,On-Change
Endpoint Status,StatusSuccess,nsu=urn:dune:pds:daphne;s=DAPHNE.Boards.{BoardId}.Status.Success,CURRENT OPC-UA POC,Slow Controls,Read-only fan-out,one per DAPHNE board,NP04 OPC-UA bridge 0.3 / cached DAPHNE poll,Baseline DCS,All states,Fault,No,Read-Only,1000,On-Change
Endpoint Status,StatusMessage,nsu=urn:dune:pds:daphne;s=DAPHNE.Boards.{BoardId}.Status.Message,CURRENT OPC-UA POC,Slow Controls,Read-only fan-out,one per DAPHNE board,NP04 OPC-UA bridge 0.3 / cached DAPHNE poll,Baseline DCS,All states,Status,No,Read-Only,1000,On-Change
Endpoint Status,LastUpdate,nsu=urn:dune:pds:daphne;s=DAPHNE.Boards.{BoardId}.Status.LastUpdate,CURRENT OPC-UA POC,Slow Controls,Read-only fan-out,one per DAPHNE board,NP04 OPC-UA bridge 0.3 / cached DAPHNE poll,Baseline DCS,All states,Stale data,No,Read-Only,1000,On-Change
Endpoint Status,AgeSeconds,nsu=urn:dune:pds:daphne;s=DAPHNE.Boards.{BoardId}.Status.AgeSeconds,REQUIRED PRODUCTION,Slow Controls,Read-only fan-out,one per DAPHNE board,Bridge freshness contract,Baseline DCS,All states,Stale data,No,Read-Only,1000,On-Change
Endpoint Status,Quality,nsu=urn:dune:pds:daphne;s=DAPHNE.Boards.{BoardId}.Status.Quality,REQUIRED PRODUCTION,Slow Controls,Read-only fan-out,one per DAPHNE board,Bridge quality contract,Baseline DCS,All states,Stale data,No,Read-Only,1000,On-Change
Endpoint Status,ErrorCount,nsu=urn:dune:pds:daphne;s=DAPHNE.Boards.{BoardId}.Status.ErrorCount,CURRENT OPC-UA POC,Slow Controls,Read-only fan-out,one per DAPHNE board,NP04 OPC-UA bridge ErrorCount,Baseline DCS,All states,Warning,No,Read-Only,5000,On-Change
Endpoint Status,ErrorsJsonCompatibility,nsu=urn:dune:pds:daphne;s=DAPHNE.Boards.{BoardId}.Status.ErrorsJson,CURRENT OPC-UA POC,Slow Controls,Read-only fan-out,one per DAPHNE board,NP04 OPC-UA bridge ErrorsJson,Compatibility only,All states,Status,No,Read-Only,5000,On-Change
Authority,ActiveWriter,nsu=urn:dune:pds:daphne;s=DAPHNE.Boards.{BoardId}.Authority.ActiveWriter,REQUIRED PRODUCTION,Board service (shared audit),Fixed DAQ/SC field ownership enforced by the OPC-UA gateway and board service; DPS has final inhibit,one per DAPHNE board,Shared OPC-UA gateway role and field-ownership contract,Baseline DCS,All states,State guard,Context,Read-Only,1000,On-Change
Authority,AuthorityLeaseId,nsu=urn:dune:pds:daphne;s=DAPHNE.Boards.{BoardId}.Authority.AuthorityLeaseId,REQUIRED PRODUCTION,Board service (shared audit),Fixed DAQ/SC field ownership enforced by the OPC-UA gateway and board service; DPS has final inhibit,one per DAPHNE board,Shared OPC-UA gateway role and field-ownership contract,Baseline DCS,All states,State guard,Context,Read-Only,1000,On-Change
Authority,AuthorityLeaseExpiresAt,nsu=urn:dune:pds:daphne;s=DAPHNE.Boards.{BoardId}.Authority.AuthorityLeaseExpiresAt,REQUIRED PRODUCTION,Board service (shared audit),Fixed DAQ/SC field ownership enforced by the OPC-UA gateway and board service; DPS has final inhibit,one per DAPHNE board,Shared OPC-UA gateway role and field-ownership contract,Baseline DCS,All states,State guard,Context,Read-Only,1000,On-Change
Authority,DetectorState,nsu=urn:dune:pds:daphne;s=DAPHNE.Boards.{BoardId}.Authority.DetectorState,REQUIRED PRODUCTION,DAQ,Fixed DAQ/SC field ownership enforced by the OPC-UA gateway and board service; DPS has final inhibit,one per DAPHNE board,Shared OPC-UA gateway role and field-ownership contract,Baseline DCS,All states,State guard,Context,Read-Only,1000,On-Change
Authority,RunNumber,nsu=urn:dune:pds:daphne;s=DAPHNE.Boards.{BoardId}.Authority.RunNumber,REQUIRED PRODUCTION,DAQ,Fixed DAQ/SC field ownership enforced by the OPC-UA gateway and board service; DPS has final inhibit,one per DAPHNE board,Shared OPC-UA gateway role and field-ownership contract,Baseline DCS,All states,State guard,Context,Read-Only,1000,On-Change
Authority,RunType,nsu=urn:dune:pds:daphne;s=DAPHNE.Boards.{BoardId}.Authority.RunType,REQUIRED PRODUCTION,DAQ,Fixed DAQ/SC field ownership enforced by the OPC-UA gateway and board service; DPS has final inhibit,one per DAPHNE board,Shared OPC-UA gateway role and field-ownership contract,Baseline DCS,All states,State guard,Context,Read-Only,1000,On-Change
Authority,ConfigurationRevision,nsu=urn:dune:pds:daphne;s=DAPHNE.Boards.{BoardId}.Authority.ConfigurationRevision,REQUIRED PRODUCTION,DAQ,Fixed DAQ/SC field ownership enforced by the OPC-UA gateway and board service; DPS has final inhibit,one per DAPHNE board,Shared OPC-UA gateway role and field-ownership contract,Baseline DCS,All states,State guard,Context,Read-Only,1000,On-Change
Authority,ConfigurationHash,nsu=urn:dune:pds:daphne;s=DAPHNE.Boards.{BoardId}.Authority.ConfigurationHash,REQUIRED PRODUCTION,DAQ,Fixed DAQ/SC field ownership enforced by the OPC-UA gateway and board service; DPS has final inhibit,one per DAPHNE board,Shared OPC-UA gateway role and field-ownership contract,Baseline DCS,All states,State guard,Context,Read-Only,1000,On-Change
Authority,ConfigurationValid,nsu=urn:dune:pds:daphne;s=DAPHNE.Boards.{BoardId}.Authority.ConfigurationValid,REQUIRED PRODUCTION,DAQ,Fixed DAQ/SC field ownership enforced by the OPC-UA gateway and board service; DPS has final inhibit,one per DAPHNE board,Shared OPC-UA gateway role and field-ownership contract,Baseline DCS,All states,State guard,Context,Read-Only,1000,On-Change
Authority,DaqConfigureAllowed,nsu=urn:dune:pds:daphne;s=DAPHNE.Boards.{BoardId}.Authority.DaqConfigureAllowed,REQUIRED PRODUCTION,DAQ,Fixed DAQ/SC field ownership enforced by the OPC-UA gateway and board service; DPS has final inhibit,one per DAPHNE board,Shared OPC-UA gateway role and field-ownership contract,Baseline DCS,All states,State guard,Context,Read-Only,1000,On-Change
Authority,SlowControlsPermit,nsu=urn:dune:pds:daphne;s=DAPHNE.Boards.{BoardId}.Authority.SlowControlsPermit,REQUIRED PRODUCTION,Slow Controls / DPS,Fixed DAQ/SC field ownership enforced by the OPC-UA gateway and board service; DPS has final inhibit,one per DAPHNE board,Shared OPC-UA gateway role and field-ownership contract,Baseline DCS,All states,State guard,Context,Read-Only,1000,On-Change
Authority,DpsPermit,nsu=urn:dune:pds:daphne;s=DAPHNE.Boards.{BoardId}.Authority.DpsPermit,REQUIRED PRODUCTION,Slow Controls / DPS,Fixed DAQ/SC field ownership enforced by the OPC-UA gateway and board service; DPS has final inhibit,one per DAPHNE board,Shared OPC-UA gateway role and field-ownership contract,Baseline DCS,All states,State guard,Context,Read-Only,1000,On-Change
Authority,ExternalConstraintRevision,nsu=urn:dune:pds:daphne;s=DAPHNE.Boards.{BoardId}.Authority.ExternalConstraintRevision,REQUIRED PRODUCTION,Slow Controls / DPS,SC/DPS supplies the scoped admission decision; the PDS gateway consumes it read-only and enforces the applicable guard,one per DAPHNE board,Approved site-specific interaction matrix and SC/DPS interface,Baseline DCS,All states,State guard,Context,Read-Only,1000,On-Change
Authority,ExternalConstraintStateFresh,nsu=urn:dune:pds:daphne;s=DAPHNE.Boards.{BoardId}.Authority.ExternalConstraintStateFresh,REQUIRED PRODUCTION,Slow Controls / DPS,SC/DPS supplies the scoped admission decision; the PDS gateway consumes it read-only and enforces the applicable guard,one per DAPHNE board,Approved site-specific interaction matrix and SC/DPS interface,Baseline DCS,All states,State guard,Context,Read-Only,1000,On-Change
Authority,ExternalActivityPermit,nsu=urn:dune:pds:daphne;s=DAPHNE.Boards.{BoardId}.Authority.ExternalActivityPermit,REQUIRED PRODUCTION,Slow Controls / DPS,SC/DPS supplies the scoped admission decision; the PDS gateway consumes it read-only and enforces the applicable guard,one per DAPHNE board,Approved site-specific interaction matrix and SC/DPS interface,Baseline DCS,All states,State guard,Context,Read-Only,1000,On-Change
Authority,ExternalActivityConflict,nsu=urn:dune:pds:daphne;s=DAPHNE.Boards.{BoardId}.Authority.ExternalActivityConflict,REQUIRED PRODUCTION,Slow Controls / DPS,SC/DPS supplies the scoped admission decision; the PDS gateway consumes it read-only and enforces the applicable guard,one per DAPHNE board,Approved site-specific interaction matrix and SC/DPS interface,Baseline DCS,All states,State guard,Context,Read-Only,1000,On-Change
Authority,SafeStateActive,nsu=urn:dune:pds:daphne;s=DAPHNE.Boards.{BoardId}.Authority.SafeStateActive,REQUIRED PRODUCTION,Slow Controls / DPS,Fixed DAQ/SC field ownership enforced by the OPC-UA gateway and board service; DPS has final inhibit,one per DAPHNE board,Shared OPC-UA gateway role and field-ownership contract,Baseline DCS,All states,State guard,Context,Read-Only,1000,On-Change
Authority,MaintenanceLock,nsu=urn:dune:pds:daphne;s=DAPHNE.Boards.{BoardId}.Authority.MaintenanceLock,REQUIRED PRODUCTION,Slow Controls / DPS,Fixed DAQ/SC field ownership enforced by the OPC-UA gateway and board service; DPS has final inhibit,one per DAPHNE board,Shared OPC-UA gateway role and field-ownership contract,Baseline DCS,All states,State guard,Context,Read-Only,1000,On-Change
Authority,LastOvertakeReason,nsu=urn:dune:pds:daphne;s=DAPHNE.Boards.{BoardId}.Authority.LastOvertakeReason,REQUIRED PRODUCTION,Slow Controls / DPS,Fixed DAQ/SC field ownership enforced by the OPC-UA gateway and board service; DPS has final inhibit,one per DAPHNE board,Shared OPC-UA gateway role and field-ownership contract,Baseline DCS,All states,State guard,Context,Read-Only,1000,On-Change
Authority,RecoveryRequired,nsu=urn:dune:pds:daphne;s=DAPHNE.Boards.{BoardId}.Authority.RecoveryRequired,REQUIRED PRODUCTION,DAQ,Fixed DAQ/SC field ownership enforced by the OPC-UA gateway and board service; DPS has final inhibit,one per DAPHNE board,Shared OPC-UA gateway role and field-ownership contract,Baseline DCS,All states,State guard,Context,Read-Only,1000,On-Change
Command Audit,LastCommandId,nsu=urn:dune:pds:daphne;s=DAPHNE.Boards.{BoardId}.Operations.LastCommandId,REQUIRED PRODUCTION,Board service (shared audit),Command broker,one per DAPHNE board,Production command-audit contract,Baseline DCS,All states,Audit,No,Read-Only,1000,On-Change
Command Audit,LastCommandName,nsu=urn:dune:pds:daphne;s=DAPHNE.Boards.{BoardId}.Operations.LastCommandName,REQUIRED PRODUCTION,Board service (shared audit),Command broker,one per DAPHNE board,Production command-audit contract,Baseline DCS,All states,Audit,No,Read-Only,1000,On-Change
Command Audit,LastCommandClass,nsu=urn:dune:pds:daphne;s=DAPHNE.Boards.{BoardId}.Operations.LastCommandClass,REQUIRED PRODUCTION,Board service (shared audit),Command broker,one per DAPHNE board,Production command-audit contract,Baseline DCS,All states,Audit,No,Read-Only,1000,On-Change
Command Audit,LastCommandRequester,nsu=urn:dune:pds:daphne;s=DAPHNE.Boards.{BoardId}.Operations.LastCommandRequester,REQUIRED PRODUCTION,Board service (shared audit),Command broker,one per DAPHNE board,Production command-audit contract,Baseline DCS,All states,Audit,No,Read-Only,1000,On-Change
Command Audit,LastCommandAuthority,nsu=urn:dune:pds:daphne;s=DAPHNE.Boards.{BoardId}.Operations.LastCommandAuthority,REQUIRED PRODUCTION,Board service (shared audit),Command broker,one per DAPHNE board,Production command-audit contract,Baseline DCS,All states,Audit,No,Read-Only,1000,On-Change
Command Audit,LastCommandRoute,nsu=urn:dune:pds:daphne;s=DAPHNE.Boards.{BoardId}.Operations.LastCommandRoute,REQUIRED PRODUCTION,Board service (shared audit),Command broker,one per DAPHNE board,Production command-audit contract,Baseline DCS,All states,Audit,No,Read-Only,1000,On-Change
Command Audit,LastCommandCorrelationId,nsu=urn:dune:pds:daphne;s=DAPHNE.Boards.{BoardId}.Operations.LastCommandCorrelationId,REQUIRED PRODUCTION,Board service (shared audit),Command broker,one per DAPHNE board,Production command-audit contract,Baseline DCS,All states,Audit,No,Read-Only,1000,On-Change
Command Audit,LastCommandRequestTime,nsu=urn:dune:pds:daphne;s=DAPHNE.Boards.{BoardId}.Operations.LastCommandRequestTime,REQUIRED PRODUCTION,Board service (shared audit),Command broker,one per DAPHNE board,Production command-audit contract,Baseline DCS,All states,Audit,No,Read-Only,1000,On-Change
Command Audit,LastCommandCompletionTime,nsu=urn:dune:pds:daphne;s=DAPHNE.Boards.{BoardId}.Operations.LastCommandCompletionTime,REQUIRED PRODUCTION,Board service (shared audit),Command broker,one per DAPHNE board,Production command-audit contract,Baseline DCS,All states,Audit,No,Read-Only,1000,On-Change
Command Audit,LastCommandState,nsu=urn:dune:pds:daphne;s=DAPHNE.Boards.{BoardId}.Operations.LastCommandState,REQUIRED PRODUCTION,Board service (shared audit),Command broker,one per DAPHNE board,Production command-audit contract,Baseline DCS,All states,Audit,No,Read-Only,1000,On-Change
Command Audit,LastCommandResult,nsu=urn:dune:pds:daphne;s=DAPHNE.Boards.{BoardId}.Operations.LastCommandResult,REQUIRED PRODUCTION,Board service (shared audit),Command broker,one per DAPHNE board,Production command-audit contract,Baseline DCS,All states,Audit,No,Read-Only,1000,On-Change
Command Audit,LastCommandReadbackVerified,nsu=urn:dune:pds:daphne;s=DAPHNE.Boards.{BoardId}.Operations.LastCommandReadbackVerified,REQUIRED PRODUCTION,Board service (shared audit),Command broker,one per DAPHNE board,Production command-audit contract,Baseline DCS,All states,Audit,No,Read-Only,1000,On-Change
Identity,BoardId,nsu=urn:dune:pds:daphne;s=DAPHNE.Boards.{BoardId}.Identity.BoardId,REQUIRED PRODUCTION,HWDB / network authority; SC monitors,Read-only; expected values owned by HWDB/network authority,one per DAPHNE board,HWDB / deployment inventory,Baseline DCS,All states,Configuration mismatch,No,Read-Only,60000,On-Change
Identity,HardwareDatabaseId,nsu=urn:dune:pds:daphne;s=DAPHNE.Boards.{BoardId}.Identity.HardwareDatabaseId,REQUIRED PRODUCTION,HWDB / network authority; SC monitors,Read-only; expected values owned by HWDB/network authority,one per DAPHNE board,HWDB,Baseline DCS,All states,Configuration mismatch,No,Read-Only,60000,On-Change
Identity,AssetTag,nsu=urn:dune:pds:daphne;s=DAPHNE.Boards.{BoardId}.Identity.AssetTag,REQUIRED PRODUCTION,HWDB / network authority; SC monitors,Read-only; expected values owned by HWDB/network authority,one per DAPHNE board,HWDB + physical label,Baseline DCS,All states,Configuration mismatch,No,Read-Only,60000,On-Change
Identity,Detector,nsu=urn:dune:pds:daphne;s=DAPHNE.Boards.{BoardId}.Identity.Detector,REQUIRED PRODUCTION,HWDB / network authority; SC monitors,Read-only; expected values owned by HWDB/network authority,one per DAPHNE board,HWDB,Baseline DCS,All states,Configuration mismatch,No,Read-Only,60000,On-Change
Identity,DetectorVariant,nsu=urn:dune:pds:daphne;s=DAPHNE.Boards.{BoardId}.Identity.DetectorVariant,REQUIRED PRODUCTION,HWDB / network authority; SC monitors,Read-only; expected values owned by HWDB/network authority,one per DAPHNE board,HWDB,Baseline DCS,All states,Configuration mismatch,No,Read-Only,60000,On-Change
Identity,GeographicLocation,nsu=urn:dune:pds:daphne;s=DAPHNE.Boards.{BoardId}.Identity.GeographicLocation,REQUIRED PRODUCTION,HWDB / network authority; SC monitors,Read-only; expected values owned by HWDB/network authority,one per DAPHNE board,HWDB,Baseline DCS,All states,Configuration mismatch,No,Read-Only,60000,On-Change
Identity,SomProduct,nsu=urn:dune:pds:daphne;s=DAPHNE.Boards.{BoardId}.Identity.SomProduct,LOCAL READABLE,HWDB / network authority; SC monitors,Read-only; expected values owned by HWDB/network authority,one per DAPHNE board,K26 EEPROM 0x50,Baseline DCS,All states,Configuration mismatch,No,Read-Only,60000,On-Change
Identity,SomSerial,nsu=urn:dune:pds:daphne;s=DAPHNE.Boards.{BoardId}.Identity.SomSerial,LOCAL READABLE,HWDB / network authority; SC monitors,Read-only; expected values owned by HWDB/network authority,one per DAPHNE board,K26 EEPROM 0x50,Baseline DCS,All states,Configuration mismatch,No,Read-Only,60000,On-Change
Identity,SomUuid,nsu=urn:dune:pds:daphne;s=DAPHNE.Boards.{BoardId}.Identity.SomUuid,LOCAL READABLE,HWDB / network authority; SC monitors,Read-only; expected values owned by HWDB/network authority,one per DAPHNE board,K26 EEPROM 0x50,Baseline DCS,All states,Configuration mismatch,No,Read-Only,60000,On-Change
Identity,CarrierRevision,nsu=urn:dune:pds:daphne;s=DAPHNE.Boards.{BoardId}.Identity.CarrierRevision,REQUIRED PRODUCTION,HWDB / network authority; SC monitors,Read-only; expected values owned by HWDB/network authority,one per DAPHNE board,HWDB + asset record,Baseline DCS,All states,Configuration mismatch,No,Read-Only,60000,On-Change
Identity,FactoryMac,nsu=urn:dune:pds:daphne;s=DAPHNE.Boards.{BoardId}.Identity.FactoryMac,LOCAL READABLE,HWDB / network authority; SC monitors,Read-only; expected values owned by HWDB/network authority,one per DAPHNE board,K26 EEPROM 0x50,Baseline DCS,All states,Configuration mismatch,No,Read-Only,60000,On-Change
Identity,ApprovedMac,nsu=urn:dune:pds:daphne;s=DAPHNE.Boards.{BoardId}.Identity.ApprovedMac,REQUIRED PRODUCTION,HWDB / network authority; SC monitors,Read-only; expected values owned by HWDB/network authority,one per DAPHNE board,HWDB / network authority,Baseline DCS,All states,Configuration mismatch,No,Read-Only,60000,On-Change
Identity,MacIdentityMatch,nsu=urn:dune:pds:daphne;s=DAPHNE.Boards.{BoardId}.Identity.MacIdentityMatch,REQUIRED PRODUCTION,HWDB / network authority; SC monitors,Read-only; expected values owned by HWDB/network authority,one per DAPHNE board,Derived identity check,Baseline DCS,All states,Configuration mismatch,No,Read-Only,60000,On-Change
Identity,Hostname,nsu=urn:dune:pds:daphne;s=DAPHNE.Boards.{BoardId}.Identity.Hostname,LOCAL READABLE,HWDB / network authority; SC monitors,Read-only; expected values owned by HWDB/network authority,one per DAPHNE board,Linux + board configuration,Baseline DCS,All states,Configuration mismatch,No,Read-Only,60000,On-Change
Identity,ExpectedHostname,nsu=urn:dune:pds:daphne;s=DAPHNE.Boards.{BoardId}.Identity.ExpectedHostname,REQUIRED PRODUCTION,HWDB / network authority; SC monitors,Read-only; expected values owned by HWDB/network authority,one per DAPHNE board,HWDB / deployment inventory,Baseline DCS,All states,Configuration mismatch,No,Read-Only,60000,On-Change
Identity,HostnameMatch,nsu=urn:dune:pds:daphne;s=DAPHNE.Boards.{BoardId}.Identity.HostnameMatch,REQUIRED PRODUCTION,HWDB / network authority; SC monitors,Read-only; expected values owned by HWDB/network authority,one per DAPHNE board,Derived identity check,Baseline DCS,All states,Configuration mismatch,No,Read-Only,60000,On-Change
Identity,TimingEndpointAddress,nsu=urn:dune:pds:daphne;s=DAPHNE.Boards.{BoardId}.Identity.TimingEndpointAddress,REQUIRED PRODUCTION,DAQ / DTS,Read-only; expected values owned by HWDB/network authority,one per DAPHNE board,endpointControl.ADDRESS / board inventory,Baseline DCS,All states,Configuration mismatch,No,Read-Only,60000,On-Change
Identity,CrateId,nsu=urn:dune:pds:daphne;s=DAPHNE.Boards.{BoardId}.Identity.CrateId,LOCAL READABLE,DAQ,Read-only; expected values owned by HWDB/network authority,one per DAPHNE board,FpgaRegDict.idCrate,Baseline DCS,All states,Configuration mismatch,No,Read-Only,60000,On-Change
Identity,SlotId,nsu=urn:dune:pds:daphne;s=DAPHNE.Boards.{BoardId}.Identity.SlotId,LOCAL READABLE,DAQ,Read-only; expected values owned by HWDB/network authority,one per DAPHNE board,FpgaRegDict.idSlot,Baseline DCS,All states,Configuration mismatch,No,Read-Only,60000,On-Change
Identity,LinkId,nsu=urn:dune:pds:daphne;s=DAPHNE.Boards.{BoardId}.Identity.LinkId,LOCAL READABLE,DAQ,Read-only; expected values owned by HWDB/network authority,one per DAPHNE board,FpgaRegDict.idLink,Baseline DCS,All states,Configuration mismatch,No,Read-Only,60000,On-Change
Identity,DetectorId,nsu=urn:dune:pds:daphne;s=DAPHNE.Boards.{BoardId}.Identity.DetectorId,LOCAL READABLE,DAQ,Read-only; expected values owned by HWDB/network authority,one per DAPHNE board,FpgaRegDict.idDetector,Baseline DCS,All states,Configuration mismatch,No,Read-Only,60000,On-Change
Identity,RegisterMapVersion,nsu=urn:dune:pds:daphne;s=DAPHNE.Boards.{BoardId}.Identity.RegisterMapVersion,LOCAL READABLE,HWDB / network authority; SC monitors,Read-only; expected values owned by HWDB/network authority,one per DAPHNE board,FpgaRegDict.idVersion,Baseline DCS,All states,Configuration mismatch,No,Read-Only,60000,On-Change
Management Network,Name,nsu=urn:dune:pds:daphne;s=DAPHNE.Boards.{BoardId}.Network.Interfaces.{Interface}.Name,REQUIRED PRODUCTION,Slow Controls,Read-only; network assignment owned externally,per interface; baseline instance eth0,Linux rtnetlink/sysfs plus HWDB/network inventory,Baseline DCS,All states,Network health,No,Read-Only,30000,On-Change
Management Network,MacAddress,nsu=urn:dune:pds:daphne;s=DAPHNE.Boards.{BoardId}.Network.Interfaces.{Interface}.MacAddress,REQUIRED PRODUCTION,Slow Controls,Read-only; network assignment owned externally,per interface; baseline instance eth0,Linux rtnetlink/sysfs plus HWDB/network inventory,Baseline DCS,All states,Network health,No,Read-Only,30000,On-Change
Management Network,PermanentMacAddress,nsu=urn:dune:pds:daphne;s=DAPHNE.Boards.{BoardId}.Network.Interfaces.{Interface}.PermanentMacAddress,REQUIRED PRODUCTION,Slow Controls,Read-only; network assignment owned externally,per interface; baseline instance eth0,Linux rtnetlink/sysfs plus HWDB/network inventory,Baseline DCS,All states,Network health,No,Read-Only,30000,On-Change
Management Network,Ipv4Address,nsu=urn:dune:pds:daphne;s=DAPHNE.Boards.{BoardId}.Network.Interfaces.{Interface}.Ipv4Address,REQUIRED PRODUCTION,Slow Controls,Read-only; network assignment owned externally,per interface; baseline instance eth0,Linux rtnetlink/sysfs plus HWDB/network inventory,Baseline DCS,All states,Network health,No,Read-Only,30000,On-Change
Management Network,PrefixLength,nsu=urn:dune:pds:daphne;s=DAPHNE.Boards.{BoardId}.Network.Interfaces.{Interface}.PrefixLength,REQUIRED PRODUCTION,Slow Controls,Read-only; network assignment owned externally,per interface; baseline instance eth0,Linux rtnetlink/sysfs plus HWDB/network inventory,Baseline DCS,All states,Network health,No,Read-Only,30000,On-Change
Management Network,DefaultGateway,nsu=urn:dune:pds:daphne;s=DAPHNE.Boards.{BoardId}.Network.Interfaces.{Interface}.DefaultGateway,REQUIRED PRODUCTION,Slow Controls,Read-only; network assignment owned externally,per interface; baseline instance eth0,Linux rtnetlink/sysfs plus HWDB/network inventory,Baseline DCS,All states,Network health,No,Read-Only,30000,On-Change
Management Network,DnsServers,nsu=urn:dune:pds:daphne;s=DAPHNE.Boards.{BoardId}.Network.Interfaces.{Interface}.DnsServers,REQUIRED PRODUCTION,Slow Controls,Read-only; network assignment owned externally,per interface; baseline instance eth0,Linux rtnetlink/sysfs plus HWDB/network inventory,Baseline DCS,All states,Network health,No,Read-Only,30000,On-Change
Management Network,VlanId,nsu=urn:dune:pds:daphne;s=DAPHNE.Boards.{BoardId}.Network.Interfaces.{Interface}.VlanId,REQUIRED PRODUCTION,Slow Controls,Read-only; network assignment owned externally,per interface; baseline instance eth0,Linux rtnetlink/sysfs plus HWDB/network inventory,Baseline DCS,All states,Network health,No,Read-Only,30000,On-Change
Management Network,OperationalState,nsu=urn:dune:pds:daphne;s=DAPHNE.Boards.{BoardId}.Network.Interfaces.{Interface}.OperationalState,REQUIRED PRODUCTION,Slow Controls,Read-only; network assignment owned externally,per interface; baseline instance eth0,Linux rtnetlink/sysfs plus HWDB/network inventory,Baseline DCS,All states,Network health,No,Read-Only,30000,On-Change
Management Network,Carrier,nsu=urn:dune:pds:daphne;s=DAPHNE.Boards.{BoardId}.Network.Interfaces.{Interface}.Carrier,REQUIRED PRODUCTION,Slow Controls,Read-only; network assignment owned externally,per interface; baseline instance eth0,Linux rtnetlink/sysfs plus HWDB/network inventory,Baseline DCS,All states,Network health,No,Read-Only,10000,On-Change
Management Network,SpeedMbps,nsu=urn:dune:pds:daphne;s=DAPHNE.Boards.{BoardId}.Network.Interfaces.{Interface}.SpeedMbps,REQUIRED PRODUCTION,Slow Controls,Read-only; network assignment owned externally,per interface; baseline instance eth0,Linux rtnetlink/sysfs plus HWDB/network inventory,Baseline DCS,All states,Network health,No,Read-Only,30000,On-Change
Management Network,Duplex,nsu=urn:dune:pds:daphne;s=DAPHNE.Boards.{BoardId}.Network.Interfaces.{Interface}.Duplex,REQUIRED PRODUCTION,Slow Controls,Read-only; network assignment owned externally,per interface; baseline instance eth0,Linux rtnetlink/sysfs plus HWDB/network inventory,Baseline DCS,All states,Network health,No,Read-Only,30000,On-Change
Management Network,MtuBytes,nsu=urn:dune:pds:daphne;s=DAPHNE.Boards.{BoardId}.Network.Interfaces.{Interface}.MtuBytes,REQUIRED PRODUCTION,Slow Controls,Read-only; network assignment owned externally,per interface; baseline instance eth0,Linux rtnetlink/sysfs plus HWDB/network inventory,Baseline DCS,All states,Network health,No,Read-Only,30000,10000
Management Network,RxBytes,nsu=urn:dune:pds:daphne;s=DAPHNE.Boards.{BoardId}.Network.Interfaces.{Interface}.RxBytes,REQUIRED PRODUCTION,Slow Controls,Read-only; network assignment owned externally,per interface; baseline instance eth0,Linux rtnetlink/sysfs plus HWDB/network inventory,Baseline DCS,All states,Network health,No,Read-Only,30000,10000
Management Network,RxPackets,nsu=urn:dune:pds:daphne;s=DAPHNE.Boards.{BoardId}.Network.Interfaces.{Interface}.RxPackets,REQUIRED PRODUCTION,Slow Controls,Read-only; network assignment owned externally,per interface; baseline instance eth0,Linux rtnetlink/sysfs plus HWDB/network inventory,Baseline DCS,All states,Network health,No,Read-Only,30000,10000
Management Network,RxErrors,nsu=urn:dune:pds:daphne;s=DAPHNE.Boards.{BoardId}.Network.Interfaces.{Interface}.RxErrors,REQUIRED PRODUCTION,Slow Controls,Read-only; network assignment owned externally,per interface; baseline instance eth0,Linux rtnetlink/sysfs plus HWDB/network inventory,Baseline DCS,All states,Network health,No,Read-Only,30000,10000
Management Network,RxDropped,nsu=urn:dune:pds:daphne;s=DAPHNE.Boards.{BoardId}.Network.Interfaces.{Interface}.RxDropped,REQUIRED PRODUCTION,Slow Controls,Read-only; network assignment owned externally,per interface; baseline instance eth0,Linux rtnetlink/sysfs plus HWDB/network inventory,Baseline DCS,All states,Network health,No,Read-Only,30000,10000
Management Network,TxBytes,nsu=urn:dune:pds:daphne;s=DAPHNE.Boards.{BoardId}.Network.Interfaces.{Interface}.TxBytes,REQUIRED PRODUCTION,Slow Controls,Read-only; network assignment owned externally,per interface; baseline instance eth0,Linux rtnetlink/sysfs plus HWDB/network inventory,Baseline DCS,All states,Network health,No,Read-Only,30000,10000
Management Network,TxPackets,nsu=urn:dune:pds:daphne;s=DAPHNE.Boards.{BoardId}.Network.Interfaces.{Interface}.TxPackets,REQUIRED PRODUCTION,Slow Controls,Read-only; network assignment owned externally,per interface; baseline instance eth0,Linux rtnetlink/sysfs plus HWDB/network inventory,Baseline DCS,All states,Network health,No,Read-Only,30000,10000
Management Network,TxErrors,nsu=urn:dune:pds:daphne;s=DAPHNE.Boards.{BoardId}.Network.Interfaces.{Interface}.TxErrors,REQUIRED PRODUCTION,Slow Controls,Read-only; network assignment owned externally,per interface; baseline instance eth0,Linux rtnetlink/sysfs plus HWDB/network inventory,Baseline DCS,All states,Network health,No,Read-Only,30000,10000
Management Network,TxDropped,nsu=urn:dune:pds:daphne;s=DAPHNE.Boards.{BoardId}.Network.Interfaces.{Interface}.TxDropped,REQUIRED PRODUCTION,Slow Controls,Read-only; network assignment owned externally,per interface; baseline instance eth0,Linux rtnetlink/sysfs plus HWDB/network inventory,Baseline DCS,All states,Network health,No,Read-Only,30000,10000
Management Network,LinkChangeCount,nsu=urn:dune:pds:daphne;s=DAPHNE.Boards.{BoardId}.Network.Interfaces.{Interface}.LinkChangeCount,REQUIRED PRODUCTION,Slow Controls,Read-only; network assignment owned externally,per interface; baseline instance eth0,Linux rtnetlink/sysfs plus HWDB/network inventory,Baseline DCS,All states,Network health,No,Read-Only,30000,On-Change
Management Network,ConfigurationMatch,nsu=urn:dune:pds:daphne;s=DAPHNE.Boards.{BoardId}.Network.Interfaces.{Interface}.ConfigurationMatch,REQUIRED PRODUCTION,Slow Controls,Read-only; network assignment owned externally,per interface; baseline instance eth0,Linux rtnetlink/sysfs plus HWDB/network inventory,Baseline DCS,All states,Network health,No,Read-Only,10000,On-Change
Host,CurrentUtc,nsu=urn:dune:pds:daphne;s=DAPHNE.Boards.{BoardId}.Host.CurrentUtc,REQUIRED PRODUCTION,Slow Controls,Read-only,one per DAPHNE board,Linux clock,Baseline DCS,All states,Host health,No,Read-Only,60000,On-Change
Host,UnixTimeNs,nsu=urn:dune:pds:daphne;s=DAPHNE.Boards.{BoardId}.Host.UnixTimeNs,REQUIRED PRODUCTION,Slow Controls,Read-only,one per DAPHNE board,Linux clock,Baseline DCS,All states,Host health,No,Read-Only,60000,On-Change
Host,UptimeSeconds,nsu=urn:dune:pds:daphne;s=DAPHNE.Boards.{BoardId}.Host.UptimeSeconds,REQUIRED PRODUCTION,Slow Controls,Read-only,one per DAPHNE board,Linux /proc/uptime,Baseline DCS,All states,Host health,No,Read-Only,60000,On-Change
Host,BootId,nsu=urn:dune:pds:daphne;s=DAPHNE.Boards.{BoardId}.Host.BootId,REQUIRED PRODUCTION,Slow Controls,Read-only,one per DAPHNE board,Linux /proc/sys/kernel/random/boot_id,Baseline DCS,All states,Host health,No,Read-Only,60000,On-Change
Host,BootTime,nsu=urn:dune:pds:daphne;s=DAPHNE.Boards.{BoardId}.Host.BootTime,REQUIRED PRODUCTION,Slow Controls,Read-only,one per DAPHNE board,CurrentUtc - UptimeSeconds,Baseline DCS,All states,Host health,No,Read-Only,60000,On-Change
Host,KernelRelease,nsu=urn:dune:pds:daphne;s=DAPHNE.Boards.{BoardId}.Host.KernelRelease,REQUIRED PRODUCTION,Slow Controls,Read-only,one per DAPHNE board,uname,Baseline DCS,All states,Host health,No,Read-Only,60000,On-Change
Host,OperatingSystemVersion,nsu=urn:dune:pds:daphne;s=DAPHNE.Boards.{BoardId}.Host.OperatingSystemVersion,REQUIRED PRODUCTION,Slow Controls,Read-only,one per DAPHNE board,/etc/os-release,Baseline DCS,All states,Host health,No,Read-Only,60000,On-Change
Host,RootFilesystemBuildId,nsu=urn:dune:pds:daphne;s=DAPHNE.Boards.{BoardId}.Host.RootFilesystemBuildId,REQUIRED PRODUCTION,Slow Controls,Read-only,one per DAPHNE board,release manifest,Baseline DCS,All states,Host health,No,Read-Only,60000,On-Change
Host,ActiveBootSlot,nsu=urn:dune:pds:daphne;s=DAPHNE.Boards.{BoardId}.Host.ActiveBootSlot,REQUIRED PRODUCTION,Slow Controls,Read-only,one per DAPHNE board,boot-state service/U-Boot env,Baseline DCS,All states,Host health,No,Read-Only,60000,On-Change
Host,BootMarkedGood,nsu=urn:dune:pds:daphne;s=DAPHNE.Boards.{BoardId}.Host.BootMarkedGood,REQUIRED PRODUCTION,Slow Controls,Read-only,one per DAPHNE board,daphne-boot-ok.service,Baseline DCS,All states,Host health,No,Read-Only,10000,On-Change
Host,LastResetReason,nsu=urn:dune:pds:daphne;s=DAPHNE.Boards.{BoardId}.Host.LastResetReason,REQUIRED PRODUCTION,Slow Controls,Read-only,one per DAPHNE board,kernel/PMU/boot evidence,Baseline DCS,All states,Host health,No,Read-Only,60000,On-Change
Host,WatchdogHealthy,nsu=urn:dune:pds:daphne;s=DAPHNE.Boards.{BoardId}.Host.WatchdogHealthy,REQUIRED PRODUCTION,Slow Controls,Read-only,one per DAPHNE board,watchdog/sysfs,Baseline DCS,All states,Host health,No,Read-Only,10000,On-Change
Host,NtpSynchronized,nsu=urn:dune:pds:daphne;s=DAPHNE.Boards.{BoardId}.Host.NtpSynchronized,REQUIRED PRODUCTION,Slow Controls,Read-only,one per DAPHNE board,timesync service,Baseline DCS,All states,Host health,No,Read-Only,10000,On-Change
Host,NtpOffsetMilliseconds,nsu=urn:dune:pds:daphne;s=DAPHNE.Boards.{BoardId}.Host.NtpOffsetMilliseconds,REQUIRED PRODUCTION,Slow Controls,Read-only,one per DAPHNE board,timesync service,Baseline DCS,All states,Host health,No,Read-Only,10000,On-Change
Host,TimeSource,nsu=urn:dune:pds:daphne;s=DAPHNE.Boards.{BoardId}.Host.TimeSource,REQUIRED PRODUCTION,Slow Controls,Read-only,one per DAPHNE board,timesync service,Baseline DCS,All states,Host health,No,Read-Only,60000,On-Change
Host,CpuLoad1Minute,nsu=urn:dune:pds:daphne;s=DAPHNE.Boards.{BoardId}.Host.CpuLoad1Minute,REQUIRED PRODUCTION,Slow Controls,Read-only,one per DAPHNE board,/proc/loadavg,Baseline DCS,All states,Host health,No,Read-Only,10000,On-Change
Host,MemoryAvailableBytes,nsu=urn:dune:pds:daphne;s=DAPHNE.Boards.{BoardId}.Host.MemoryAvailableBytes,REQUIRED PRODUCTION,Slow Controls,Read-only,one per DAPHNE board,/proc/meminfo,Baseline DCS,All states,Host health,No,Read-Only,60000,On-Change
Host,RootFilesystemFreeBytes,nsu=urn:dune:pds:daphne;s=DAPHNE.Boards.{BoardId}.Host.RootFilesystemFreeBytes,REQUIRED PRODUCTION,Slow Controls,Read-only,one per DAPHNE board,statvfs,Baseline DCS,All states,Host health,No,Read-Only,60000,On-Change
Host,RootFilesystemReadOnly,nsu=urn:dune:pds:daphne;s=DAPHNE.Boards.{BoardId}.Host.RootFilesystemReadOnly,REQUIRED PRODUCTION,Slow Controls,Read-only,one per DAPHNE board,mount state,Baseline DCS,All states,Host health,No,Read-Only,10000,On-Change
Services,Active,nsu=urn:dune:pds:daphne;s=DAPHNE.Boards.{BoardId}.Services.{Service}.Active,CURRENT PROTOBUF,Slow Controls,Read-only; service recovery owned by PDS operations,per required service; see Instance Sets,SlowControlStatusResponse.ServiceStatus / systemd,Baseline DCS,All states,Service fault,Readiness,Read-Only,5000,On-Change
Services,State,nsu=urn:dune:pds:daphne;s=DAPHNE.Boards.{BoardId}.Services.{Service}.State,CURRENT PROTOBUF,Slow Controls,Read-only; service recovery owned by PDS operations,per required service; see Instance Sets,SlowControlStatusResponse.ServiceStatus / systemd,Baseline DCS,All states,Service fault,Readiness,Read-Only,5000,On-Change
Services,MainPid,nsu=urn:dune:pds:daphne;s=DAPHNE.Boards.{BoardId}.Services.{Service}.MainPid,REQUIRED PRODUCTION,Slow Controls,Read-only; service recovery owned by PDS operations,per required service; see Instance Sets,SlowControlStatusResponse.ServiceStatus / systemd,Baseline DCS,All states,Service fault,Readiness,Read-Only,5000,On-Change
Services,RestartCount,nsu=urn:dune:pds:daphne;s=DAPHNE.Boards.{BoardId}.Services.{Service}.RestartCount,REQUIRED PRODUCTION,Slow Controls,Read-only; service recovery owned by PDS operations,per required service; see Instance Sets,SlowControlStatusResponse.ServiceStatus / systemd,Baseline DCS,All states,Service fault,Readiness,Read-Only,5000,On-Change
Services,StartTime,nsu=urn:dune:pds:daphne;s=DAPHNE.Boards.{BoardId}.Services.{Service}.StartTime,REQUIRED PRODUCTION,Slow Controls,Read-only; service recovery owned by PDS operations,per required service; see Instance Sets,SlowControlStatusResponse.ServiceStatus / systemd,Baseline DCS,All states,Service fault,Readiness,Read-Only,5000,On-Change
Services,LastExitStatus,nsu=urn:dune:pds:daphne;s=DAPHNE.Boards.{BoardId}.Services.{Service}.LastExitStatus,REQUIRED PRODUCTION,Slow Controls,Read-only; service recovery owned by PDS operations,per required service; see Instance Sets,SlowControlStatusResponse.ServiceStatus / systemd,Baseline DCS,All states,Service fault,Readiness,Read-Only,5000,On-Change
OPC-UA Bridge,Heartbeat,nsu=urn:dune:pds:daphne;s=DAPHNE.Boards.{BoardId}.Bridge.Heartbeat,CURRENT OPC-UA POC,PDS OPC-UA gateway service,Neutral PDS gateway deployment shared by DAQ and SC,one per bridge shard,NP04 bridge for current fields; production shared-gateway contract otherwise,Baseline DCS,All states,Bridge health,No,Read-Only,1000,On-Change
OPC-UA Bridge,Version,nsu=urn:dune:pds:daphne;s=DAPHNE.Boards.{BoardId}.Bridge.Version,CURRENT OPC-UA POC,PDS OPC-UA gateway service,Neutral PDS gateway deployment shared by DAQ and SC,one per bridge shard,NP04 bridge for current fields; production shared-gateway contract otherwise,Baseline DCS,All states,Bridge health,No,Read-Only,30000,On-Change
OPC-UA Bridge,ConfigurationPath,nsu=urn:dune:pds:daphne;s=DAPHNE.Boards.{BoardId}.Bridge.ConfigurationPath,CURRENT OPC-UA POC,PDS OPC-UA gateway service,Neutral PDS gateway deployment shared by DAQ and SC,one per bridge shard,NP04 bridge for current fields; production shared-gateway contract otherwise,Baseline DCS,All states,Bridge health,No,Read-Only,30000,On-Change
OPC-UA Bridge,ConfigurationHash,nsu=urn:dune:pds:daphne;s=DAPHNE.Boards.{BoardId}.Bridge.ConfigurationHash,REQUIRED PRODUCTION,PDS OPC-UA gateway service,Neutral PDS gateway deployment shared by DAQ and SC,one per bridge shard,NP04 bridge for current fields; production shared-gateway contract otherwise,Baseline DCS,All states,Bridge health,No,Read-Only,30000,On-Change
OPC-UA Bridge,NamespaceVersion,nsu=urn:dune:pds:daphne;s=DAPHNE.Boards.{BoardId}.Bridge.NamespaceVersion,REQUIRED PRODUCTION,PDS OPC-UA gateway service,Neutral PDS gateway deployment shared by DAQ and SC,one per bridge shard,NP04 bridge for current fields; production shared-gateway contract otherwise,Baseline DCS,All states,Bridge health,No,Read-Only,30000,On-Change
OPC-UA Bridge,BoardCount,nsu=urn:dune:pds:daphne;s=DAPHNE.Boards.{BoardId}.Bridge.BoardCount,CURRENT OPC-UA POC,PDS OPC-UA gateway service,Neutral PDS gateway deployment shared by DAQ and SC,one per bridge shard,NP04 bridge for current fields; production shared-gateway contract otherwise,Baseline DCS,All states,Bridge health,No,Read-Only,30000,On-Change
OPC-UA Bridge,WorkerCount,nsu=urn:dune:pds:daphne;s=DAPHNE.Boards.{BoardId}.Bridge.WorkerCount,CURRENT OPC-UA POC,PDS OPC-UA gateway service,Neutral PDS gateway deployment shared by DAQ and SC,one per bridge shard,NP04 bridge for current fields; production shared-gateway contract otherwise,Baseline DCS,All states,Bridge health,No,Read-Only,30000,On-Change
OPC-UA Bridge,CertificateNotAfter,nsu=urn:dune:pds:daphne;s=DAPHNE.Boards.{BoardId}.Bridge.CertificateNotAfter,REQUIRED PRODUCTION,PDS OPC-UA gateway service,Neutral PDS gateway deployment shared by DAQ and SC,one per bridge shard,NP04 bridge for current fields; production shared-gateway contract otherwise,Baseline DCS,All states,Bridge health,No,Read-Only,30000,On-Change
OPC-UA Bridge,RejectedSessionCount,nsu=urn:dune:pds:daphne;s=DAPHNE.Boards.{BoardId}.Bridge.RejectedSessionCount,REQUIRED PRODUCTION,PDS OPC-UA gateway service,Neutral PDS gateway deployment shared by DAQ and SC,one per bridge shard,NP04 bridge for current fields; production shared-gateway contract otherwise,Baseline DCS,All states,Bridge health,No,Read-Only,30000,On-Change
OPC-UA Bridge,PollTimeoutCount,nsu=urn:dune:pds:daphne;s=DAPHNE.Boards.{BoardId}.Bridge.PollTimeoutCount,REQUIRED PRODUCTION,PDS OPC-UA gateway service,Neutral PDS gateway deployment shared by DAQ and SC,one per bridge shard,NP04 bridge for current fields; production shared-gateway contract otherwise,Baseline DCS,All states,Bridge health,No,Read-Only,30000,On-Change
OPC-UA Bridge,PollErrorCount,nsu=urn:dune:pds:daphne;s=DAPHNE.Boards.{BoardId}.Bridge.PollErrorCount,REQUIRED PRODUCTION,PDS OPC-UA gateway service,Neutral PDS gateway deployment shared by DAQ and SC,one per bridge shard,NP04 bridge for current fields; production shared-gateway contract otherwise,Baseline DCS,All states,Bridge health,No,Read-Only,30000,On-Change
OPC-UA Bridge,BackendProtocolVersion,nsu=urn:dune:pds:daphne;s=DAPHNE.Boards.{BoardId}.Bridge.BackendProtocolVersion,REQUIRED PRODUCTION,PDS OPC-UA gateway service,Neutral PDS gateway deployment shared by DAQ and SC,one per bridge shard,NP04 bridge for current fields; production shared-gateway contract otherwise,Baseline DCS,All states,Bridge health,No,Read-Only,30000,On-Change
OPC-UA Bridge,BackendCompatibilityState,nsu=urn:dune:pds:daphne;s=DAPHNE.Boards.{BoardId}.Bridge.BackendCompatibilityState,REQUIRED PRODUCTION,PDS OPC-UA gateway service,Neutral PDS gateway deployment shared by DAQ and SC,one per bridge shard,NP04 bridge for current fields; production shared-gateway contract otherwise,Baseline DCS,All states,Bridge health,No,Read-Only,30000,On-Change
OPC-UA Bridge,ActiveDaqSessionCount,nsu=urn:dune:pds:daphne;s=DAPHNE.Boards.{BoardId}.Bridge.ActiveDaqSessionCount,REQUIRED PRODUCTION,PDS OPC-UA gateway service,Neutral PDS gateway deployment shared by DAQ and SC,one per bridge shard,NP04 bridge for current fields; production shared-gateway contract otherwise,Baseline DCS,All states,Bridge health,No,Read-Only,30000,On-Change
OPC-UA Bridge,ActiveSlowControlsSessionCount,nsu=urn:dune:pds:daphne;s=DAPHNE.Boards.{BoardId}.Bridge.ActiveSlowControlsSessionCount,REQUIRED PRODUCTION,PDS OPC-UA gateway service,Neutral PDS gateway deployment shared by DAQ and SC,one per bridge shard,NP04 bridge for current fields; production shared-gateway contract otherwise,Baseline DCS,All states,Bridge health,No,Read-Only,30000,On-Change
OPC-UA Bridge,UnauthorizedMethodCount,nsu=urn:dune:pds:daphne;s=DAPHNE.Boards.{BoardId}.Bridge.UnauthorizedMethodCount,REQUIRED PRODUCTION,PDS OPC-UA gateway service,Neutral PDS gateway deployment shared by DAQ and SC,one per bridge shard,NP04 bridge for current fields; production shared-gateway contract otherwise,Baseline DCS,All states,Bridge health,No,Read-Only,30000,On-Change
OPC-UA Bridge,CommandQueueDepth,nsu=urn:dune:pds:daphne;s=DAPHNE.Boards.{BoardId}.Bridge.CommandQueueDepth,REQUIRED PRODUCTION,PDS OPC-UA gateway service,Neutral PDS gateway deployment shared by DAQ and SC,one per bridge shard,NP04 bridge for current fields; production shared-gateway contract otherwise,Baseline DCS,All states,Bridge health,No,Read-Only,30000,On-Change
OPC-UA Bridge,TranslationErrorCount,nsu=urn:dune:pds:daphne;s=DAPHNE.Boards.{BoardId}.Bridge.TranslationErrorCount,REQUIRED PRODUCTION,PDS OPC-UA gateway service,Neutral PDS gateway deployment shared by DAQ and SC,one per bridge shard,NP04 bridge for current fields; production shared-gateway contract otherwise,Baseline DCS,All states,Bridge health,No,Read-Only,30000,On-Change
Firmware,Loaded,nsu=urn:dune:pds:daphne;s=DAPHNE.Boards.{BoardId}.Firmware.Loaded,CURRENT PROTOBUF,Slow Controls,Read-only; updates are expert maintenance,one per DAPHNE board,SlowControlStatusResponse.FirmwareStatus.loaded,Baseline DCS,All states,Firmware readiness,Readiness,Read-Only,5000,On-Change
Firmware,FpgaManagerState,nsu=urn:dune:pds:daphne;s=DAPHNE.Boards.{BoardId}.Firmware.FpgaManagerState,CURRENT PROTOBUF,Slow Controls,Read-only; updates are expert maintenance,one per DAPHNE board,FirmwareStatus.fpga_manager_state,Baseline DCS,All states,Firmware readiness,Readiness,Read-Only,30000,On-Change
Firmware,OverlayName,nsu=urn:dune:pds:daphne;s=DAPHNE.Boards.{BoardId}.Firmware.OverlayName,CURRENT PROTOBUF,Slow Controls,Read-only; updates are expert maintenance,one per DAPHNE board,FirmwareStatus.overlay_name,Baseline DCS,All states,Firmware readiness,Readiness,Read-Only,30000,On-Change
Firmware,BuildId,nsu=urn:dune:pds:daphne;s=DAPHNE.Boards.{BoardId}.Firmware.BuildId,CURRENT PROTOBUF,Slow Controls,Read-only; updates are expert maintenance,one per DAPHNE board,FirmwareStatus.build_id,Baseline DCS,All states,Firmware readiness,Readiness,Read-Only,30000,On-Change
Firmware,GitCommit,nsu=urn:dune:pds:daphne;s=DAPHNE.Boards.{BoardId}.Firmware.GitCommit,LOCAL READABLE,Slow Controls,Read-only; updates are expert maintenance,one per DAPHNE board,FpgaRegDict.GIT,Baseline DCS,All states,Firmware readiness,Readiness,Read-Only,30000,On-Change
Firmware,ExpectedBuildId,nsu=urn:dune:pds:daphne;s=DAPHNE.Boards.{BoardId}.Firmware.ExpectedBuildId,REQUIRED PRODUCTION,Slow Controls,Read-only; updates are expert maintenance,one per DAPHNE board,release manifest,Baseline DCS,All states,Firmware readiness,Readiness,Read-Only,30000,On-Change
Firmware,BuildMatchesExpected,nsu=urn:dune:pds:daphne;s=DAPHNE.Boards.{BoardId}.Firmware.BuildMatchesExpected,REQUIRED PRODUCTION,Slow Controls,Read-only; updates are expert maintenance,one per DAPHNE board,derived comparison,Baseline DCS,All states,Firmware readiness,Readiness,Read-Only,5000,On-Change
Firmware,RegisterMapVersionMatches,nsu=urn:dune:pds:daphne;s=DAPHNE.Boards.{BoardId}.Firmware.RegisterMapVersionMatches,REQUIRED PRODUCTION,Slow Controls,Read-only; updates are expert maintenance,one per DAPHNE board,idVersion + server manifest,Baseline DCS,All states,Firmware readiness,Readiness,Read-Only,5000,On-Change
Firmware,PlI2cDevicePresent,nsu=urn:dune:pds:daphne;s=DAPHNE.Boards.{BoardId}.Firmware.PlI2cDevicePresent,CURRENT PROTOBUF,Slow Controls,Read-only; updates are expert maintenance,one per DAPHNE board,FirmwareStatus.pl_devices_present / preflight,Baseline DCS,All states,Firmware readiness,Readiness,Read-Only,5000,On-Change
Firmware,PlSpiDevicePresent,nsu=urn:dune:pds:daphne;s=DAPHNE.Boards.{BoardId}.Firmware.PlSpiDevicePresent,CURRENT PROTOBUF,Slow Controls,Read-only; updates are expert maintenance,one per DAPHNE board,FirmwareStatus.pl_devices_present / preflight,Baseline DCS,All states,Firmware readiness,Readiness,Read-Only,5000,On-Change
Firmware,ActiveXmutilApplication,nsu=urn:dune:pds:daphne;s=DAPHNE.Boards.{BoardId}.Firmware.ActiveXmutilApplication,LOCAL READABLE,Slow Controls,Read-only; updates are expert maintenance,one per DAPHNE board,xmutil listapps,Baseline DCS,All states,Firmware readiness,Readiness,Read-Only,30000,On-Change
Firmware,FirmwareUpdateState,nsu=urn:dune:pds:daphne;s=DAPHNE.Boards.{BoardId}.Firmware.FirmwareUpdateState,REQUIRED PRODUCTION,Slow Controls,Read-only; updates are expert maintenance,one per DAPHNE board,firmware update contract,Baseline DCS,All states,Firmware readiness,Readiness,Read-Only,30000,On-Change
Firmware,FirmwarePathAvailable,nsu=urn:dune:pds:daphne;s=DAPHNE.Boards.{BoardId}.Firmware.FirmwarePathAvailable,REQUIRED PRODUCTION,Slow Controls,Read-only; updates are expert maintenance,one per DAPHNE board,firmware update contract,Baseline DCS,All states,Firmware readiness,Readiness,Read-Only,5000,On-Change
Firmware,FirmwareArtifactSha256,nsu=urn:dune:pds:daphne;s=DAPHNE.Boards.{BoardId}.Firmware.FirmwareArtifactSha256,REQUIRED PRODUCTION,Slow Controls,Read-only; updates are expert maintenance,one per DAPHNE board,release/deployment manifest,Baseline DCS,All states,Firmware readiness,Readiness,Read-Only,30000,On-Change
Firmware,ServerVersion,nsu=urn:dune:pds:daphne;s=DAPHNE.Boards.{BoardId}.Firmware.ServerVersion,REQUIRED PRODUCTION,Slow Controls,Read-only; updates are expert maintenance,one per DAPHNE board,board service build metadata,Baseline DCS,All states,Firmware readiness,Readiness,Read-Only,30000,On-Change
Firmware,ProtobufSchemaVersion,nsu=urn:dune:pds:daphne;s=DAPHNE.Boards.{BoardId}.Firmware.ProtobufSchemaVersion,REQUIRED PRODUCTION,Slow Controls,Read-only; updates are expert maintenance,one per DAPHNE board,board service build metadata,Baseline DCS,All states,Firmware readiness,Readiness,Read-Only,30000,On-Change
Firmware,GatewareHeartbeat,nsu=urn:dune:pds:daphne;s=DAPHNE.Boards.{BoardId}.Firmware.GatewareHeartbeat,REQUIRED PRODUCTION,Slow Controls,Read-only; updates are expert maintenance,one per DAPHNE board,required gateware health block,Baseline DCS,All states,Firmware readiness,Readiness,Read-Only,30000,On-Change
Firmware,GatewareFatalFaultLatched,nsu=urn:dune:pds:daphne;s=DAPHNE.Boards.{BoardId}.Firmware.GatewareFatalFaultLatched,REQUIRED PRODUCTION,Slow Controls,Read-only; updates are expert maintenance,one per DAPHNE board,required gateware health block,Baseline DCS,All states,Firmware readiness,Readiness,Read-Only,5000,On-Change
Firmware,GatewareResetReason,nsu=urn:dune:pds:daphne;s=DAPHNE.Boards.{BoardId}.Firmware.GatewareResetReason,REQUIRED PRODUCTION,Slow Controls,Read-only; updates are expert maintenance,one per DAPHNE board,required gateware health block,Baseline DCS,All states,Firmware readiness,Readiness,Read-Only,30000,On-Change
Firmware,ConfigurationReady,nsu=urn:dune:pds:daphne;s=DAPHNE.Boards.{BoardId}.Firmware.ConfigurationReady,REQUIRED PRODUCTION,Slow Controls,Read-only; updates are expert maintenance,one per DAPHNE board,analog-control contract,Baseline DCS,All states,Firmware readiness,Readiness,Read-Only,5000,On-Change
RPU,Available,nsu=urn:dune:pds:daphne;s=DAPHNE.Boards.{BoardId}.RPU.Available,CURRENT PROTOBUF,Slow Controls,Read-only; RPU owns safety-critical AFE sequencing,one per DAPHNE board,SlowControlStatusResponse.RpuStatus / RPU wire status,Baseline DCS,All states,Control-path fault,Context,Read-Only,1000,On-Change
RPU,Running,nsu=urn:dune:pds:daphne;s=DAPHNE.Boards.{BoardId}.RPU.Running,CURRENT PROTOBUF,Slow Controls,Read-only; RPU owns safety-critical AFE sequencing,one per DAPHNE board,SlowControlStatusResponse.RpuStatus / RPU wire status,Baseline DCS,All states,Control-path fault,Yes,Read-Only,1000,On-Change
RPU,Firmware,nsu=urn:dune:pds:daphne;s=DAPHNE.Boards.{BoardId}.RPU.Firmware,CURRENT PROTOBUF,Slow Controls,Read-only; RPU owns safety-critical AFE sequencing,one per DAPHNE board,SlowControlStatusResponse.RpuStatus / RPU wire status,Baseline DCS,All states,Control-path fault,Context,Read-Only,1000,On-Change
RPU,Heartbeat,nsu=urn:dune:pds:daphne;s=DAPHNE.Boards.{BoardId}.RPU.Heartbeat,CURRENT PROTOBUF,Slow Controls,Read-only; RPU owns safety-critical AFE sequencing,one per DAPHNE board,SlowControlStatusResponse.RpuStatus / RPU wire status,Baseline DCS,All states,Control-path fault,Yes,Read-Only,1000,On-Change
RPU,LastFault,nsu=urn:dune:pds:daphne;s=DAPHNE.Boards.{BoardId}.RPU.LastFault,CURRENT PROTOBUF,Slow Controls,Read-only; RPU owns safety-critical AFE sequencing,one per DAPHNE board,SlowControlStatusResponse.RpuStatus / RPU wire status,Baseline DCS,All states,Control-path fault,Context,Read-Only,1000,On-Change
RPU,AbiVersion,nsu=urn:dune:pds:daphne;s=DAPHNE.Boards.{BoardId}.RPU.AbiVersion,REQUIRED PRODUCTION,Slow Controls,Read-only; RPU owns safety-critical AFE sequencing,one per DAPHNE board,SlowControlStatusResponse.RpuStatus / RPU wire status,Baseline DCS,All states,Control-path fault,Context,Read-Only,1000,On-Change
RPU,InterlockReady,nsu=urn:dune:pds:daphne;s=DAPHNE.Boards.{BoardId}.RPU.InterlockReady,REQUIRED PRODUCTION,Slow Controls,Read-only; RPU owns safety-critical AFE sequencing,one per DAPHNE board,SlowControlStatusResponse.RpuStatus / RPU wire status,Baseline DCS,All states,Control-path fault,Yes,Read-Only,1000,On-Change
RPU,FaultCode,nsu=urn:dune:pds:daphne;s=DAPHNE.Boards.{BoardId}.RPU.FaultCode,REQUIRED PRODUCTION,Slow Controls,Read-only; RPU owns safety-critical AFE sequencing,one per DAPHNE board,SlowControlStatusResponse.RpuStatus / RPU wire status,Baseline DCS,All states,Control-path fault,Yes,Read-Only,1000,On-Change
RPU,CommandQueueDepth,nsu=urn:dune:pds:daphne;s=DAPHNE.Boards.{BoardId}.RPU.CommandQueueDepth,REQUIRED PRODUCTION,Slow Controls,Read-only; RPU owns safety-critical AFE sequencing,one per DAPHNE board,SlowControlStatusResponse.RpuStatus / RPU wire status,Baseline DCS,All states,Control-path fault,Context,Read-Only,1000,On-Change
RPU,LastReplySequence,nsu=urn:dune:pds:daphne;s=DAPHNE.Boards.{BoardId}.RPU.LastReplySequence,REQUIRED PRODUCTION,Slow Controls,Read-only; RPU owns safety-critical AFE sequencing,one per DAPHNE board,SlowControlStatusResponse.RpuStatus / RPU wire status,Baseline DCS,All states,Control-path fault,Context,Read-Only,1000,On-Change
I2C Bus,Present,nsu=urn:dune:pds:daphne;s=DAPHNE.Boards.{BoardId}.I2C.Buses.{Bus}.Present,CURRENT PROTOBUF,Slow Controls,Read-only; one serialized hardware owner,per I2C bus; expected buses 1 and 2,SlowControlStatusResponse.I2CBusStatus plus required metrics,Baseline DCS,All states,I2C health,Readiness,Read-Only,5000,On-Change
I2C Bus,Path,nsu=urn:dune:pds:daphne;s=DAPHNE.Boards.{BoardId}.I2C.Buses.{Bus}.Path,CURRENT PROTOBUF,Slow Controls,Read-only; one serialized hardware owner,per I2C bus; expected buses 1 and 2,SlowControlStatusResponse.I2CBusStatus plus required metrics,Baseline DCS,All states,I2C health,Readiness,Read-Only,5000,On-Change
I2C Bus,Functional,nsu=urn:dune:pds:daphne;s=DAPHNE.Boards.{BoardId}.I2C.Buses.{Bus}.Functional,REQUIRED PRODUCTION,Slow Controls,Read-only; one serialized hardware owner,per I2C bus; expected buses 1 and 2,SlowControlStatusResponse.I2CBusStatus plus required metrics,Baseline DCS,All states,I2C health,Readiness,Read-Only,5000,On-Change
I2C Bus,Owner,nsu=urn:dune:pds:daphne;s=DAPHNE.Boards.{BoardId}.I2C.Buses.{Bus}.Owner,REQUIRED PRODUCTION,Slow Controls,Read-only; one serialized hardware owner,per I2C bus; expected buses 1 and 2,SlowControlStatusResponse.I2CBusStatus plus required metrics,Baseline DCS,All states,I2C health,Readiness,Read-Only,5000,On-Change
I2C Bus,Busy,nsu=urn:dune:pds:daphne;s=DAPHNE.Boards.{BoardId}.I2C.Buses.{Bus}.Busy,REQUIRED PRODUCTION,Slow Controls,Read-only; one serialized hardware owner,per I2C bus; expected buses 1 and 2,SlowControlStatusResponse.I2CBusStatus plus required metrics,Baseline DCS,All states,I2C health,Readiness,Read-Only,5000,On-Change
I2C Bus,LastSuccess,nsu=urn:dune:pds:daphne;s=DAPHNE.Boards.{BoardId}.I2C.Buses.{Bus}.LastSuccess,REQUIRED PRODUCTION,Slow Controls,Read-only; one serialized hardware owner,per I2C bus; expected buses 1 and 2,SlowControlStatusResponse.I2CBusStatus plus required metrics,Baseline DCS,All states,I2C health,Readiness,Read-Only,5000,On-Change
I2C Bus,ErrorCount,nsu=urn:dune:pds:daphne;s=DAPHNE.Boards.{BoardId}.I2C.Buses.{Bus}.ErrorCount,REQUIRED PRODUCTION,Slow Controls,Read-only; one serialized hardware owner,per I2C bus; expected buses 1 and 2,SlowControlStatusResponse.I2CBusStatus plus required metrics,Baseline DCS,All states,I2C health,Readiness,Read-Only,5000,On-Change
I2C Bus,TimeoutCount,nsu=urn:dune:pds:daphne;s=DAPHNE.Boards.{BoardId}.I2C.Buses.{Bus}.TimeoutCount,REQUIRED PRODUCTION,Slow Controls,Read-only; one serialized hardware owner,per I2C bus; expected buses 1 and 2,SlowControlStatusResponse.I2CBusStatus plus required metrics,Baseline DCS,All states,I2C health,Readiness,Read-Only,5000,On-Change
I2C Bus,RecoveryCount,nsu=urn:dune:pds:daphne;s=DAPHNE.Boards.{BoardId}.I2C.Buses.{Bus}.RecoveryCount,REQUIRED PRODUCTION,Slow Controls,Read-only; one serialized hardware owner,per I2C bus; expected buses 1 and 2,SlowControlStatusResponse.I2CBusStatus plus required metrics,Baseline DCS,All states,I2C health,Readiness,Read-Only,5000,On-Change
I2C Device,Name,nsu=urn:dune:pds:daphne;s=DAPHNE.Boards.{BoardId}.I2C.Buses.{Bus}.Devices.{Address}.Name,CURRENT PROTOBUF,Slow Controls,Read-only,per expected and discovered I2C device; see Instance Sets,SlowControlStatusResponse.I2CDeviceStatus / device driver,Baseline DCS,All states,I2C device fault,Readiness,Read-Only,10000,On-Change
I2C Device,Present,nsu=urn:dune:pds:daphne;s=DAPHNE.Boards.{BoardId}.I2C.Buses.{Bus}.Devices.{Address}.Present,CURRENT PROTOBUF,Slow Controls,Read-only,per expected and discovered I2C device; see Instance Sets,SlowControlStatusResponse.I2CDeviceStatus / device driver,Baseline DCS,All states,I2C device fault,Readiness,Read-Only,10000,On-Change
I2C Device,Driver,nsu=urn:dune:pds:daphne;s=DAPHNE.Boards.{BoardId}.I2C.Buses.{Bus}.Devices.{Address}.Driver,REQUIRED PRODUCTION,Slow Controls,Read-only,per expected and discovered I2C device; see Instance Sets,SlowControlStatusResponse.I2CDeviceStatus / device driver,Baseline DCS,All states,I2C device fault,Readiness,Read-Only,10000,On-Change
I2C Device,Status,nsu=urn:dune:pds:daphne;s=DAPHNE.Boards.{BoardId}.I2C.Buses.{Bus}.Devices.{Address}.Status,CURRENT PROTOBUF,Slow Controls,Read-only,per expected and discovered I2C device; see Instance Sets,SlowControlStatusResponse.I2CDeviceStatus / device driver,Baseline DCS,All states,I2C device fault,Readiness,Read-Only,10000,On-Change
I2C Device,LastSuccess,nsu=urn:dune:pds:daphne;s=DAPHNE.Boards.{BoardId}.I2C.Buses.{Bus}.Devices.{Address}.LastSuccess,REQUIRED PRODUCTION,Slow Controls,Read-only,per expected and discovered I2C device; see Instance Sets,SlowControlStatusResponse.I2CDeviceStatus / device driver,Baseline DCS,All states,I2C device fault,Readiness,Read-Only,10000,On-Change
I2C Device,ErrorCount,nsu=urn:dune:pds:daphne;s=DAPHNE.Boards.{BoardId}.I2C.Buses.{Bus}.Devices.{Address}.ErrorCount,REQUIRED PRODUCTION,Slow Controls,Read-only,per expected and discovered I2C device; see Instance Sets,SlowControlStatusResponse.I2CDeviceStatus / device driver,Baseline DCS,All states,I2C device fault,Readiness,Read-Only,10000,On-Change
SPI,Present,nsu=urn:dune:pds:daphne;s=DAPHNE.Boards.{BoardId}.SPI.{Device}.Present,LOCAL READABLE,Slow Controls,Read-only; one serialized owner,per SPI device; baseline current monitor,preflight /dev/spidev3.0 and current-monitor driver,Baseline DCS,All states,SPI health,Readiness,Read-Only,5000,On-Change
SPI,Functional,nsu=urn:dune:pds:daphne;s=DAPHNE.Boards.{BoardId}.SPI.{Device}.Functional,REQUIRED PRODUCTION,Slow Controls,Read-only; one serialized owner,per SPI device; baseline current monitor,preflight /dev/spidev3.0 and current-monitor driver,Baseline DCS,All states,SPI health,Readiness,Read-Only,5000,On-Change
SPI,Owner,nsu=urn:dune:pds:daphne;s=DAPHNE.Boards.{BoardId}.SPI.{Device}.Owner,REQUIRED PRODUCTION,Slow Controls,Read-only; one serialized owner,per SPI device; baseline current monitor,preflight /dev/spidev3.0 and current-monitor driver,Baseline DCS,All states,SPI health,Readiness,Read-Only,5000,On-Change
SPI,ErrorCount,nsu=urn:dune:pds:daphne;s=DAPHNE.Boards.{BoardId}.SPI.{Device}.ErrorCount,REQUIRED PRODUCTION,Slow Controls,Read-only; one serialized owner,per SPI device; baseline current monitor,preflight /dev/spidev3.0 and current-monitor driver,Baseline DCS,All states,SPI health,Readiness,Read-Only,5000,On-Change
SPI,LastSuccess,nsu=urn:dune:pds:daphne;s=DAPHNE.Boards.{BoardId}.SPI.{Device}.LastSuccess,REQUIRED PRODUCTION,Slow Controls,Read-only; one serialized owner,per SPI device; baseline current monitor,preflight /dev/spidev3.0 and current-monitor driver,Baseline DCS,All states,SPI health,Readiness,Read-Only,5000,On-Change
Board Rails,3V3PDSVoltage,nsu=urn:dune:pds:daphne;s=DAPHNE.Boards.{BoardId}.Power.BoardRails.3V3PDS.Voltage,CURRENT PROTOBUF,Slow Controls,Read-only,one per DAPHNE board,ADS7138 0x10/0x17 cached monitor; GeneralInfo exposes a subset,Baseline DCS,All states,Rail fault,Candidate,Read-Only,1000,1000
Board Rails,3V3PDSStatus,nsu=urn:dune:pds:daphne;s=DAPHNE.Boards.{BoardId}.Power.BoardRails.3V3PDS.Status,REQUIRED PRODUCTION,Slow Controls,Read-only,one per DAPHNE board,required typed rail status,Baseline DCS,All states,Rail fault,Candidate,Read-Only,1000,On-Change
Board Rails,1V8PDSVoltage,nsu=urn:dune:pds:daphne;s=DAPHNE.Boards.{BoardId}.Power.BoardRails.1V8PDS.Voltage,LOCAL READABLE,Slow Controls,Read-only,one per DAPHNE board,ADS7138 0x10/0x17 cached monitor; GeneralInfo exposes a subset,Baseline DCS,All states,Rail fault,Candidate,Read-Only,1000,1000
Board Rails,1V8PDSStatus,nsu=urn:dune:pds:daphne;s=DAPHNE.Boards.{BoardId}.Power.BoardRails.1V8PDS.Status,REQUIRED PRODUCTION,Slow Controls,Read-only,one per DAPHNE board,required typed rail status,Baseline DCS,All states,Rail fault,Candidate,Read-Only,1000,On-Change
Board Rails,3V3AVoltage,nsu=urn:dune:pds:daphne;s=DAPHNE.Boards.{BoardId}.Power.BoardRails.3V3A.Voltage,LOCAL READABLE,Slow Controls,Read-only,one per DAPHNE board,ADS7138 0x10/0x17 cached monitor; GeneralInfo exposes a subset,Baseline DCS,All states,Rail fault,Candidate,Read-Only,1000,1000
Board Rails,3V3AStatus,nsu=urn:dune:pds:daphne;s=DAPHNE.Boards.{BoardId}.Power.BoardRails.3V3A.Status,REQUIRED PRODUCTION,Slow Controls,Read-only,one per DAPHNE board,required typed rail status,Baseline DCS,All states,Rail fault,Candidate,Read-Only,1000,On-Change
Board Rails,1V8AVoltage,nsu=urn:dune:pds:daphne;s=DAPHNE.Boards.{BoardId}.Power.BoardRails.1V8A.Voltage,CURRENT PROTOBUF,Slow Controls,Read-only,one per DAPHNE board,ADS7138 0x10/0x17 cached monitor; GeneralInfo exposes a subset,Baseline DCS,All states,Rail fault,Candidate,Read-Only,1000,1000
Board Rails,1V8AStatus,nsu=urn:dune:pds:daphne;s=DAPHNE.Boards.{BoardId}.Power.BoardRails.1V8A.Status,REQUIRED PRODUCTION,Slow Controls,Read-only,one per DAPHNE board,required typed rail status,Baseline DCS,All states,Rail fault,Candidate,Read-Only,1000,On-Change
Board Rails,Minus5VAVoltage,nsu=urn:dune:pds:daphne;s=DAPHNE.Boards.{BoardId}.Power.BoardRails.Minus5VA.Voltage,CURRENT PROTOBUF,Slow Controls,Read-only,one per DAPHNE board,ADS7138 0x10/0x17 cached monitor; GeneralInfo exposes a subset,Baseline DCS,All states,Rail fault,Candidate,Read-Only,1000,1000
Board Rails,Minus5VAStatus,nsu=urn:dune:pds:daphne;s=DAPHNE.Boards.{BoardId}.Power.BoardRails.Minus5VA.Status,REQUIRED PRODUCTION,Slow Controls,Read-only,one per DAPHNE board,required typed rail status,Baseline DCS,All states,Rail fault,Candidate,Read-Only,1000,On-Change
PMBus Regulators,Voltage,nsu=urn:dune:pds:daphne;s=DAPHNE.Boards.{BoardId}.Power.PMBus.{Rail}.Voltage,CURRENT PROTOBUF,Slow Controls,Read-only,"per PMBus regulator: 3VD3, 2VA1, 3VA6, 1VD8",PJT004A0X43 / Rust PMBus collector,Baseline DCS,All states,Rail fault,Candidate,Read-Only,5000,5000
PMBus Regulators,Current,nsu=urn:dune:pds:daphne;s=DAPHNE.Boards.{BoardId}.Power.PMBus.{Rail}.Current,CURRENT PROTOBUF,Slow Controls,Read-only,"per PMBus regulator: 3VD3, 2VA1, 3VA6, 1VD8",PJT004A0X43 / Rust PMBus collector,Baseline DCS,All states,Rail fault,Candidate,Read-Only,5000,5000
PMBus Regulators,Power,nsu=urn:dune:pds:daphne;s=DAPHNE.Boards.{BoardId}.Power.PMBus.{Rail}.Power,CURRENT PROTOBUF,Slow Controls,Read-only,"per PMBus regulator: 3VD3, 2VA1, 3VA6, 1VD8",PJT004A0X43 / Rust PMBus collector,Baseline DCS,All states,Rail fault,Candidate,Read-Only,5000,5000
PMBus Regulators,Temperature,nsu=urn:dune:pds:daphne;s=DAPHNE.Boards.{BoardId}.Power.PMBus.{Rail}.Temperature,LOCAL READABLE,Slow Controls,Read-only,"per PMBus regulator: 3VD3, 2VA1, 3VA6, 1VD8",PJT004A0X43 / Rust PMBus collector,Baseline DCS,All states,Rail fault,Candidate,Read-Only,5000,5000
PMBus Regulators,StatusByte,nsu=urn:dune:pds:daphne;s=DAPHNE.Boards.{BoardId}.Power.PMBus.{Rail}.StatusByte,LOCAL READABLE,Slow Controls,Read-only,"per PMBus regulator: 3VD3, 2VA1, 3VA6, 1VD8",PJT004A0X43 / Rust PMBus collector,Baseline DCS,All states,Rail fault,Candidate,Read-Only,5000,On-Change
PMBus Regulators,StatusWord,nsu=urn:dune:pds:daphne;s=DAPHNE.Boards.{BoardId}.Power.PMBus.{Rail}.StatusWord,LOCAL READABLE,Slow Controls,Read-only,"per PMBus regulator: 3VD3, 2VA1, 3VA6, 1VD8",PJT004A0X43 / Rust PMBus collector,Baseline DCS,All states,Rail fault,Candidate,Read-Only,5000,On-Change
PMBus Regulators,StatusVout,nsu=urn:dune:pds:daphne;s=DAPHNE.Boards.{BoardId}.Power.PMBus.{Rail}.StatusVout,LOCAL READABLE,Slow Controls,Read-only,"per PMBus regulator: 3VD3, 2VA1, 3VA6, 1VD8",PJT004A0X43 / Rust PMBus collector,Baseline DCS,All states,Rail fault,Candidate,Read-Only,5000,On-Change
PMBus Regulators,StatusIout,nsu=urn:dune:pds:daphne;s=DAPHNE.Boards.{BoardId}.Power.PMBus.{Rail}.StatusIout,LOCAL READABLE,Slow Controls,Read-only,"per PMBus regulator: 3VD3, 2VA1, 3VA6, 1VD8",PJT004A0X43 / Rust PMBus collector,Baseline DCS,All states,Rail fault,Candidate,Read-Only,5000,On-Change
PMBus Regulators,StatusTemperature,nsu=urn:dune:pds:daphne;s=DAPHNE.Boards.{BoardId}.Power.PMBus.{Rail}.StatusTemperature,LOCAL READABLE,Slow Controls,Read-only,"per PMBus regulator: 3VD3, 2VA1, 3VA6, 1VD8",PJT004A0X43 / Rust PMBus collector,Baseline DCS,All states,Rail fault,Candidate,Read-Only,5000,On-Change
PMBus Regulators,StatusCml,nsu=urn:dune:pds:daphne;s=DAPHNE.Boards.{BoardId}.Power.PMBus.{Rail}.StatusCml,LOCAL READABLE,Slow Controls,Read-only,"per PMBus regulator: 3VD3, 2VA1, 3VA6, 1VD8",PJT004A0X43 / Rust PMBus collector,Baseline DCS,All states,Rail fault,Candidate,Read-Only,5000,On-Change
PMBus Regulators,Health,nsu=urn:dune:pds:daphne;s=DAPHNE.Boards.{BoardId}.Power.PMBus.{Rail}.Health,REQUIRED PRODUCTION,Slow Controls,Read-only,"per PMBus regulator: 3VD3, 2VA1, 3VA6, 1VD8",PJT004A0X43 / Rust PMBus collector,Baseline DCS,All states,Rail fault,Candidate,Read-Only,5000,On-Change
Temperature,Celsius,nsu=urn:dune:pds:daphne;s=DAPHNE.Boards.{BoardId}.Thermal.Sensors.{Sensor}.Celsius,CURRENT PROTOBUF,Slow Controls,Read-only,per discovered allow-listed sensor,SlowControlStatusResponse.TemperatureReading; Linux thermal/hwmon; PMBus/MCP9808/SFP,Baseline DCS,All states,Thermal fault,Candidate,Read-Only,5000,5000
Temperature,Status,nsu=urn:dune:pds:daphne;s=DAPHNE.Boards.{BoardId}.Thermal.Sensors.{Sensor}.Status,REQUIRED PRODUCTION,Slow Controls,Read-only,per discovered allow-listed sensor,SlowControlStatusResponse.TemperatureReading; Linux thermal/hwmon; PMBus/MCP9808/SFP,Baseline DCS,All states,Thermal fault,Candidate,Read-Only,5000,On-Change
Temperature,LastUpdate,nsu=urn:dune:pds:daphne;s=DAPHNE.Boards.{BoardId}.Thermal.Sensors.{Sensor}.LastUpdate,REQUIRED PRODUCTION,Slow Controls,Read-only,per discovered allow-listed sensor,SlowControlStatusResponse.TemperatureReading; Linux thermal/hwmon; PMBus/MCP9808/SFP,Baseline DCS,All states,Thermal fault,Candidate,Read-Only,5000,On-Change
HD Mezzanine,BlockEnabled,nsu=urn:dune:pds:daphne;s=DAPHNE.Boards.{BoardId}.HDMezz.{Afe}.BlockEnabled,CURRENT PROTOBUF,Slow Controls,SC owns rail requests; monitor values are read-only,per AFE block 0..4 when HD mezzanine is installed,HD mezzanine Protobuf API and cached INA232/TCA9536 driver,Baseline DCS,All states,Mezzanine power fault,Candidate,Read-Only,1000,On-Change
HD Mezzanine,Configured,nsu=urn:dune:pds:daphne;s=DAPHNE.Boards.{BoardId}.HDMezz.{Afe}.Configured,REQUIRED PRODUCTION,Slow Controls,SC owns rail requests; monitor values are read-only,per AFE block 0..4 when HD mezzanine is installed,HD mezzanine Protobuf API and cached INA232/TCA9536 driver,Baseline DCS,All states,Mezzanine power fault,Candidate,Read-Only,1000,On-Change
HD Mezzanine,Power5VRequested,nsu=urn:dune:pds:daphne;s=DAPHNE.Boards.{BoardId}.HDMezz.{Afe}.Power5VRequested,CURRENT PROTOBUF,Slow Controls,SC owns rail requests; monitor values are read-only,per AFE block 0..4 when HD mezzanine is installed,HD mezzanine Protobuf API and cached INA232/TCA9536 driver,Baseline DCS,All states,Mezzanine power fault,Candidate,Read-Only,1000,On-Change
HD Mezzanine,Power3V3Requested,nsu=urn:dune:pds:daphne;s=DAPHNE.Boards.{BoardId}.HDMezz.{Afe}.Power3V3Requested,CURRENT PROTOBUF,Slow Controls,SC owns rail requests; monitor values are read-only,per AFE block 0..4 when HD mezzanine is installed,HD mezzanine Protobuf API and cached INA232/TCA9536 driver,Baseline DCS,All states,Mezzanine power fault,Candidate,Read-Only,1000,On-Change
HD Mezzanine,Voltage5V,nsu=urn:dune:pds:daphne;s=DAPHNE.Boards.{BoardId}.HDMezz.{Afe}.Voltage5V,CURRENT PROTOBUF,Slow Controls,SC owns rail requests; monitor values are read-only,per AFE block 0..4 when HD mezzanine is installed,HD mezzanine Protobuf API and cached INA232/TCA9536 driver,Baseline DCS,All states,Mezzanine power fault,Candidate,Read-Only,1000,1000
HD Mezzanine,Current5V,nsu=urn:dune:pds:daphne;s=DAPHNE.Boards.{BoardId}.HDMezz.{Afe}.Current5V,CURRENT PROTOBUF,Slow Controls,SC owns rail requests; monitor values are read-only,per AFE block 0..4 when HD mezzanine is installed,HD mezzanine Protobuf API and cached INA232/TCA9536 driver,Baseline DCS,All states,Mezzanine power fault,Candidate,Read-Only,1000,1000
HD Mezzanine,Power5V,nsu=urn:dune:pds:daphne;s=DAPHNE.Boards.{BoardId}.HDMezz.{Afe}.Power5V,CURRENT PROTOBUF,Slow Controls,SC owns rail requests; monitor values are read-only,per AFE block 0..4 when HD mezzanine is installed,HD mezzanine Protobuf API and cached INA232/TCA9536 driver,Baseline DCS,All states,Mezzanine power fault,Candidate,Read-Only,1000,1000
HD Mezzanine,Alert5V,nsu=urn:dune:pds:daphne;s=DAPHNE.Boards.{BoardId}.HDMezz.{Afe}.Alert5V,CURRENT PROTOBUF,Slow Controls,SC owns rail requests; monitor values are read-only,per AFE block 0..4 when HD mezzanine is installed,HD mezzanine Protobuf API and cached INA232/TCA9536 driver,Baseline DCS,All states,Mezzanine power fault,Candidate,Read-Only,1000,On-Change
HD Mezzanine,Voltage3V3,nsu=urn:dune:pds:daphne;s=DAPHNE.Boards.{BoardId}.HDMezz.{Afe}.Voltage3V3,CURRENT PROTOBUF,Slow Controls,SC owns rail requests; monitor values are read-only,per AFE block 0..4 when HD mezzanine is installed,HD mezzanine Protobuf API and cached INA232/TCA9536 driver,Baseline DCS,All states,Mezzanine power fault,Candidate,Read-Only,1000,1000
HD Mezzanine,Current3V3,nsu=urn:dune:pds:daphne;s=DAPHNE.Boards.{BoardId}.HDMezz.{Afe}.Current3V3,CURRENT PROTOBUF,Slow Controls,SC owns rail requests; monitor values are read-only,per AFE block 0..4 when HD mezzanine is installed,HD mezzanine Protobuf API and cached INA232/TCA9536 driver,Baseline DCS,All states,Mezzanine power fault,Candidate,Read-Only,1000,1000
HD Mezzanine,Power3V3,nsu=urn:dune:pds:daphne;s=DAPHNE.Boards.{BoardId}.HDMezz.{Afe}.Power3V3,CURRENT PROTOBUF,Slow Controls,SC owns rail requests; monitor values are read-only,per AFE block 0..4 when HD mezzanine is installed,HD mezzanine Protobuf API and cached INA232/TCA9536 driver,Baseline DCS,All states,Mezzanine power fault,Candidate,Read-Only,1000,1000
HD Mezzanine,Alert3V3,nsu=urn:dune:pds:daphne;s=DAPHNE.Boards.{BoardId}.HDMezz.{Afe}.Alert3V3,CURRENT PROTOBUF,Slow Controls,SC owns rail requests; monitor values are read-only,per AFE block 0..4 when HD mezzanine is installed,HD mezzanine Protobuf API and cached INA232/TCA9536 driver,Baseline DCS,All states,Mezzanine power fault,Candidate,Read-Only,1000,On-Change
HD Mezzanine,RShunt5V,nsu=urn:dune:pds:daphne;s=DAPHNE.Boards.{BoardId}.HDMezz.{Afe}.RShunt5V,CURRENT PROTOBUF,Slow Controls,SC owns rail requests; monitor values are read-only,per AFE block 0..4 when HD mezzanine is installed,HD mezzanine Protobuf API and cached INA232/TCA9536 driver,Baseline DCS,All states,Mezzanine power fault,Candidate,Read-Only,1000,1000
HD Mezzanine,RShunt3V3,nsu=urn:dune:pds:daphne;s=DAPHNE.Boards.{BoardId}.HDMezz.{Afe}.RShunt3V3,CURRENT PROTOBUF,Slow Controls,SC owns rail requests; monitor values are read-only,per AFE block 0..4 when HD mezzanine is installed,HD mezzanine Protobuf API and cached INA232/TCA9536 driver,Baseline DCS,All states,Mezzanine power fault,Candidate,Read-Only,1000,1000
HD Mezzanine,MaxCurrentScale5V,nsu=urn:dune:pds:daphne;s=DAPHNE.Boards.{BoardId}.HDMezz.{Afe}.MaxCurrentScale5V,CURRENT PROTOBUF,Slow Controls,SC owns rail requests; monitor values are read-only,per AFE block 0..4 when HD mezzanine is installed,HD mezzanine Protobuf API and cached INA232/TCA9536 driver,Baseline DCS,All states,Mezzanine power fault,Candidate,Read-Only,1000,1000
HD Mezzanine,MaxCurrentScale3V3,nsu=urn:dune:pds:daphne;s=DAPHNE.Boards.{BoardId}.HDMezz.{Afe}.MaxCurrentScale3V3,CURRENT PROTOBUF,Slow Controls,SC owns rail requests; monitor values are read-only,per AFE block 0..4 when HD mezzanine is installed,HD mezzanine Protobuf API and cached INA232/TCA9536 driver,Baseline DCS,All states,Mezzanine power fault,Candidate,Read-Only,1000,1000
HD Mezzanine,ShutdownCurrent5V,nsu=urn:dune:pds:daphne;s=DAPHNE.Boards.{BoardId}.HDMezz.{Afe}.ShutdownCurrent5V,CURRENT PROTOBUF,Slow Controls,SC owns rail requests; monitor values are read-only,per AFE block 0..4 when HD mezzanine is installed,HD mezzanine Protobuf API and cached INA232/TCA9536 driver,Baseline DCS,All states,Mezzanine power fault,Candidate,Read-Only,1000,1000
HD Mezzanine,ShutdownCurrent3V3,nsu=urn:dune:pds:daphne;s=DAPHNE.Boards.{BoardId}.HDMezz.{Afe}.ShutdownCurrent3V3,CURRENT PROTOBUF,Slow Controls,SC owns rail requests; monitor values are read-only,per AFE block 0..4 when HD mezzanine is installed,HD mezzanine Protobuf API and cached INA232/TCA9536 driver,Baseline DCS,All states,Mezzanine power fault,Candidate,Read-Only,1000,1000
HD Mezzanine,MaxPower5V,nsu=urn:dune:pds:daphne;s=DAPHNE.Boards.{BoardId}.HDMezz.{Afe}.MaxPower5V,CURRENT PROTOBUF,Slow Controls,SC owns rail requests; monitor values are read-only,per AFE block 0..4 when HD mezzanine is installed,HD mezzanine Protobuf API and cached INA232/TCA9536 driver,Baseline DCS,All states,Mezzanine power fault,Candidate,Read-Only,1000,1000
HD Mezzanine,MaxPower3V3,nsu=urn:dune:pds:daphne;s=DAPHNE.Boards.{BoardId}.HDMezz.{Afe}.MaxPower3V3,CURRENT PROTOBUF,Slow Controls,SC owns rail requests; monitor values are read-only,per AFE block 0..4 when HD mezzanine is installed,HD mezzanine Protobuf API and cached INA232/TCA9536 driver,Baseline DCS,All states,Mezzanine power fault,Candidate,Read-Only,1000,1000
HD Mezzanine,CurrentLsb5V,nsu=urn:dune:pds:daphne;s=DAPHNE.Boards.{BoardId}.HDMezz.{Afe}.CurrentLsb5V,CURRENT PROTOBUF,Slow Controls,SC owns rail requests; monitor values are read-only,per AFE block 0..4 when HD mezzanine is installed,HD mezzanine Protobuf API and cached INA232/TCA9536 driver,Baseline DCS,All states,Mezzanine power fault,Candidate,Read-Only,1000,1000
HD Mezzanine,CurrentLsb3V3,nsu=urn:dune:pds:daphne;s=DAPHNE.Boards.{BoardId}.HDMezz.{Afe}.CurrentLsb3V3,CURRENT PROTOBUF,Slow Controls,SC owns rail requests; monitor values are read-only,per AFE block 0..4 when HD mezzanine is installed,HD mezzanine Protobuf API and cached INA232/TCA9536 driver,Baseline DCS,All states,Mezzanine power fault,Candidate,Read-Only,1000,1000
HD Mezzanine,ShuntCal5V,nsu=urn:dune:pds:daphne;s=DAPHNE.Boards.{BoardId}.HDMezz.{Afe}.ShuntCal5V,CURRENT PROTOBUF,Slow Controls,SC owns rail requests; monitor values are read-only,per AFE block 0..4 when HD mezzanine is installed,HD mezzanine Protobuf API and cached INA232/TCA9536 driver,Baseline DCS,All states,Mezzanine power fault,Candidate,Read-Only,1000,On-Change
HD Mezzanine,ShuntCal3V3,nsu=urn:dune:pds:daphne;s=DAPHNE.Boards.{BoardId}.HDMezz.{Afe}.ShuntCal3V3,CURRENT PROTOBUF,Slow Controls,SC owns rail requests; monitor values are read-only,per AFE block 0..4 when HD mezzanine is installed,HD mezzanine Protobuf API and cached INA232/TCA9536 driver,Baseline DCS,All states,Mezzanine power fault,Candidate,Read-Only,1000,On-Change
SFP,Present,nsu=urn:dune:pds:daphne;s=DAPHNE.Boards.{BoardId}.Optics.SFP.{Sfp}.Present,REQUIRED PRODUCTION,Slow Controls,Read-only; TX disable controlled by endpoint/link firmware,"per timing, CCM, and provisioned data SFP",SFP GPIO/I2C expander 0x72 and SFF-8472,Baseline DCS,All states,Optical link fault,Readiness,Read-Only,5000,On-Change
SFP,LossOfSignal,nsu=urn:dune:pds:daphne;s=DAPHNE.Boards.{BoardId}.Optics.SFP.{Sfp}.LossOfSignal,LOCAL READABLE,Slow Controls,Read-only; TX disable controlled by endpoint/link firmware,"per timing, CCM, and provisioned data SFP",SFP GPIO/I2C expander 0x72 and SFF-8472,Baseline DCS,All states,Optical link fault,Readiness,Read-Only,5000,On-Change
SFP,TxFault,nsu=urn:dune:pds:daphne;s=DAPHNE.Boards.{BoardId}.Optics.SFP.{Sfp}.TxFault,REQUIRED PRODUCTION,Slow Controls,Read-only; TX disable controlled by endpoint/link firmware,"per timing, CCM, and provisioned data SFP",SFP GPIO/I2C expander 0x72 and SFF-8472,Baseline DCS,All states,Optical link fault,Readiness,Read-Only,5000,On-Change
SFP,TxDisabled,nsu=urn:dune:pds:daphne;s=DAPHNE.Boards.{BoardId}.Optics.SFP.{Sfp}.TxDisabled,LOCAL READABLE,Slow Controls,Read-only; TX disable controlled by endpoint/link firmware,"per timing, CCM, and provisioned data SFP",SFP GPIO/I2C expander 0x72 and SFF-8472,Baseline DCS,All states,Optical link fault,Readiness,Read-Only,5000,On-Change
SFP,RateSelect,nsu=urn:dune:pds:daphne;s=DAPHNE.Boards.{BoardId}.Optics.SFP.{Sfp}.RateSelect,REQUIRED PRODUCTION,Slow Controls,Read-only; TX disable controlled by endpoint/link firmware,"per timing, CCM, and provisioned data SFP",SFP GPIO/I2C expander 0x72 and SFF-8472,Baseline DCS,All states,Optical link fault,Readiness,Read-Only,30000,On-Change
SFP,VendorName,nsu=urn:dune:pds:daphne;s=DAPHNE.Boards.{BoardId}.Optics.SFP.{Sfp}.VendorName,REQUIRED PRODUCTION,Slow Controls,Read-only; TX disable controlled by endpoint/link firmware,"per timing, CCM, and provisioned data SFP",SFP GPIO/I2C expander 0x72 and SFF-8472,Baseline DCS,All states,Optical link fault,Readiness,Read-Only,30000,On-Change
SFP,VendorOui,nsu=urn:dune:pds:daphne;s=DAPHNE.Boards.{BoardId}.Optics.SFP.{Sfp}.VendorOui,REQUIRED PRODUCTION,Slow Controls,Read-only; TX disable controlled by endpoint/link firmware,"per timing, CCM, and provisioned data SFP",SFP GPIO/I2C expander 0x72 and SFF-8472,Baseline DCS,All states,Optical link fault,Readiness,Read-Only,30000,On-Change
SFP,PartNumber,nsu=urn:dune:pds:daphne;s=DAPHNE.Boards.{BoardId}.Optics.SFP.{Sfp}.PartNumber,REQUIRED PRODUCTION,Slow Controls,Read-only; TX disable controlled by endpoint/link firmware,"per timing, CCM, and provisioned data SFP",SFP GPIO/I2C expander 0x72 and SFF-8472,Baseline DCS,All states,Optical link fault,Readiness,Read-Only,30000,On-Change
SFP,Revision,nsu=urn:dune:pds:daphne;s=DAPHNE.Boards.{BoardId}.Optics.SFP.{Sfp}.Revision,REQUIRED PRODUCTION,Slow Controls,Read-only; TX disable controlled by endpoint/link firmware,"per timing, CCM, and provisioned data SFP",SFP GPIO/I2C expander 0x72 and SFF-8472,Baseline DCS,All states,Optical link fault,Readiness,Read-Only,30000,On-Change
SFP,SerialNumber,nsu=urn:dune:pds:daphne;s=DAPHNE.Boards.{BoardId}.Optics.SFP.{Sfp}.SerialNumber,REQUIRED PRODUCTION,Slow Controls,Read-only; TX disable controlled by endpoint/link firmware,"per timing, CCM, and provisioned data SFP",SFP GPIO/I2C expander 0x72 and SFF-8472,Baseline DCS,All states,Optical link fault,Readiness,Read-Only,30000,On-Change
SFP,DateCode,nsu=urn:dune:pds:daphne;s=DAPHNE.Boards.{BoardId}.Optics.SFP.{Sfp}.DateCode,REQUIRED PRODUCTION,Slow Controls,Read-only; TX disable controlled by endpoint/link firmware,"per timing, CCM, and provisioned data SFP",SFP GPIO/I2C expander 0x72 and SFF-8472,Baseline DCS,All states,Optical link fault,Readiness,Read-Only,30000,On-Change
SFP,NominalBitRateMbps,nsu=urn:dune:pds:daphne;s=DAPHNE.Boards.{BoardId}.Optics.SFP.{Sfp}.NominalBitRateMbps,REQUIRED PRODUCTION,Slow Controls,Read-only; TX disable controlled by endpoint/link firmware,"per timing, CCM, and provisioned data SFP",SFP GPIO/I2C expander 0x72 and SFF-8472,Baseline DCS,All states,Optical link fault,Readiness,Read-Only,30000,On-Change
SFP,WavelengthNm,nsu=urn:dune:pds:daphne;s=DAPHNE.Boards.{BoardId}.Optics.SFP.{Sfp}.WavelengthNm,REQUIRED PRODUCTION,Slow Controls,Read-only; TX disable controlled by endpoint/link firmware,"per timing, CCM, and provisioned data SFP",SFF-8472 plus EDMS 2580777 endpoint SFP specification,Baseline DCS,All states,Optical link fault,Readiness,Read-Only,30000,5000
SFP,TemperatureCelsius,nsu=urn:dune:pds:daphne;s=DAPHNE.Boards.{BoardId}.Optics.SFP.{Sfp}.TemperatureCelsius,REQUIRED PRODUCTION,Slow Controls,Read-only; TX disable controlled by endpoint/link firmware,"per timing, CCM, and provisioned data SFP",SFP GPIO/I2C expander 0x72 and SFF-8472,Baseline DCS,All states,Optical link fault,Readiness,Read-Only,30000,5000
SFP,SupplyVoltage,nsu=urn:dune:pds:daphne;s=DAPHNE.Boards.{BoardId}.Optics.SFP.{Sfp}.SupplyVoltage,REQUIRED PRODUCTION,Slow Controls,Read-only; TX disable controlled by endpoint/link firmware,"per timing, CCM, and provisioned data SFP",SFP GPIO/I2C expander 0x72 and SFF-8472,Baseline DCS,All states,Optical link fault,Readiness,Read-Only,30000,5000
SFP,TxBiasCurrent,nsu=urn:dune:pds:daphne;s=DAPHNE.Boards.{BoardId}.Optics.SFP.{Sfp}.TxBiasCurrent,REQUIRED PRODUCTION,Slow Controls,Read-only; TX disable controlled by endpoint/link firmware,"per timing, CCM, and provisioned data SFP",SFP GPIO/I2C expander 0x72 and SFF-8472,Baseline DCS,All states,Optical link fault,Readiness,Read-Only,30000,5000
SFP,TxOpticalPower,nsu=urn:dune:pds:daphne;s=DAPHNE.Boards.{BoardId}.Optics.SFP.{Sfp}.TxOpticalPower,REQUIRED PRODUCTION,Slow Controls,Read-only; TX disable controlled by endpoint/link firmware,"per timing, CCM, and provisioned data SFP",SFP GPIO/I2C expander 0x72 and SFF-8472,Baseline DCS,All states,Optical link fault,Readiness,Read-Only,30000,5000
SFP,RxOpticalPower,nsu=urn:dune:pds:daphne;s=DAPHNE.Boards.{BoardId}.Optics.SFP.{Sfp}.RxOpticalPower,REQUIRED PRODUCTION,Slow Controls,Read-only; TX disable controlled by endpoint/link firmware,"per timing, CCM, and provisioned data SFP",SFP GPIO/I2C expander 0x72 and SFF-8472,Baseline DCS,All states,Optical link fault,Readiness,Read-Only,30000,5000
SFP,AlarmFlags,nsu=urn:dune:pds:daphne;s=DAPHNE.Boards.{BoardId}.Optics.SFP.{Sfp}.AlarmFlags,REQUIRED PRODUCTION,Slow Controls,Read-only; TX disable controlled by endpoint/link firmware,"per timing, CCM, and provisioned data SFP",SFP GPIO/I2C expander 0x72 and SFF-8472,Baseline DCS,All states,Optical link fault,Readiness,Read-Only,30000,On-Change
SFP,WarningFlags,nsu=urn:dune:pds:daphne;s=DAPHNE.Boards.{BoardId}.Optics.SFP.{Sfp}.WarningFlags,REQUIRED PRODUCTION,Slow Controls,Read-only; TX disable controlled by endpoint/link firmware,"per timing, CCM, and provisioned data SFP",SFP GPIO/I2C expander 0x72 and SFF-8472,Baseline DCS,All states,Optical link fault,Readiness,Read-Only,30000,On-Change
SFP,DomSupported,nsu=urn:dune:pds:daphne;s=DAPHNE.Boards.{BoardId}.Optics.SFP.{Sfp}.DomSupported,REQUIRED PRODUCTION,Slow Controls,Read-only; TX disable controlled by endpoint/link firmware,"per timing, CCM, and provisioned data SFP",SFP GPIO/I2C expander 0x72 and SFF-8472,Baseline DCS,All states,Optical link fault,Readiness,Read-Only,5000,On-Change
SFP,EepromReadable,nsu=urn:dune:pds:daphne;s=DAPHNE.Boards.{BoardId}.Optics.SFP.{Sfp}.EepromReadable,REQUIRED PRODUCTION,Slow Controls,Read-only; TX disable controlled by endpoint/link firmware,"per timing, CCM, and provisioned data SFP",SFP GPIO/I2C expander 0x72 and SFF-8472,Baseline DCS,All states,Optical link fault,Readiness,Read-Only,5000,On-Change
Fans,Present,nsu=urn:dune:pds:daphne;s=DAPHNE.Boards.{BoardId}.Thermal.Fans.{Fan}.Present,REQUIRED PRODUCTION,Slow Controls,Local automatic control; maintenance override only,per fan 0..1,FpgaRegDict fanControl/fanReadSpeed_0..1,Baseline DCS,All states,Fan fault,Candidate,Read-Only,1000,On-Change
Fans,PwmCommand,nsu=urn:dune:pds:daphne;s=DAPHNE.Boards.{BoardId}.Thermal.Fans.{Fan}.PwmCommand,LOCAL READABLE,Slow Controls,Local automatic control; maintenance override only,per fan 0..1,FpgaRegDict fanControl/fanReadSpeed_0..1,Baseline DCS,All states,Fan fault,Candidate,Read-Only,1000,1000
Fans,TachometerRaw,nsu=urn:dune:pds:daphne;s=DAPHNE.Boards.{BoardId}.Thermal.Fans.{Fan}.TachometerRaw,LOCAL READABLE,Slow Controls,Local automatic control; maintenance override only,per fan 0..1,FpgaRegDict fanControl/fanReadSpeed_0..1,Baseline DCS,All states,Fan fault,Candidate,Read-Only,1000,1000
Fans,SpeedRpm,nsu=urn:dune:pds:daphne;s=DAPHNE.Boards.{BoardId}.Thermal.Fans.{Fan}.SpeedRpm,REQUIRED PRODUCTION,Slow Controls,Local automatic control; maintenance override only,per fan 0..1,FpgaRegDict fanControl/fanReadSpeed_0..1,Baseline DCS,All states,Fan fault,Candidate,Read-Only,1000,1000
Fans,Running,nsu=urn:dune:pds:daphne;s=DAPHNE.Boards.{BoardId}.Thermal.Fans.{Fan}.Running,REQUIRED PRODUCTION,Slow Controls,Local automatic control; maintenance override only,per fan 0..1,FpgaRegDict fanControl/fanReadSpeed_0..1,Baseline DCS,All states,Fan fault,Candidate,Read-Only,1000,On-Change
Fans,Stalled,nsu=urn:dune:pds:daphne;s=DAPHNE.Boards.{BoardId}.Thermal.Fans.{Fan}.Stalled,REQUIRED PRODUCTION,Slow Controls,Local automatic control; maintenance override only,per fan 0..1,FpgaRegDict fanControl/fanReadSpeed_0..1,Baseline DCS,All states,Fan fault,Candidate,Read-Only,1000,On-Change
Fans,StallCount,nsu=urn:dune:pds:daphne;s=DAPHNE.Boards.{BoardId}.Thermal.Fans.{Fan}.StallCount,REQUIRED PRODUCTION,Slow Controls,Local automatic control; maintenance override only,per fan 0..1,FpgaRegDict fanControl/fanReadSpeed_0..1,Baseline DCS,All states,Fan fault,Candidate,Read-Only,1000,On-Change
Fans,ControlMode,nsu=urn:dune:pds:daphne;s=DAPHNE.Boards.{BoardId}.Thermal.Fans.{Fan}.ControlMode,REQUIRED PRODUCTION,Slow Controls,Local automatic control; maintenance override only,per fan 0..1,FpgaRegDict fanControl/fanReadSpeed_0..1,Baseline DCS,All states,Fan fault,Candidate,Read-Only,1000,On-Change
Fans,LastUpdate,nsu=urn:dune:pds:daphne;s=DAPHNE.Boards.{BoardId}.Thermal.Fans.{Fan}.LastUpdate,REQUIRED PRODUCTION,Slow Controls,Local automatic control; maintenance override only,per fan 0..1,FpgaRegDict fanControl/fanReadSpeed_0..1,Baseline DCS,All states,Fan fault,Candidate,Read-Only,1000,On-Change
Timing,ClockSourceControlled,nsu=urn:dune:pds:daphne;s=DAPHNE.Boards.{BoardId}.Timing.ClockSourceControlled,CURRENT PROTOBUF,DAQ / DTS,DAQ/DTS owns timing configuration; SC receives monitoring; DPS may inhibit,one per DAPHNE board,endpointClockControl.CLOCK_SOURCE,Baseline DCS,All states,Timing readiness,Readiness,Read-Only,1000,On-Change
Timing,Mmcm0Locked,nsu=urn:dune:pds:daphne;s=DAPHNE.Boards.{BoardId}.Timing.Mmcm0Locked,CURRENT OPC-UA POC,DAQ / DTS,DAQ/DTS owns timing configuration; SC receives monitoring; DPS may inhibit,one per DAPHNE board,ClockStatus.mmcm0_locked,Baseline DCS,All states,Timing readiness,Readiness,Read-Only,1000,On-Change
Timing,Mmcm1Locked,nsu=urn:dune:pds:daphne;s=DAPHNE.Boards.{BoardId}.Timing.Mmcm1Locked,CURRENT OPC-UA POC,DAQ / DTS,DAQ/DTS owns timing configuration; SC receives monitoring; DPS may inhibit,one per DAPHNE board,ClockStatus.mmcm1_locked,Baseline DCS,All states,Timing readiness,Readiness,Read-Only,1000,On-Change
Timing,EndpointFsmState,nsu=urn:dune:pds:daphne;s=DAPHNE.Boards.{BoardId}.Timing.EndpointFsmState,LOCAL READABLE,DAQ / DTS,DAQ/DTS owns timing configuration; SC receives monitoring; DPS may inhibit,one per DAPHNE board,endpointStatus.FSM_STATUS,Baseline DCS,All states,Timing readiness,Readiness,Read-Only,1000,On-Change
Timing,EndpointFsmRaw,nsu=urn:dune:pds:daphne;s=DAPHNE.Boards.{BoardId}.Timing.EndpointFsmRaw,LOCAL READABLE,DAQ / DTS,DAQ/DTS owns timing configuration; SC receives monitoring; DPS may inhibit,one per DAPHNE board,endpointStatus.FSM_STATUS,Baseline DCS,All states,Timing readiness,Readiness,Read-Only,1000,On-Change
Timing,TimestampValid,nsu=urn:dune:pds:daphne;s=DAPHNE.Boards.{BoardId}.Timing.TimestampValid,LOCAL READABLE,DAQ / DTS,DAQ/DTS owns timing configuration; SC receives monitoring; DPS may inhibit,one per DAPHNE board,endpointStatus.TIMESTAMP_OK,Baseline DCS,All states,Timing readiness,Readiness,Read-Only,1000,On-Change
Timing,TimingUsable,nsu=urn:dune:pds:daphne;s=DAPHNE.Boards.{BoardId}.Timing.TimingUsable,REQUIRED PRODUCTION,DAQ / DTS,DAQ/DTS owns timing configuration; SC receives monitoring; DPS may inhibit,one per DAPHNE board,preflight readiness contract,Baseline DCS,All states,Timing readiness,Readiness,Read-Only,1000,On-Change
Timing,RawEndpointStatus,nsu=urn:dune:pds:daphne;s=DAPHNE.Boards.{BoardId}.Timing.RawEndpointStatus,CURRENT PROTOBUF,DAQ / DTS,DAQ/DTS owns timing configuration; SC receives monitoring; DPS may inhibit,one per DAPHNE board,ClockStatus.raw_endpoint_status,Baseline DCS,All states,Timing readiness,Readiness,Read-Only,1000,On-Change
Timing,EndpointAddress,nsu=urn:dune:pds:daphne;s=DAPHNE.Boards.{BoardId}.Timing.EndpointAddress,LOCAL READABLE,DAQ / DTS,DAQ/DTS owns timing configuration; SC receives monitoring; DPS may inhibit,one per DAPHNE board,endpointControl.ADDRESS,Baseline DCS,All states,Timing readiness,Readiness,Read-Only,1000,On-Change
Timing,TxEnableRequested,nsu=urn:dune:pds:daphne;s=DAPHNE.Boards.{BoardId}.Timing.TxEnableRequested,REQUIRED PRODUCTION,DAQ / DTS,DAQ/DTS owns timing configuration; SC receives monitoring; DPS may inhibit,one per DAPHNE board,timing endpoint contract,Baseline DCS,All states,Timing readiness,Readiness,Read-Only,1000,On-Change
Timing,TxDisabled,nsu=urn:dune:pds:daphne;s=DAPHNE.Boards.{BoardId}.Timing.TxDisabled,LOCAL READABLE,DAQ / DTS,DAQ/DTS owns timing configuration; SC receives monitoring; DPS may inhibit,one per DAPHNE board,timing endpoint output,Baseline DCS,All states,Timing readiness,Readiness,Read-Only,1000,On-Change
Timing,LossOfSignal,nsu=urn:dune:pds:daphne;s=DAPHNE.Boards.{BoardId}.Timing.LossOfSignal,LOCAL READABLE,DAQ / DTS,DAQ/DTS owns timing configuration; SC receives monitoring; DPS may inhibit,one per DAPHNE board,sfp_tmg_los,Baseline DCS,All states,Timing readiness,Readiness,Read-Only,1000,On-Change
Timing,LockLossCount,nsu=urn:dune:pds:daphne;s=DAPHNE.Boards.{BoardId}.Timing.LockLossCount,REQUIRED PRODUCTION,DAQ / DTS,DAQ/DTS owns timing configuration; SC receives monitoring; DPS may inhibit,one per DAPHNE board,required timing health block,Baseline DCS,All states,Timing readiness,Readiness,Read-Only,1000,On-Change
Timing,AutoRelockCount,nsu=urn:dune:pds:daphne;s=DAPHNE.Boards.{BoardId}.Timing.AutoRelockCount,REQUIRED PRODUCTION,DAQ / DTS,DAQ/DTS owns timing configuration; SC receives monitoring; DPS may inhibit,one per DAPHNE board,required timing health block,Baseline DCS,All states,Timing readiness,Readiness,Read-Only,1000,On-Change
Timing,LastLockLossTime,nsu=urn:dune:pds:daphne;s=DAPHNE.Boards.{BoardId}.Timing.LastLockLossTime,REQUIRED PRODUCTION,DAQ / DTS,DAQ/DTS owns timing configuration; SC receives monitoring; DPS may inhibit,one per DAPHNE board,required timing health block,Baseline DCS,All states,Timing readiness,Readiness,Read-Only,1000,On-Change
Timing,Timestamp,nsu=urn:dune:pds:daphne;s=DAPHNE.Boards.{BoardId}.Timing.Timestamp,REQUIRED PRODUCTION,DAQ / DTS,DAQ/DTS owns timing configuration; SC receives monitoring; DPS may inhibit,one per DAPHNE board,timestamp0..3 register words,Baseline DCS,All states,Timing readiness,Readiness,Read-Only,1000,On-Change
Timing,LastDtsCommandId,nsu=urn:dune:pds:daphne;s=DAPHNE.Boards.{BoardId}.Timing.LastDtsCommandId,REQUIRED PRODUCTION,DAQ / DTS,DAQ/DTS owns timing configuration; SC receives monitoring; DPS may inhibit,one per DAPHNE board,timing/header integration contract,Baseline DCS,All states,Timing readiness,Readiness,Read-Only,1000,On-Change
Timing,GroupMask,nsu=urn:dune:pds:daphne;s=DAPHNE.Boards.{BoardId}.Timing.GroupMask,REQUIRED PRODUCTION,DAQ / DTS,DAQ/DTS owns timing configuration; SC receives monitoring; DPS may inhibit,one per DAPHNE board,versioned timing configuration,Baseline DCS,All states,Timing readiness,Readiness,Read-Only,1000,On-Change
Timing,DelayTrim,nsu=urn:dune:pds:daphne;s=DAPHNE.Boards.{BoardId}.Timing.DelayTrim,REQUIRED PRODUCTION,DAQ / DTS,DAQ/DTS owns timing configuration; SC receives monitoring; DPS may inhibit,one per DAPHNE board,versioned timing configuration,Baseline DCS,All states,Timing readiness,Readiness,Read-Only,1000,On-Change
Timing,CommandDecoderMap,nsu=urn:dune:pds:daphne;s=DAPHNE.Boards.{BoardId}.Timing.CommandDecoderMap,REQUIRED PRODUCTION,DAQ / DTS,DAQ/DTS owns timing configuration; SC receives monitoring; DPS may inhibit,one per DAPHNE board,EDMS 2395364 v2 control-bus registers 0x60..0x67,Baseline DCS,All states,Timing readiness,Readiness,Read-Only,1000,On-Change
Timing,ClockPhaseUpdateComplete,nsu=urn:dune:pds:daphne;s=DAPHNE.Boards.{BoardId}.Timing.ClockPhaseUpdateComplete,REQUIRED PRODUCTION,DAQ / DTS,DAQ/DTS owns timing configuration; SC receives monitoring; DPS may inhibit,one per DAPHNE board,EDMS 2395364 v2 status register 0x71 bit 4,Baseline DCS,All states,Timing readiness,Readiness,Read-Only,1000,On-Change
Timing,CoarseDelay,nsu=urn:dune:pds:daphne;s=DAPHNE.Boards.{BoardId}.Timing.CoarseDelay,REQUIRED PRODUCTION,DAQ / DTS,DAQ/DTS owns timing configuration; SC receives monitoring; DPS may inhibit,one per DAPHNE board,EDMS 2395364 v2 deskew registers 0x72..0x73 bits 3..0,Baseline DCS,All states,Timing readiness,Readiness,Read-Only,1000,On-Change
Timing,FinePhase,nsu=urn:dune:pds:daphne;s=DAPHNE.Boards.{BoardId}.Timing.FinePhase,REQUIRED PRODUCTION,DAQ / DTS,DAQ/DTS owns timing configuration; SC receives monitoring; DPS may inhibit,one per DAPHNE board,EDMS 2395364 v2 deskew registers 0x72..0x73 bits 15..4,Baseline DCS,All states,Timing readiness,Readiness,Read-Only,1000,On-Change
Timing,ProtocolErrorCount,nsu=urn:dune:pds:daphne;s=DAPHNE.Boards.{BoardId}.Timing.ProtocolErrorCount,REQUIRED PRODUCTION,DAQ / DTS,DAQ/DTS owns timing configuration; SC receives monitoring; DPS may inhibit,one per DAPHNE board,EDMS 2395364 v2 err_cnt register 0x76,Baseline DCS,All states,Timing readiness,Readiness,Read-Only,1000,On-Change
Timing,EndpointVersion,nsu=urn:dune:pds:daphne;s=DAPHNE.Boards.{BoardId}.Timing.EndpointVersion,REQUIRED PRODUCTION,DAQ / DTS,DAQ/DTS owns timing configuration; SC receives monitoring; DPS may inhibit,one per DAPHNE board,EDMS 2395364 v2 version registers 0x78..0x7b,Baseline DCS,All states,Timing readiness,Readiness,Read-Only,1000,On-Change
AFE Global,PowerState,nsu=urn:dune:pds:daphne;s=DAPHNE.Boards.{BoardId}.AFE.Global.PowerState,LOCAL READABLE,Slow Controls,SC owns power/bias enable and safe-state action,one per DAPHNE board,afeGlobalControl.POWERSTATE,Baseline DCS,All states,AFE readiness,Candidate,Read-Only,1000,On-Change
AFE Global,ResetAsserted,nsu=urn:dune:pds:daphne;s=DAPHNE.Boards.{BoardId}.AFE.Global.ResetAsserted,LOCAL READABLE,DAQ,DAQ owns data-taking configuration/reset; SC monitors,one per DAPHNE board,afeGlobalControl.RESET,Baseline DCS,All states,AFE readiness,Candidate,Read-Only,1000,On-Change
AFE Global,BusyAfe0,nsu=urn:dune:pds:daphne;s=DAPHNE.Boards.{BoardId}.AFE.Global.BusyAfe0,LOCAL READABLE,DAQ,DAQ owns data-taking configuration/reset; SC monitors,one per DAPHNE board,afeGlobalControl.BUSY_AFE0,Baseline DCS,All states,AFE readiness,Candidate,Read-Only,1000,On-Change
AFE Global,BusyAfe12,nsu=urn:dune:pds:daphne;s=DAPHNE.Boards.{BoardId}.AFE.Global.BusyAfe12,LOCAL READABLE,DAQ,DAQ owns data-taking configuration/reset; SC monitors,one per DAPHNE board,afeGlobalControl.BUSY_AFE12,Baseline DCS,All states,AFE readiness,Candidate,Read-Only,1000,On-Change
AFE Global,BusyAfe34,nsu=urn:dune:pds:daphne;s=DAPHNE.Boards.{BoardId}.AFE.Global.BusyAfe34,LOCAL READABLE,DAQ,DAQ owns data-taking configuration/reset; SC monitors,one per DAPHNE board,afeGlobalControl.BUSY_AFE34,Baseline DCS,All states,AFE readiness,Candidate,Read-Only,1000,On-Change
AFE Global,BiasEnable,nsu=urn:dune:pds:daphne;s=DAPHNE.Boards.{BoardId}.AFE.Global.BiasEnable,LOCAL READABLE,Slow Controls,SC owns power/bias enable and safe-state action,one per DAPHNE board,biasEnable.ENABLE,Baseline DCS,All states,AFE readiness,Candidate,Read-Only,1000,On-Change
AFE Global,BiasControlCode,nsu=urn:dune:pds:daphne;s=DAPHNE.Boards.{BoardId}.AFE.Global.BiasControlCode,CURRENT PROTOBUF,DAQ,DAQ owns data-taking configuration/reset; SC monitors,one per DAPHNE board,READ_VBIAS_CONTROL,Baseline DCS,All states,AFE readiness,Candidate,Read-Only,1000,On-Change
AFE,Attenuation,nsu=urn:dune:pds:daphne;s=DAPHNE.Boards.{BoardId}.AFE.Blocks.{Afe}.Attenuation,CURRENT PROTOBUF,DAQ,DAQ applies the data-taking profile through its OPC-UA role; SC monitors and owns energization/permits,per AFE block 0..4,READ/WRITE AFE attenuation,Baseline DCS,All states,AFE configuration/readback,Context,Read-Only,5000,On-Change
AFE,VGain,nsu=urn:dune:pds:daphne;s=DAPHNE.Boards.{BoardId}.AFE.Blocks.{Afe}.VGain,CURRENT PROTOBUF,DAQ,DAQ applies the data-taking profile through its OPC-UA role; SC monitors and owns energization/permits,per AFE block 0..4,READ_AFE_VGAIN,Baseline DCS,All states,AFE configuration/readback,Context,Read-Only,5000,On-Change
AFE,BiasSetCode,nsu=urn:dune:pds:daphne;s=DAPHNE.Boards.{BoardId}.AFE.Blocks.{Afe}.BiasSetCode,CURRENT PROTOBUF,DAQ,DAQ applies the data-taking profile through its OPC-UA role; SC monitors and owns energization/permits,per AFE block 0..4,READ_AFE_BIAS_SET,Baseline DCS,All states,AFE configuration/readback,Context,Read-Only,5000,On-Change
AFE,BiasVoltage,nsu=urn:dune:pds:daphne;s=DAPHNE.Boards.{BoardId}.AFE.Blocks.{Afe}.BiasVoltage,CURRENT OPC-UA POC,DAQ,DAQ applies the data-taking profile through its OPC-UA role; SC monitors and owns energization/permits,per AFE block 0..4,GeneralInfo.v_bias_0..4 / bias monitor,Baseline DCS,All states,AFE configuration/readback,Context,Read-Only,5000,5000
AFE,BiasVoltageTarget,nsu=urn:dune:pds:daphne;s=DAPHNE.Boards.{BoardId}.AFE.Blocks.{Afe}.BiasVoltageTarget,CURRENT PROTOBUF,DAQ,DAQ applies the data-taking profile through its OPC-UA role; SC monitors and owns energization/permits,per AFE block 0..4,cmd_writeAFEBiasControlledSet.target_bias_mv,Baseline DCS,All states,AFE configuration/readback,Context,Read-Only,5000,5000
AFE,BiasVoltageError,nsu=urn:dune:pds:daphne;s=DAPHNE.Boards.{BoardId}.AFE.Blocks.{Afe}.BiasVoltageError,CURRENT PROTOBUF,DAQ,DAQ applies the data-taking profile through its OPC-UA role; SC monitors and owns energization/permits,per AFE block 0..4,cmd_writeAFEBiasControlledSet_response.error_mv,Baseline DCS,All states,AFE configuration/readback,Context,Read-Only,5000,5000
AFE,BiasControlStatus,nsu=urn:dune:pds:daphne;s=DAPHNE.Boards.{BoardId}.AFE.Blocks.{Afe}.BiasControlStatus,CURRENT PROTOBUF,DAQ,DAQ applies the data-taking profile through its OPC-UA role; SC monitors and owns energization/permits,per AFE block 0..4,AfeBiasControlStatus,Baseline DCS,All states,AFE configuration/readback,Context,Read-Only,5000,On-Change
AFE,BiasControlSettled,nsu=urn:dune:pds:daphne;s=DAPHNE.Boards.{BoardId}.AFE.Blocks.{Afe}.BiasControlSettled,CURRENT PROTOBUF,DAQ,DAQ applies the data-taking profile through its OPC-UA role; SC monitors and owns energization/permits,per AFE block 0..4,controlled-set response.settled,Baseline DCS,All states,AFE configuration/readback,Context,Read-Only,5000,On-Change
AFE,BiasControlIterations,nsu=urn:dune:pds:daphne;s=DAPHNE.Boards.{BoardId}.AFE.Blocks.{Afe}.BiasControlIterations,CURRENT PROTOBUF,DAQ,DAQ applies the data-taking profile through its OPC-UA role; SC monitors and owns energization/permits,per AFE block 0..4,controlled-set response.iterations,Baseline DCS,All states,AFE configuration/readback,Context,Read-Only,5000,On-Change
AFE,BiasVoltageSlope,nsu=urn:dune:pds:daphne;s=DAPHNE.Boards.{BoardId}.AFE.Blocks.{Afe}.BiasVoltageSlope,CURRENT PROTOBUF,DAQ,DAQ applies the data-taking profile through its OPC-UA role; SC monitors and owns energization/permits,per AFE block 0..4,controlled-set response.final_slope_mv_per_s,Baseline DCS,All states,AFE configuration/readback,Context,Read-Only,5000,5000
AFE,BiasStableSamples,nsu=urn:dune:pds:daphne;s=DAPHNE.Boards.{BoardId}.AFE.Blocks.{Afe}.BiasStableSamples,CURRENT PROTOBUF,DAQ,DAQ applies the data-taking profile through its OPC-UA role; SC monitors and owns energization/permits,per AFE block 0..4,controlled-set response.stable_samples,Baseline DCS,All states,AFE configuration/readback,Context,Read-Only,5000,On-Change
AFE,AdcResolution,nsu=urn:dune:pds:daphne;s=DAPHNE.Boards.{BoardId}.AFE.Blocks.{Afe}.AdcResolution,CURRENT PROTOBUF,DAQ,DAQ applies the data-taking profile through its OPC-UA role; SC monitors and owns energization/permits,per AFE block 0..4,AFEConfig.adc.resolution,Baseline DCS,All states,AFE configuration/readback,Context,Read-Only,5000,On-Change
AFE,AdcOutputFormat,nsu=urn:dune:pds:daphne;s=DAPHNE.Boards.{BoardId}.AFE.Blocks.{Afe}.AdcOutputFormat,CURRENT PROTOBUF,DAQ,DAQ applies the data-taking profile through its OPC-UA role; SC monitors and owns energization/permits,per AFE block 0..4,AFEConfig.adc.output_format,Baseline DCS,All states,AFE configuration/readback,Context,Read-Only,5000,On-Change
AFE,AdcMsbFirst,nsu=urn:dune:pds:daphne;s=DAPHNE.Boards.{BoardId}.AFE.Blocks.{Afe}.AdcMsbFirst,CURRENT PROTOBUF,DAQ,DAQ applies the data-taking profile through its OPC-UA role; SC monitors and owns energization/permits,per AFE block 0..4,AFEConfig.adc.sb_first,Baseline DCS,All states,AFE configuration/readback,Context,Read-Only,5000,On-Change
AFE,PgaLpfCutFrequency,nsu=urn:dune:pds:daphne;s=DAPHNE.Boards.{BoardId}.AFE.Blocks.{Afe}.PgaLpfCutFrequency,CURRENT PROTOBUF,DAQ,DAQ applies the data-taking profile through its OPC-UA role; SC monitors and owns energization/permits,per AFE block 0..4,AFEConfig.pga.lpf_cut_frequency,Baseline DCS,All states,AFE configuration/readback,Context,Read-Only,5000,On-Change
AFE,PgaIntegratorDisabled,nsu=urn:dune:pds:daphne;s=DAPHNE.Boards.{BoardId}.AFE.Blocks.{Afe}.PgaIntegratorDisabled,CURRENT PROTOBUF,DAQ,DAQ applies the data-taking profile through its OPC-UA role; SC monitors and owns energization/permits,per AFE block 0..4,AFEConfig.pga.integrator_disable,Baseline DCS,All states,AFE configuration/readback,Context,Read-Only,5000,On-Change
AFE,PgaGain,nsu=urn:dune:pds:daphne;s=DAPHNE.Boards.{BoardId}.AFE.Blocks.{Afe}.PgaGain,CURRENT PROTOBUF,DAQ,DAQ applies the data-taking profile through its OPC-UA role; SC monitors and owns energization/permits,per AFE block 0..4,AFEConfig.pga.gain,Baseline DCS,All states,AFE configuration/readback,Context,Read-Only,5000,On-Change
AFE,LnaClamp,nsu=urn:dune:pds:daphne;s=DAPHNE.Boards.{BoardId}.AFE.Blocks.{Afe}.LnaClamp,CURRENT PROTOBUF,DAQ,DAQ applies the data-taking profile through its OPC-UA role; SC monitors and owns energization/permits,per AFE block 0..4,AFEConfig.lna.clamp,Baseline DCS,All states,AFE configuration/readback,Context,Read-Only,5000,On-Change
AFE,LnaGain,nsu=urn:dune:pds:daphne;s=DAPHNE.Boards.{BoardId}.AFE.Blocks.{Afe}.LnaGain,CURRENT PROTOBUF,DAQ,DAQ applies the data-taking profile through its OPC-UA role; SC monitors and owns energization/permits,per AFE block 0..4,AFEConfig.lna.gain,Baseline DCS,All states,AFE configuration/readback,Context,Read-Only,5000,On-Change
AFE,LnaIntegratorDisabled,nsu=urn:dune:pds:daphne;s=DAPHNE.Boards.{BoardId}.AFE.Blocks.{Afe}.LnaIntegratorDisabled,CURRENT PROTOBUF,DAQ,DAQ applies the data-taking profile through its OPC-UA role; SC monitors and owns energization/permits,per AFE block 0..4,AFEConfig.lna.integrator_disable,Baseline DCS,All states,AFE configuration/readback,Context,Read-Only,5000,On-Change
AFE,AlignmentDelay,nsu=urn:dune:pds:daphne;s=DAPHNE.Boards.{BoardId}.AFE.Blocks.{Afe}.AlignmentDelay,CURRENT PROTOBUF,DAQ,DAQ applies the data-taking profile through its OPC-UA role; SC monitors and owns energization/permits,per AFE block 0..4,cmd_alignAFEs_response.delay,Baseline DCS,All states,AFE configuration/readback,Context,Read-Only,5000,On-Change
AFE,AlignmentBitslip,nsu=urn:dune:pds:daphne;s=DAPHNE.Boards.{BoardId}.AFE.Blocks.{Afe}.AlignmentBitslip,CURRENT PROTOBUF,DAQ,DAQ applies the data-taking profile through its OPC-UA role; SC monitors and owns energization/permits,per AFE block 0..4,cmd_alignAFEs_response.bitslip,Baseline DCS,All states,AFE configuration/readback,Context,Read-Only,5000,On-Change
AFE,Aligned,nsu=urn:dune:pds:daphne;s=DAPHNE.Boards.{BoardId}.AFE.Blocks.{Afe}.Aligned,REQUIRED PRODUCTION,DAQ,DAQ applies the data-taking profile through its OPC-UA role; SC monitors and owns energization/permits,per AFE block 0..4,frontend alignment status contract,Baseline DCS,All states,AFE configuration/readback,Context,Read-Only,5000,On-Change
Channels,Trim,nsu=urn:dune:pds:daphne;s=DAPHNE.Boards.{BoardId}.Channels.{Channel}.Trim,CURRENT PROTOBUF,DAQ,DAQ applies channel configuration through its OPC-UA role; SC receives the complete readback/monitoring set,"per channel; HD 0..39, VD 0..31",READ_TRIM_*,Baseline DCS,All states,Run context,No,Read-Only,5000,5000
Channels,Offset,nsu=urn:dune:pds:daphne;s=DAPHNE.Boards.{BoardId}.Channels.{Channel}.Offset,CURRENT PROTOBUF,DAQ,DAQ applies channel configuration through its OPC-UA role; SC receives the complete readback/monitoring set,"per channel; HD 0..39, VD 0..31",READ_OFFSET_*,Baseline DCS,All states,Run context,No,Read-Only,5000,5000
Channels,Gain,nsu=urn:dune:pds:daphne;s=DAPHNE.Boards.{BoardId}.Channels.{Channel}.Gain,REQUIRED PRODUCTION,DAQ,DAQ applies channel configuration through its OPC-UA role; SC receives the complete readback/monitoring set,"per channel; HD 0..39, VD 0..31",ChannelConfig.gain + readback contract,Baseline DCS,All states,Run context,No,Read-Only,5000,5000
Channels,CurrentMonitorRaw,nsu=urn:dune:pds:daphne;s=DAPHNE.Boards.{BoardId}.Channels.{Channel}.CurrentMonitorRaw,CURRENT PROTOBUF,DAQ,DAQ applies channel configuration through its OPC-UA role; SC receives the complete readback/monitoring set,"per channel; HD 0..39, VD 0..31",READ_CURRENT_MONITOR,Baseline DCS,All states,Run context,No,Read-Only,5000,5000
Channels,Current,nsu=urn:dune:pds:daphne;s=DAPHNE.Boards.{BoardId}.Channels.{Channel}.Current,REQUIRED PRODUCTION,DAQ,DAQ applies channel configuration through its OPC-UA role; SC receives the complete readback/monitoring set,"per channel; HD 0..39, VD 0..31",current monitor + calibration,Baseline DCS,All states,Run context,No,Read-Only,5000,5000
Channels,TriggerEnabled,nsu=urn:dune:pds:daphne;s=DAPHNE.Boards.{BoardId}.Channels.{Channel}.TriggerEnabled,LOCAL READABLE,DAQ,DAQ applies channel configuration through its OPC-UA role; SC receives the complete readback/monitoring set,"per channel; HD 0..39, VD 0..31",triggerEnableLow/High,Baseline DCS,All states,Run context,No,Read-Only,5000,5000
Channels,FullStreamEnabled,nsu=urn:dune:pds:daphne;s=DAPHNE.Boards.{BoardId}.Channels.{Channel}.FullStreamEnabled,CURRENT PROTOBUF,DAQ,DAQ applies channel configuration through its OPC-UA role; SC receives the complete readback/monitoring set,"per channel; HD 0..39, VD 0..31",ConfigureRequest.full_stream_channels,Baseline DCS,All states,Run context,No,Read-Only,5000,5000
Channels,TriggerThreshold,nsu=urn:dune:pds:daphne;s=DAPHNE.Boards.{BoardId}.Channels.{Channel}.TriggerThreshold,CURRENT PROTOBUF,DAQ,DAQ applies channel configuration through its OPC-UA role; SC receives the complete readback/monitoring set,"per channel; HD 0..39, VD 0..31",TriggerChannelSnapshot.threshold,Baseline DCS,All states,Run context,No,Read-Only,5000,5000
Channels,TriggerRecordCount,nsu=urn:dune:pds:daphne;s=DAPHNE.Boards.{BoardId}.Channels.{Channel}.TriggerRecordCount,CURRENT PROTOBUF,DAQ,DAQ applies channel configuration through its OPC-UA role; SC receives the complete readback/monitoring set,"per channel; HD 0..39, VD 0..31",TriggerChannelSnapshot.record_count,Baseline DCS,All states,Run context,No,Read-Only,30000,30000
Channels,TriggerBusyCount,nsu=urn:dune:pds:daphne;s=DAPHNE.Boards.{BoardId}.Channels.{Channel}.TriggerBusyCount,CURRENT PROTOBUF,DAQ,DAQ applies channel configuration through its OPC-UA role; SC receives the complete readback/monitoring set,"per channel; HD 0..39, VD 0..31",TriggerChannelSnapshot.busy_count,Baseline DCS,All states,Run context,No,Read-Only,30000,30000
Channels,TriggerFullCount,nsu=urn:dune:pds:daphne;s=DAPHNE.Boards.{BoardId}.Channels.{Channel}.TriggerFullCount,CURRENT PROTOBUF,DAQ,DAQ applies channel configuration through its OPC-UA role; SC receives the complete readback/monitoring set,"per channel; HD 0..39, VD 0..31",TriggerChannelSnapshot.full_count,Baseline DCS,All states,Run context,No,Read-Only,30000,30000
Channels,TriggerRate,nsu=urn:dune:pds:daphne;s=DAPHNE.Boards.{BoardId}.Channels.{Channel}.TriggerRate,REQUIRED PRODUCTION,DAQ,DAQ applies channel configuration through its OPC-UA role; SC receives the complete readback/monitoring set,"per channel; HD 0..39, VD 0..31",delta(record_count)/delta(time),Baseline DCS,All states,Run context,No,Read-Only,5000,5000
Channels,BusyFraction,nsu=urn:dune:pds:daphne;s=DAPHNE.Boards.{BoardId}.Channels.{Channel}.BusyFraction,REQUIRED PRODUCTION,DAQ,DAQ applies channel configuration through its OPC-UA role; SC receives the complete readback/monitoring set,"per channel; HD 0..39, VD 0..31",delta(busy)/defined opportunity denominator,Baseline DCS,All states,Run context,No,Read-Only,5000,5000
Channels,PacketCount,nsu=urn:dune:pds:daphne;s=DAPHNE.Boards.{BoardId}.Channels.{Channel}.PacketCount,CURRENT PROTOBUF,DAQ,DAQ applies channel configuration through its OPC-UA role; SC receives the complete readback/monitoring set,"per channel; HD 0..39, VD 0..31",ChannelInfo.total_packets,Baseline DCS,All states,Run context,No,Read-Only,30000,30000
Channels,PacketRate,nsu=urn:dune:pds:daphne;s=DAPHNE.Boards.{BoardId}.Channels.{Channel}.PacketRate,REQUIRED PRODUCTION,DAQ,DAQ applies channel configuration through its OPC-UA role; SC receives the complete readback/monitoring set,"per channel; HD 0..39, VD 0..31",ChannelInfo.new_packets / interval,Baseline DCS,All states,Run context,No,Read-Only,5000,5000
Run Configuration,SelfTriggerThreshold,nsu=urn:dune:pds:daphne;s=DAPHNE.Boards.{BoardId}.Configuration.Active.SelfTriggerThreshold,CURRENT PROTOBUF,DAQ,DAQ applies and verifies the run configuration through the OPC-UA gateway; SC monitors readback,one per DAPHNE board,ConfigureRequest.self_trigger_threshold,Baseline DCS,All states,Configuration mismatch,No,Read-Only,30000,On-Change
Run Configuration,SelfTriggerXcorr,nsu=urn:dune:pds:daphne;s=DAPHNE.Boards.{BoardId}.Configuration.Active.SelfTriggerXcorr,CURRENT PROTOBUF,DAQ,DAQ applies and verifies the run configuration through the OPC-UA gateway; SC monitors readback,one per DAPHNE board,ConfigureRequest.self_trigger_xcorr,Baseline DCS,All states,Configuration mismatch,No,Read-Only,30000,On-Change
Run Configuration,TriggerPrimitiveConfig,nsu=urn:dune:pds:daphne;s=DAPHNE.Boards.{BoardId}.Configuration.Active.TriggerPrimitiveConfig,CURRENT PROTOBUF,DAQ,DAQ applies and verifies the run configuration through the OPC-UA gateway; SC monitors readback,one per DAPHNE board,ConfigureRequest.tp_conf,Baseline DCS,All states,Configuration mismatch,No,Read-Only,30000,On-Change
Run Configuration,CompensatorMask,nsu=urn:dune:pds:daphne;s=DAPHNE.Boards.{BoardId}.Configuration.Active.CompensatorMask,CURRENT PROTOBUF,DAQ,DAQ applies and verifies the run configuration through the OPC-UA gateway; SC monitors readback,one per DAPHNE board,ConfigureRequest.compensator,Baseline DCS,All states,Configuration mismatch,No,Read-Only,30000,On-Change
Run Configuration,InverterMask,nsu=urn:dune:pds:daphne;s=DAPHNE.Boards.{BoardId}.Configuration.Active.InverterMask,CURRENT PROTOBUF,DAQ,DAQ applies and verifies the run configuration through the OPC-UA gateway; SC monitors readback,one per DAPHNE board,ConfigureRequest.inverters,Baseline DCS,All states,Configuration mismatch,No,Read-Only,30000,On-Change
Run Configuration,FullStreamChannelList,nsu=urn:dune:pds:daphne;s=DAPHNE.Boards.{BoardId}.Configuration.Active.FullStreamChannelList,CURRENT PROTOBUF,DAQ,DAQ applies and verifies the run configuration through the OPC-UA gateway; SC monitors readback,one per DAPHNE board,ConfigureRequest.full_stream_channels,Baseline DCS,All states,Configuration mismatch,No,Read-Only,30000,On-Change
Run Configuration,Slot,nsu=urn:dune:pds:daphne;s=DAPHNE.Boards.{BoardId}.Configuration.Active.Slot,CURRENT PROTOBUF,DAQ,DAQ applies and verifies the run configuration through the OPC-UA gateway; SC monitors readback,one per DAPHNE board,ConfigureRequest.slot,Baseline DCS,All states,Configuration mismatch,No,Read-Only,30000,On-Change
Run Configuration,RequestTimeoutMs,nsu=urn:dune:pds:daphne;s=DAPHNE.Boards.{BoardId}.Configuration.Active.RequestTimeoutMs,CURRENT PROTOBUF,DAQ,DAQ applies and verifies the run configuration through the OPC-UA gateway; SC monitors readback,one per DAPHNE board,ConfigureRequest.timeout_ms,Baseline DCS,All states,Configuration mismatch,No,Read-Only,30000,On-Change
Run Configuration,BiasControl,nsu=urn:dune:pds:daphne;s=DAPHNE.Boards.{BoardId}.Configuration.Active.BiasControl,CURRENT PROTOBUF,DAQ,DAQ applies and verifies the run configuration through the OPC-UA gateway; SC monitors readback,one per DAPHNE board,ConfigureRequest.biasctrl,Baseline DCS,All states,Configuration mismatch,No,Read-Only,30000,On-Change
Run Configuration,SelfTriggerConfigRaw,nsu=urn:dune:pds:daphne;s=DAPHNE.Boards.{BoardId}.Configuration.Active.SelfTriggerConfigRaw,LOCAL READABLE,DAQ,DAQ applies and verifies the run configuration through the OPC-UA gateway; SC monitors readback,one per DAPHNE board,stuffregs.OFF_ST_CONFIG,Baseline DCS,All states,Configuration mismatch,No,Read-Only,30000,On-Change
Run Configuration,SelfTriggerDelayRaw,nsu=urn:dune:pds:daphne;s=DAPHNE.Boards.{BoardId}.Configuration.Active.SelfTriggerDelayRaw,LOCAL READABLE,DAQ,DAQ applies and verifies the run configuration through the OPC-UA gateway; SC monitors readback,one per DAPHNE board,stuffregs.OFF_ST_DELAY,Baseline DCS,All states,Configuration mismatch,No,Read-Only,30000,On-Change
Run Configuration,SelfTriggerFilterOutputSelect,nsu=urn:dune:pds:daphne;s=DAPHNE.Boards.{BoardId}.Configuration.Active.SelfTriggerFilterOutputSelect,LOCAL READABLE,DAQ,DAQ applies and verifies the run configuration through the OPC-UA gateway; SC monitors readback,one per DAPHNE board,stuffregs.OFF_ST_FILTER_OUTPUT_SEL,Baseline DCS,All states,Configuration mismatch,No,Read-Only,30000,On-Change
Spy Trigger,SourceSelector,nsu=urn:dune:pds:daphne;s=DAPHNE.Boards.{BoardId}.Spy.Trigger.SourceSelector,LOCAL READABLE,DAQ,DAQ OPC-UA configuration; SC monitoring,one per DAPHNE board,daphne-firmware working tree: spy_trigger_ctrl_reg[1:0] at 0x88000034,Baseline DCS readback; write only through guarded typed operation,All states,Spy-buffer configuration,Context,Read-Only,5000,On-Change
Spy Trigger,Inhibit,nsu=urn:dune:pds:daphne;s=DAPHNE.Boards.{BoardId}.Spy.Trigger.Inhibit,LOCAL READABLE,DAQ,DAQ OPC-UA configuration; SC monitoring,one per DAPHNE board,daphne-firmware working tree: spy_trigger_ctrl_reg[2] at 0x88000034,Baseline DCS readback; write only through guarded typed operation,All states,Spy capture inhibited,Context,Read-Only,5000,On-Change
Readout Stream,TotalPackets,nsu=urn:dune:pds:daphne;s=DAPHNE.Boards.{BoardId}.Readout.Stream.TotalPackets,CURRENT PROTOBUF,DAQ,Read-only; DAQ owns data-path recovery,one per DAPHNE board,InfoResponse.StreamInfo plus required gateware/Hermes health,Baseline DCS,All states,Readout readiness,No,Read-Only,5000,5000
Readout Stream,NewPackets,nsu=urn:dune:pds:daphne;s=DAPHNE.Boards.{BoardId}.Readout.Stream.NewPackets,CURRENT PROTOBUF,DAQ,Read-only; DAQ owns data-path recovery,one per DAPHNE board,InfoResponse.StreamInfo plus required gateware/Hermes health,Baseline DCS,All states,Readout readiness,No,Read-Only,5000,5000
Readout Stream,TotalDroppedPackets,nsu=urn:dune:pds:daphne;s=DAPHNE.Boards.{BoardId}.Readout.Stream.TotalDroppedPackets,CURRENT PROTOBUF,DAQ,Read-only; DAQ owns data-path recovery,one per DAPHNE board,InfoResponse.StreamInfo plus required gateware/Hermes health,Baseline DCS,All states,Readout readiness,No,Read-Only,5000,5000
Readout Stream,NewDroppedPackets,nsu=urn:dune:pds:daphne;s=DAPHNE.Boards.{BoardId}.Readout.Stream.NewDroppedPackets,CURRENT PROTOBUF,DAQ,Read-only; DAQ owns data-path recovery,one per DAPHNE board,InfoResponse.StreamInfo plus required gateware/Hermes health,Baseline DCS,All states,Readout readiness,No,Read-Only,5000,5000
Readout Stream,PacketRate,nsu=urn:dune:pds:daphne;s=DAPHNE.Boards.{BoardId}.Readout.Stream.PacketRate,REQUIRED PRODUCTION,DAQ,Read-only; DAQ owns data-path recovery,one per DAPHNE board,InfoResponse.StreamInfo plus required gateware/Hermes health,Baseline DCS,All states,Readout readiness,No,Read-Only,5000,5000
Readout Stream,DropRate,nsu=urn:dune:pds:daphne;s=DAPHNE.Boards.{BoardId}.Readout.Stream.DropRate,REQUIRED PRODUCTION,DAQ,Read-only; DAQ owns data-path recovery,one per DAPHNE board,InfoResponse.StreamInfo plus required gateware/Hermes health,Baseline DCS,All states,Readout readiness,No,Read-Only,5000,5000
Readout Stream,DropFraction,nsu=urn:dune:pds:daphne;s=DAPHNE.Boards.{BoardId}.Readout.Stream.DropFraction,REQUIRED PRODUCTION,DAQ,Read-only; DAQ owns data-path recovery,one per DAPHNE board,InfoResponse.StreamInfo plus required gateware/Hermes health,Baseline DCS,All states,Readout readiness,No,Read-Only,5000,5000
Readout Stream,ThrottlingActive,nsu=urn:dune:pds:daphne;s=DAPHNE.Boards.{BoardId}.Readout.Stream.ThrottlingActive,REQUIRED PRODUCTION,DAQ,Read-only; DAQ owns data-path recovery,one per DAPHNE board,InfoResponse.StreamInfo plus required gateware/Hermes health,Baseline DCS,All states,Readout readiness,No,Read-Only,5000,5000
Readout Stream,ThrottleEventCount,nsu=urn:dune:pds:daphne;s=DAPHNE.Boards.{BoardId}.Readout.Stream.ThrottleEventCount,REQUIRED PRODUCTION,DAQ,Read-only; DAQ owns data-path recovery,one per DAPHNE board,InfoResponse.StreamInfo plus required gateware/Hermes health,Baseline DCS,All states,Readout readiness,No,Read-Only,5000,5000
Readout Stream,DataPathStale,nsu=urn:dune:pds:daphne;s=DAPHNE.Boards.{BoardId}.Readout.Stream.DataPathStale,REQUIRED PRODUCTION,DAQ,Read-only; DAQ owns data-path recovery,one per DAPHNE board,InfoResponse.StreamInfo plus required gateware/Hermes health,Baseline DCS,All states,Readout readiness,No,Read-Only,5000,5000
10GbE Readout,Provisioned,nsu=urn:dune:pds:daphne;s=DAPHNE.Boards.{BoardId}.Readout.Links.{DataLink}.Provisioned,REQUIRED PRODUCTION,DAQ,DAQ supplies the readout-link profile through the OPC-UA gateway and monitors the data plane; SC receives health readback,per provisioned 10 GbE data lane; hardware supports up to four,Hermes/10GbE gateware health contract,Baseline DCS,All states,Readout link fault,No,Read-Only,5000,On-Change
10GbE Readout,Enabled,nsu=urn:dune:pds:daphne;s=DAPHNE.Boards.{BoardId}.Readout.Links.{DataLink}.Enabled,REQUIRED PRODUCTION,DAQ,DAQ supplies the readout-link profile through the OPC-UA gateway and monitors the data plane; SC receives health readback,per provisioned 10 GbE data lane; hardware supports up to four,Hermes/10GbE gateware health contract,Baseline DCS,All states,Readout link fault,No,Read-Only,5000,On-Change
10GbE Readout,LinkReady,nsu=urn:dune:pds:daphne;s=DAPHNE.Boards.{BoardId}.Readout.Links.{DataLink}.LinkReady,REQUIRED PRODUCTION,DAQ,DAQ supplies the readout-link profile through the OPC-UA gateway and monitors the data plane; SC receives health readback,per provisioned 10 GbE data lane; hardware supports up to four,Hermes/10GbE gateware health contract,Baseline DCS,All states,Readout link fault,No,Read-Only,5000,On-Change
10GbE Readout,LocalFault,nsu=urn:dune:pds:daphne;s=DAPHNE.Boards.{BoardId}.Readout.Links.{DataLink}.LocalFault,REQUIRED PRODUCTION,DAQ,DAQ supplies the readout-link profile through the OPC-UA gateway and monitors the data plane; SC receives health readback,per provisioned 10 GbE data lane; hardware supports up to four,Hermes/10GbE gateware health contract,Baseline DCS,All states,Readout link fault,No,Read-Only,5000,On-Change
10GbE Readout,RemoteFault,nsu=urn:dune:pds:daphne;s=DAPHNE.Boards.{BoardId}.Readout.Links.{DataLink}.RemoteFault,REQUIRED PRODUCTION,DAQ,DAQ supplies the readout-link profile through the OPC-UA gateway and monitors the data plane; SC receives health readback,per provisioned 10 GbE data lane; hardware supports up to four,Hermes/10GbE gateware health contract,Baseline DCS,All states,Readout link fault,No,Read-Only,5000,On-Change
10GbE Readout,TxPacketCount,nsu=urn:dune:pds:daphne;s=DAPHNE.Boards.{BoardId}.Readout.Links.{DataLink}.TxPacketCount,REQUIRED PRODUCTION,DAQ,DAQ supplies the readout-link profile through the OPC-UA gateway and monitors the data plane; SC receives health readback,per provisioned 10 GbE data lane; hardware supports up to four,Hermes/10GbE gateware health contract,Baseline DCS,All states,Readout link fault,No,Read-Only,5000,On-Change
10GbE Readout,TxByteCount,nsu=urn:dune:pds:daphne;s=DAPHNE.Boards.{BoardId}.Readout.Links.{DataLink}.TxByteCount,REQUIRED PRODUCTION,DAQ,DAQ supplies the readout-link profile through the OPC-UA gateway and monitors the data plane; SC receives health readback,per provisioned 10 GbE data lane; hardware supports up to four,Hermes/10GbE gateware health contract,Baseline DCS,All states,Readout link fault,No,Read-Only,5000,On-Change
10GbE Readout,ErrorCount,nsu=urn:dune:pds:daphne;s=DAPHNE.Boards.{BoardId}.Readout.Links.{DataLink}.ErrorCount,REQUIRED PRODUCTION,DAQ,DAQ supplies the readout-link profile through the OPC-UA gateway and monitors the data plane; SC receives health readback,per provisioned 10 GbE data lane; hardware supports up to four,Hermes/10GbE gateware health contract,Baseline DCS,All states,Readout link fault,No,Read-Only,5000,On-Change
10GbE Readout,DestinationIp,nsu=urn:dune:pds:daphne;s=DAPHNE.Boards.{BoardId}.Readout.Links.{DataLink}.DestinationIp,REQUIRED PRODUCTION,DAQ,DAQ supplies the readout-link profile through the OPC-UA gateway and monitors the data plane; SC receives health readback,per provisioned 10 GbE data lane; hardware supports up to four,Hermes/10GbE gateware health contract,Baseline DCS,All states,Readout link fault,No,Read-Only,5000,On-Change
10GbE Readout,DestinationPort,nsu=urn:dune:pds:daphne;s=DAPHNE.Boards.{BoardId}.Readout.Links.{DataLink}.DestinationPort,REQUIRED PRODUCTION,DAQ,DAQ supplies the readout-link profile through the OPC-UA gateway and monitors the data plane; SC receives health readback,per provisioned 10 GbE data lane; hardware supports up to four,Hermes/10GbE gateware health contract,Baseline DCS,All states,Readout link fault,No,Read-Only,5000,On-Change
10GbE Readout,MtuBytes,nsu=urn:dune:pds:daphne;s=DAPHNE.Boards.{BoardId}.Readout.Links.{DataLink}.MtuBytes,REQUIRED PRODUCTION,DAQ,DAQ supplies the readout-link profile through the OPC-UA gateway and monitors the data plane; SC receives health readback,per provisioned 10 GbE data lane; hardware supports up to four,Hermes/10GbE gateware health contract,Baseline DCS,All states,Readout link fault,No,Read-Only,5000,On-Change
Operation,RequestSafeState,nsu=urn:dune:pds:daphne;s=DAPHNE.Boards.{BoardId}.Operations.Methods.RequestSafeState,REQUIRED PRODUCTION,Slow Controls / DPS,Slow Controls/DPS,one per DAPHNE board,Workbook-driven OPC-UA policy; gateway backend adapter where mapped,Baseline controlled,"Normal, Running, Fault",Command audit,Guarded,Write-Only,1000,On-Change
Operation,AcknowledgeRecovery,nsu=urn:dune:pds:daphne;s=DAPHNE.Boards.{BoardId}.Operations.Methods.AcknowledgeRecovery,REQUIRED PRODUCTION,Slow Controls,Slow Controls,one per DAPHNE board,Workbook-driven OPC-UA policy; gateway backend adapter where mapped,Baseline controlled,Recovery,Command audit,Guarded,Write-Only,1000,On-Change
Operation,ConfigureRun,nsu=urn:dune:pds:daphne;s=DAPHNE.Boards.{BoardId}.Operations.Methods.ConfigureRun,CURRENT PROTOBUF,DAQ,DAQ,one per DAPHNE board,Workbook-driven OPC-UA policy; gateway backend adapter where mapped,DAQ OPC-UA role only; not an Ignition operator button,Configure/Calibration,Command audit,Guarded,Write-Only,1000,On-Change
Operation,ConfigureClocks,nsu=urn:dune:pds:daphne;s=DAPHNE.Boards.{BoardId}.Operations.Methods.ConfigureClocks,CURRENT PROTOBUF,DAQ / DTS,DAQ/DTS; PDS expert in maintenance,one per DAPHNE board,Workbook-driven OPC-UA policy; gateway backend adapter where mapped,DAQ/DTS OPC-UA roles only,Configure/Maintenance,Command audit,Guarded,Write-Only,1000,On-Change
Operation,ConfigureFrontend,nsu=urn:dune:pds:daphne;s=DAPHNE.Boards.{BoardId}.Operations.Methods.ConfigureFrontend,CURRENT PROTOBUF,DAQ,DAQ,one per DAPHNE board,Workbook-driven OPC-UA policy; gateway backend adapter where mapped,DAQ OPC-UA role only; not a casual operator write,Configure/Calibration,Command audit,Guarded,Write-Only,1000,On-Change
Operation,SetControlledBias,nsu=urn:dune:pds:daphne;s=DAPHNE.Boards.{BoardId}.Operations.Methods.SetControlledBias,CURRENT PROTOBUF,DAQ,DAQ,one per DAPHNE board,Workbook-driven OPC-UA policy; gateway backend adapter where mapped,DAQ OPC-UA role only; requires SC/DPS permit,Configure/Calibration,Command audit,Guarded,Write-Only,1000,On-Change
Operation,SetAfePowerState,nsu=urn:dune:pds:daphne;s=DAPHNE.Boards.{BoardId}.Operations.Methods.SetAfePowerState,CURRENT PROTOBUF,Slow Controls,Slow Controls; DPS may inhibit,one per DAPHNE board,Workbook-driven OPC-UA policy; gateway backend adapter where mapped,SC OPC-UA role only,Off/Standby/Configure/Maintenance,Command audit,Guarded,Write-Only,1000,On-Change
Operation,ResetAfe,nsu=urn:dune:pds:daphne;s=DAPHNE.Boards.{BoardId}.Operations.Methods.ResetAfe,CURRENT PROTOBUF,DAQ,DAQ; PDS expert in maintenance,one per DAPHNE board,Workbook-driven OPC-UA policy; gateway backend adapter where mapped,DAQ OPC-UA role only,Configure/Maintenance,Command audit,Guarded,Write-Only,1000,On-Change
Operation,AlignAfes,nsu=urn:dune:pds:daphne;s=DAPHNE.Boards.{BoardId}.Operations.Methods.AlignAfes,CURRENT PROTOBUF,DAQ,DAQ; PDS expert in maintenance,one per DAPHNE board,Workbook-driven OPC-UA policy; gateway backend adapter where mapped,DAQ OPC-UA role only,Configure/Maintenance,Command audit,Guarded,Write-Only,1000,On-Change
Operation,SetHdMezzPowerStates,nsu=urn:dune:pds:daphne;s=DAPHNE.Boards.{BoardId}.Operations.Methods.SetHdMezzPowerStates,CURRENT PROTOBUF,Slow Controls,Slow Controls,one per DAPHNE board,Workbook-driven OPC-UA policy; gateway backend adapter where mapped,Baseline controlled after commissioning,Off/Standby/Configure/Maintenance,Command audit,Guarded,Write-Only,1000,On-Change
Operation,ConfigureHdMezzProtection,nsu=urn:dune:pds:daphne;s=DAPHNE.Boards.{BoardId}.Operations.Methods.ConfigureHdMezzProtection,EXCLUDED FROM ROUTINE DCS,Slow Controls,Slow Controls with PDS expert role,one per DAPHNE board,Workbook-driven OPC-UA policy; gateway backend adapter where mapped,SC expert only,Maintenance only,Command audit,Guarded,Write-Only,1000,On-Change
Operation,ClearHdMezzAlert,nsu=urn:dune:pds:daphne;s=DAPHNE.Boards.{BoardId}.Operations.Methods.ClearHdMezzAlert,CURRENT PROTOBUF,Slow Controls,Slow Controls with PDS expert role where required,one per DAPHNE board,Workbook-driven OPC-UA policy; gateway backend adapter where mapped,SC OPC-UA role; restricted,Recovery/Maintenance,Command audit,Guarded,Write-Only,1000,On-Change
Operation,SetFanOverride,nsu=urn:dune:pds:daphne;s=DAPHNE.Boards.{BoardId}.Operations.Methods.SetFanOverride,EXCLUDED FROM ROUTINE DCS,Slow Controls,Slow Controls with PDS expert role,one per DAPHNE board,Workbook-driven OPC-UA policy; gateway backend adapter where mapped,SC expert only,Maintenance only,Command audit,Guarded,Write-Only,1000,On-Change
Operation,ScrapEndpoint,nsu=urn:dune:pds:daphne;s=DAPHNE.Boards.{BoardId}.Operations.Methods.ScrapEndpoint,CURRENT PROTOBUF,DAQ,DAQ,one per DAPHNE board,Workbook-driven OPC-UA policy; gateway backend adapter where mapped,DAQ OPC-UA role only,Stopped/Configure,Command audit,Guarded,Write-Only,1000,On-Change
Operation,SoftwareTrigger,nsu=urn:dune:pds:daphne;s=DAPHNE.Boards.{BoardId}.Operations.Methods.SoftwareTrigger,CURRENT PROTOBUF,DAQ,DAQ; PDS expert in maintenance,one per DAPHNE board,Workbook-driven OPC-UA policy; gateway backend adapter where mapped,DAQ OPC-UA role; not routine DCS,Calibration/Maintenance,Command audit,Guarded,Write-Only,1000,On-Change
Operation,SetSpyTriggerControl,nsu=urn:dune:pds:daphne;s=DAPHNE.Boards.{BoardId}.Operations.Methods.SetSpyTriggerControl,REQUIRED PRODUCTION,DAQ,DAQ; PDS expert in maintenance,one per DAPHNE board,Workbook-driven OPC-UA policy; gateway backend adapter where mapped,DAQ OPC-UA role only,Configure/Calibration/Maintenance,Command audit,Guarded,Write-Only,1000,On-Change
Operation,DumpSpyBuffers,nsu=urn:dune:pds:daphne;s=DAPHNE.Boards.{BoardId}.Operations.Methods.DumpSpyBuffers,EXCLUDED FROM ROUTINE DCS,DAQ,DAQ; PDS expert in maintenance,one per DAPHNE board,Workbook-driven OPC-UA policy; gateway backend adapter where mapped,DAQ OPC-UA role; excluded from routine DCS,Maintenance/Calibration,Command audit,Guarded,Write-Only,1000,On-Change
Operation,WriteAfeRegister,nsu=urn:dune:pds:daphne;s=DAPHNE.Boards.{BoardId}.Operations.Methods.WriteAfeRegister,EXCLUDED FROM ROUTINE DCS,PDS expert (maintenance only),PDS expert,one per DAPHNE board,Workbook-driven OPC-UA policy; gateway backend adapter where mapped,Excluded from routine DCS,Maintenance only,Command audit,Guarded,Write-Only,1000,On-Change
Operation,WriteMultipleFpgaRegisters,nsu=urn:dune:pds:daphne;s=DAPHNE.Boards.{BoardId}.Operations.Methods.WriteMultipleFpgaRegisters,EXCLUDED FROM ROUTINE DCS,PDS expert (maintenance only),PDS expert,one per DAPHNE board,Workbook-driven OPC-UA policy; gateway backend adapter where mapped,Excluded from routine DCS,Maintenance only,Command audit,Guarded,Write-Only,1000,On-Change
Operation,FirmwareUpdate,nsu=urn:dune:pds:daphne;s=DAPHNE.Boards.{BoardId}.Operations.Methods.FirmwareUpdate,EXCLUDED FROM ROUTINE DCS,Slow Controls,Slow Controls with PDS release role,one per DAPHNE board,Workbook-driven OPC-UA policy; gateway backend adapter where mapped,SC expert only,Maintenance only,Command audit,Guarded,Write-Only,1000,On-Change
Operation,RestartBoardService,nsu=urn:dune:pds:daphne;s=DAPHNE.Boards.{BoardId}.Operations.Methods.RestartBoardService,REQUIRED PRODUCTION,Slow Controls,Slow Controls with PDS expert role,one per DAPHNE board,Workbook-driven OPC-UA policy; gateway backend adapter where mapped,SC OPC-UA role; restricted,Maintenance/Recovery,Command audit,Guarded,Write-Only,1000,On-Change
