Subsystem,Signal / Tag Name,Description,OPC-UA Node Address,Data Type,Eng Units,Signal Source,Scaling / Derivation,Sensor Span Min,Sensor Span Max,Nominal Value,Desired Range Min,Desired Range Max,Low Interlock (Trip),Low-Low,Low,High,High-High,High Interlock (Trip),Alarm Deadband / Hysteresis,Alarm On-Delay (s),Interlock Action,DCS Access,Historize?,Min Historization Rate (ms),Poll / Scan Rate (ms),Notes,Control Owner
Endpoint Status,Connected,Bridge can reach the board ZMQ service.,nsu=urn:dune:pds:daphne;s=DAPHNE.Boards.{BoardId}.Status.Connected,Boolean,N/A,Direct,None,,,,,,,,,,,,,,,Read-Only,Yes,On-Change,1000,STATUS=CURRENT OPC-UA POC | AUTHORITY=Read-only fan-out | INSTANCE=one per DAPHNE board | SOURCE=NP04 OPC-UA bridge 0.3 / cached DAPHNE poll | EXPOSURE=Baseline DCS | STATES=All states | ALARM=Stale data | INTERLOCK=No | CONTROL_OWNER=Slow Controls,Slow Controls
Endpoint Status,StatusSuccess,Most recent board status transaction succeeded.,nsu=urn:dune:pds:daphne;s=DAPHNE.Boards.{BoardId}.Status.Success,Boolean,N/A,Direct,None,,,,,,,,,,,,,,,Read-Only,Yes,On-Change,1000,STATUS=CURRENT OPC-UA POC | AUTHORITY=Read-only fan-out | INSTANCE=one per DAPHNE board | SOURCE=NP04 OPC-UA bridge 0.3 / cached DAPHNE poll | EXPOSURE=Baseline DCS | STATES=All states | ALARM=Fault | INTERLOCK=No | CONTROL_OWNER=Slow Controls,Slow Controls
Endpoint Status,StatusMessage,Bounded diagnostic from the most recent status transaction.,nsu=urn:dune:pds:daphne;s=DAPHNE.Boards.{BoardId}.Status.Message,String,N/A,Direct,None,,,,,,,,,,,,,,,Read-Only,No,On-Change,1000,STATUS=CURRENT OPC-UA POC | AUTHORITY=Read-only fan-out | INSTANCE=one per DAPHNE board | SOURCE=NP04 OPC-UA bridge 0.3 / cached DAPHNE poll | EXPOSURE=Baseline DCS | STATES=All states | ALARM=Status | INTERLOCK=No | CONTROL_OWNER=Slow Controls,Slow Controls
Endpoint Status,LastUpdate,Source time of the most recent completed board status update.,nsu=urn:dune:pds:daphne;s=DAPHNE.Boards.{BoardId}.Status.LastUpdate,DateTime,N/A,Direct,None,,,,,,,,,,,,,,,Read-Only,Yes,On-Change,1000,STATUS=CURRENT OPC-UA POC | AUTHORITY=Read-only fan-out | INSTANCE=one per DAPHNE board | SOURCE=NP04 OPC-UA bridge 0.3 / cached DAPHNE poll | EXPOSURE=Baseline DCS | STATES=All states | ALARM=Stale data | INTERLOCK=No | CONTROL_OWNER=Slow Controls,Slow Controls
Endpoint Status,AgeSeconds,Age of the last good board status snapshot.,nsu=urn:dune:pds:daphne;s=DAPHNE.Boards.{BoardId}.Status.AgeSeconds,Double,s,Derived,now - Status.LastUpdate,,,,,,,,,,,,,,,Read-Only,Yes,On-Change,1000,STATUS=REQUIRED PRODUCTION | AUTHORITY=Read-only fan-out | INSTANCE=one per DAPHNE board | SOURCE=Bridge freshness contract | EXPOSURE=Baseline DCS | STATES=All states | ALARM=Stale data | INTERLOCK=No | CONTROL_OWNER=Slow Controls,Slow Controls
Endpoint Status,Quality,"Aggregate snapshot quality: Good, Uncertain, Stale, or Bad.",nsu=urn:dune:pds:daphne;s=DAPHNE.Boards.{BoardId}.Status.Quality,String,N/A,Direct,None,,,,,,,,,,,,,,,Read-Only,Yes,On-Change,1000,STATUS=REQUIRED PRODUCTION | AUTHORITY=Read-only fan-out | INSTANCE=one per DAPHNE board | SOURCE=Bridge quality contract | EXPOSURE=Baseline DCS | STATES=All states | ALARM=Stale data | INTERLOCK=No | CONTROL_OWNER=Slow Controls,Slow Controls
Endpoint Status,ErrorCount,Number of current status-collection errors.,nsu=urn:dune:pds:daphne;s=DAPHNE.Boards.{BoardId}.Status.ErrorCount,Integer,N/A,Direct,None,0,,,,,,,,,,,,,,Read-Only,Yes,On-Change,5000,STATUS=CURRENT OPC-UA POC | AUTHORITY=Read-only fan-out | INSTANCE=one per DAPHNE board | SOURCE=NP04 OPC-UA bridge ErrorCount | EXPOSURE=Baseline DCS | STATES=All states | ALARM=Warning | INTERLOCK=No | CONTROL_OWNER=Slow Controls,Slow Controls
Endpoint Status,ErrorsJsonCompatibility,Compatibility JSON list of current status errors.,nsu=urn:dune:pds:daphne;s=DAPHNE.Boards.{BoardId}.Status.ErrorsJson,String,N/A,Direct,None,,,,,,,,,,,,,,,Read-Only,No,On-Change,5000,STATUS=CURRENT OPC-UA POC | AUTHORITY=Read-only fan-out | INSTANCE=one per DAPHNE board | SOURCE=NP04 OPC-UA bridge ErrorsJson | EXPOSURE=Compatibility only | STATES=All states | ALARM=Status | INTERLOCK=No | CONTROL_OWNER=Slow Controls | Typed child nodes are required for production; clients shall not parse JSON for protection logic.,Slow Controls
Authority,ActiveWriter,"Current mutation class accepted by the board scheduler: None, DAQ, SlowControls, Expert, or DPSInhibit.",nsu=urn:dune:pds:daphne;s=DAPHNE.Boards.{BoardId}.Authority.ActiveWriter,String,N/A,Direct,None,,,,,,,,,,,,,,,Read-Only,Yes,On-Change,1000,STATUS=REQUIRED PRODUCTION | AUTHORITY=Fixed DAQ/SC field ownership enforced by the OPC-UA gateway and board service; DPS has final inhibit | INSTANCE=one per DAPHNE board | SOURCE=Shared OPC-UA gateway role and field-ownership contract | EXPOSURE=Baseline DCS | STATES=All states | ALARM=State guard | INTERLOCK=Context | CONTROL_OWNER=Board service (shared audit),Board service (shared audit)
Authority,AuthorityLeaseId,"Opaque identifier for the active board-side serialization token, if leases are used.",nsu=urn:dune:pds:daphne;s=DAPHNE.Boards.{BoardId}.Authority.AuthorityLeaseId,String,N/A,Direct,None,,,,,,,,,,,,,,,Read-Only,Yes,On-Change,1000,STATUS=REQUIRED PRODUCTION | AUTHORITY=Fixed DAQ/SC field ownership enforced by the OPC-UA gateway and board service; DPS has final inhibit | INSTANCE=one per DAPHNE board | SOURCE=Shared OPC-UA gateway role and field-ownership contract | EXPOSURE=Baseline DCS | STATES=All states | ALARM=State guard | INTERLOCK=Context | CONTROL_OWNER=Board service (shared audit),Board service (shared audit)
Authority,AuthorityLeaseExpiresAt,"Expiry of the active board-side serialization token, if leases are used.",nsu=urn:dune:pds:daphne;s=DAPHNE.Boards.{BoardId}.Authority.AuthorityLeaseExpiresAt,DateTime,N/A,Direct,None,,,,,,,,,,,,,,,Read-Only,Yes,On-Change,1000,STATUS=REQUIRED PRODUCTION | AUTHORITY=Fixed DAQ/SC field ownership enforced by the OPC-UA gateway and board service; DPS has final inhibit | INSTANCE=one per DAPHNE board | SOURCE=Shared OPC-UA gateway role and field-ownership contract | EXPOSURE=Baseline DCS | STATES=All states | ALARM=State guard | INTERLOCK=Context | CONTROL_OWNER=Board service (shared audit),Board service (shared audit)
Authority,DetectorState,Detector/run-control state used by the command gate.,nsu=urn:dune:pds:daphne;s=DAPHNE.Boards.{BoardId}.Authority.DetectorState,String,N/A,Direct,None,,,,,,,,,,,,,,,Read-Only,Yes,On-Change,1000,STATUS=REQUIRED PRODUCTION | AUTHORITY=Fixed DAQ/SC field ownership enforced by the OPC-UA gateway and board service; DPS has final inhibit | INSTANCE=one per DAPHNE board | SOURCE=Shared OPC-UA gateway role and field-ownership contract | EXPOSURE=Baseline DCS | STATES=All states | ALARM=State guard | INTERLOCK=Context | CONTROL_OWNER=DAQ,DAQ
Authority,RunNumber,DAQ run number associated with the active configuration.,nsu=urn:dune:pds:daphne;s=DAPHNE.Boards.{BoardId}.Authority.RunNumber,Long,N/A,Direct,None,,,,,,,,,,,,,,,Read-Only,Yes,On-Change,1000,STATUS=REQUIRED PRODUCTION | AUTHORITY=Fixed DAQ/SC field ownership enforced by the OPC-UA gateway and board service; DPS has final inhibit | INSTANCE=one per DAPHNE board | SOURCE=Shared OPC-UA gateway role and field-ownership contract | EXPOSURE=Baseline DCS | STATES=All states | ALARM=State guard | INTERLOCK=Context | CONTROL_OWNER=DAQ,DAQ
Authority,RunType,"Physics, Noise, Calibration, Commissioning, or Maintenance run classification.",nsu=urn:dune:pds:daphne;s=DAPHNE.Boards.{BoardId}.Authority.RunType,String,N/A,Direct,None,,,,,,,,,,,,,,,Read-Only,Yes,On-Change,1000,STATUS=REQUIRED PRODUCTION | AUTHORITY=Fixed DAQ/SC field ownership enforced by the OPC-UA gateway and board service; DPS has final inhibit | INSTANCE=one per DAPHNE board | SOURCE=Shared OPC-UA gateway role and field-ownership contract | EXPOSURE=Baseline DCS | STATES=All states | ALARM=State guard | INTERLOCK=Context | CONTROL_OWNER=DAQ,DAQ
Authority,ConfigurationRevision,Versioned DAQ/PDS configuration revision applied to the board.,nsu=urn:dune:pds:daphne;s=DAPHNE.Boards.{BoardId}.Authority.ConfigurationRevision,String,N/A,Direct,None,,,,,,,,,,,,,,,Read-Only,Yes,On-Change,1000,STATUS=REQUIRED PRODUCTION | AUTHORITY=Fixed DAQ/SC field ownership enforced by the OPC-UA gateway and board service; DPS has final inhibit | INSTANCE=one per DAPHNE board | SOURCE=Shared OPC-UA gateway role and field-ownership contract | EXPOSURE=Baseline DCS | STATES=All states | ALARM=State guard | INTERLOCK=Context | CONTROL_OWNER=DAQ,DAQ
Authority,ConfigurationHash,Digest of the effective configuration after expansion and defaults.,nsu=urn:dune:pds:daphne;s=DAPHNE.Boards.{BoardId}.Authority.ConfigurationHash,String,N/A,Direct,None,,,,,,,,,,,,,,,Read-Only,Yes,On-Change,1000,STATUS=REQUIRED PRODUCTION | AUTHORITY=Fixed DAQ/SC field ownership enforced by the OPC-UA gateway and board service; DPS has final inhibit | INSTANCE=one per DAPHNE board | SOURCE=Shared OPC-UA gateway role and field-ownership contract | EXPOSURE=Baseline DCS | STATES=All states | ALARM=State guard | INTERLOCK=Context | CONTROL_OWNER=DAQ,DAQ
Authority,ConfigurationValid,"Effective configuration is complete, acknowledged, and valid for the current state.",nsu=urn:dune:pds:daphne;s=DAPHNE.Boards.{BoardId}.Authority.ConfigurationValid,Boolean,N/A,Direct,None,,,,,,,,,,,,,,,Read-Only,Yes,On-Change,1000,STATUS=REQUIRED PRODUCTION | AUTHORITY=Fixed DAQ/SC field ownership enforced by the OPC-UA gateway and board service; DPS has final inhibit | INSTANCE=one per DAPHNE board | SOURCE=Shared OPC-UA gateway role and field-ownership contract | EXPOSURE=Baseline DCS | STATES=All states | ALARM=State guard | INTERLOCK=Context | CONTROL_OWNER=DAQ,DAQ
Authority,DaqConfigureAllowed,All SC/DPS permits and state guards allow a DAQ-role OPC-UA configuration request.,nsu=urn:dune:pds:daphne;s=DAPHNE.Boards.{BoardId}.Authority.DaqConfigureAllowed,Boolean,N/A,Direct,None,,,,,,,,,,,,,,,Read-Only,Yes,On-Change,1000,STATUS=REQUIRED PRODUCTION | AUTHORITY=Fixed DAQ/SC field ownership enforced by the OPC-UA gateway and board service; DPS has final inhibit | INSTANCE=one per DAPHNE board | SOURCE=Shared OPC-UA gateway role and field-ownership contract | EXPOSURE=Baseline DCS | STATES=All states | ALARM=State guard | INTERLOCK=Context | CONTROL_OWNER=DAQ,DAQ
Authority,SlowControlsPermit,Slow-controls operational permit presented to the authority gate.,nsu=urn:dune:pds:daphne;s=DAPHNE.Boards.{BoardId}.Authority.SlowControlsPermit,Boolean,N/A,Direct,None,,,,,,,,,,,,,,,Read-Only,Yes,On-Change,1000,STATUS=REQUIRED PRODUCTION | AUTHORITY=Fixed DAQ/SC field ownership enforced by the OPC-UA gateway and board service; DPS has final inhibit | INSTANCE=one per DAPHNE board | SOURCE=Shared OPC-UA gateway role and field-ownership contract | EXPOSURE=Baseline DCS | STATES=All states | ALARM=State guard | INTERLOCK=Context | CONTROL_OWNER=Slow Controls / DPS,Slow Controls / DPS
Authority,DpsPermit,Detector-protection permit presented to the authority gate.,nsu=urn:dune:pds:daphne;s=DAPHNE.Boards.{BoardId}.Authority.DpsPermit,Boolean,N/A,Direct,None,,,,,,,,,,,,,,,Read-Only,Yes,On-Change,1000,STATUS=REQUIRED PRODUCTION | AUTHORITY=Fixed DAQ/SC field ownership enforced by the OPC-UA gateway and board service; DPS has final inhibit | INSTANCE=one per DAPHNE board | SOURCE=Shared OPC-UA gateway role and field-ownership contract | EXPOSURE=Baseline DCS | STATES=All states | ALARM=State guard | INTERLOCK=Context | CONTROL_OWNER=Slow Controls / DPS,Slow Controls / DPS
Authority,SafeStateActive,Board or upstream supplies are in the agreed safe state.,nsu=urn:dune:pds:daphne;s=DAPHNE.Boards.{BoardId}.Authority.SafeStateActive,Boolean,N/A,Direct,None,,,,,,,,,,,,,,,Read-Only,Yes,On-Change,1000,STATUS=REQUIRED PRODUCTION | AUTHORITY=Fixed DAQ/SC field ownership enforced by the OPC-UA gateway and board service; DPS has final inhibit | INSTANCE=one per DAPHNE board | SOURCE=Shared OPC-UA gateway role and field-ownership contract | EXPOSURE=Baseline DCS | STATES=All states | ALARM=State guard | INTERLOCK=Context | CONTROL_OWNER=Slow Controls / DPS,Slow Controls / DPS
Authority,MaintenanceLock,Routine DAQ and SC writes are blocked for expert maintenance.,nsu=urn:dune:pds:daphne;s=DAPHNE.Boards.{BoardId}.Authority.MaintenanceLock,Boolean,N/A,Direct,None,,,,,,,,,,,,,,,Read-Only,Yes,On-Change,1000,STATUS=REQUIRED PRODUCTION | AUTHORITY=Fixed DAQ/SC field ownership enforced by the OPC-UA gateway and board service; DPS has final inhibit | INSTANCE=one per DAPHNE board | SOURCE=Shared OPC-UA gateway role and field-ownership contract | EXPOSURE=Baseline DCS | STATES=All states | ALARM=State guard | INTERLOCK=Context | CONTROL_OWNER=Slow Controls / DPS,Slow Controls / DPS
Authority,LastOvertakeReason,Reason DAQ authority was removed or superseded by a safe-state/inhibit action.,nsu=urn:dune:pds:daphne;s=DAPHNE.Boards.{BoardId}.Authority.LastOvertakeReason,String,N/A,Direct,None,,,,,,,,,,,,,,,Read-Only,Yes,On-Change,1000,STATUS=REQUIRED PRODUCTION | AUTHORITY=Fixed DAQ/SC field ownership enforced by the OPC-UA gateway and board service; DPS has final inhibit | INSTANCE=one per DAPHNE board | SOURCE=Shared OPC-UA gateway role and field-ownership contract | EXPOSURE=Baseline DCS | STATES=All states | ALARM=State guard | INTERLOCK=Context | CONTROL_OWNER=Slow Controls / DPS,Slow Controls / DPS
Authority,RecoveryRequired,A fresh DAQ configuration through the OPC-UA gateway is required before data taking can resume.,nsu=urn:dune:pds:daphne;s=DAPHNE.Boards.{BoardId}.Authority.RecoveryRequired,Boolean,N/A,Direct,None,,,,,,,,,,,,,,,Read-Only,Yes,On-Change,1000,STATUS=REQUIRED PRODUCTION | AUTHORITY=Fixed DAQ/SC field ownership enforced by the OPC-UA gateway and board service; DPS has final inhibit | INSTANCE=one per DAPHNE board | SOURCE=Shared OPC-UA gateway role and field-ownership contract | EXPOSURE=Baseline DCS | STATES=All states | ALARM=State guard | INTERLOCK=Context | CONTROL_OWNER=DAQ,DAQ
Command Audit,LastCommandId,Opaque identifier of the latest accepted or rejected mutation.,nsu=urn:dune:pds:daphne;s=DAPHNE.Boards.{BoardId}.Operations.LastCommandId,String,N/A,Direct,None,,,,,,,,,,,,,,,Read-Only,Yes,On-Change,1000,STATUS=REQUIRED PRODUCTION | AUTHORITY=Command broker | INSTANCE=one per DAPHNE board | SOURCE=Production command-audit contract | EXPOSURE=Baseline DCS | STATES=All states | ALARM=Audit | INTERLOCK=No | CONTROL_OWNER=Board service (shared audit),Board service (shared audit)
Command Audit,LastCommandName,Canonical name of the latest mutating request.,nsu=urn:dune:pds:daphne;s=DAPHNE.Boards.{BoardId}.Operations.LastCommandName,String,N/A,Direct,None,,,,,,,,,,,,,,,Read-Only,Yes,On-Change,1000,STATUS=REQUIRED PRODUCTION | AUTHORITY=Command broker | INSTANCE=one per DAPHNE board | SOURCE=Production command-audit contract | EXPOSURE=Baseline DCS | STATES=All states | ALARM=Audit | INTERLOCK=No | CONTROL_OWNER=Board service (shared audit),Board service (shared audit)
Command Audit,LastCommandClass,"DAQ, SC, expert, or protection command class.",nsu=urn:dune:pds:daphne;s=DAPHNE.Boards.{BoardId}.Operations.LastCommandClass,String,N/A,Direct,None,,,,,,,,,,,,,,,Read-Only,Yes,On-Change,1000,STATUS=REQUIRED PRODUCTION | AUTHORITY=Command broker | INSTANCE=one per DAPHNE board | SOURCE=Production command-audit contract | EXPOSURE=Baseline DCS | STATES=All states | ALARM=Audit | INTERLOCK=No | CONTROL_OWNER=Board service (shared audit),Board service (shared audit)
Command Audit,LastCommandRequester,Authenticated user or service identity that requested the mutation.,nsu=urn:dune:pds:daphne;s=DAPHNE.Boards.{BoardId}.Operations.LastCommandRequester,String,N/A,Direct,None,,,,,,,,,,,,,,,Read-Only,Yes,On-Change,1000,STATUS=REQUIRED PRODUCTION | AUTHORITY=Command broker | INSTANCE=one per DAPHNE board | SOURCE=Production command-audit contract | EXPOSURE=Baseline DCS | STATES=All states | ALARM=Audit | INTERLOCK=No | CONTROL_OWNER=Board service (shared audit),Board service (shared audit)
Command Audit,LastCommandAuthority,Authority held when the request was evaluated.,nsu=urn:dune:pds:daphne;s=DAPHNE.Boards.{BoardId}.Operations.LastCommandAuthority,String,N/A,Direct,None,,,,,,,,,,,,,,,Read-Only,Yes,On-Change,1000,STATUS=REQUIRED PRODUCTION | AUTHORITY=Command broker | INSTANCE=one per DAPHNE board | SOURCE=Production command-audit contract | EXPOSURE=Baseline DCS | STATES=All states | ALARM=Audit | INTERLOCK=No | CONTROL_OWNER=Board service (shared audit),Board service (shared audit)
Command Audit,LastCommandRoute,Logical board/mezzanine/AFE/channel route used for the request.,nsu=urn:dune:pds:daphne;s=DAPHNE.Boards.{BoardId}.Operations.LastCommandRoute,String,N/A,Direct,None,,,,,,,,,,,,,,,Read-Only,Yes,On-Change,1000,STATUS=REQUIRED PRODUCTION | AUTHORITY=Command broker | INSTANCE=one per DAPHNE board | SOURCE=Production command-audit contract | EXPOSURE=Baseline DCS | STATES=All states | ALARM=Audit | INTERLOCK=No | CONTROL_OWNER=Board service (shared audit),Board service (shared audit)
Command Audit,LastCommandCorrelationId,Transport correlation identifier for request/reply audit.,nsu=urn:dune:pds:daphne;s=DAPHNE.Boards.{BoardId}.Operations.LastCommandCorrelationId,String,N/A,Direct,None,,,,,,,,,,,,,,,Read-Only,Yes,On-Change,1000,STATUS=REQUIRED PRODUCTION | AUTHORITY=Command broker | INSTANCE=one per DAPHNE board | SOURCE=Production command-audit contract | EXPOSURE=Baseline DCS | STATES=All states | ALARM=Audit | INTERLOCK=No | CONTROL_OWNER=Board service (shared audit),Board service (shared audit)
Command Audit,LastCommandRequestTime,UTC source time at request receipt.,nsu=urn:dune:pds:daphne;s=DAPHNE.Boards.{BoardId}.Operations.LastCommandRequestTime,DateTime,N/A,Direct,None,,,,,,,,,,,,,,,Read-Only,Yes,On-Change,1000,STATUS=REQUIRED PRODUCTION | AUTHORITY=Command broker | INSTANCE=one per DAPHNE board | SOURCE=Production command-audit contract | EXPOSURE=Baseline DCS | STATES=All states | ALARM=Audit | INTERLOCK=No | CONTROL_OWNER=Board service (shared audit),Board service (shared audit)
Command Audit,LastCommandCompletionTime,UTC source time at terminal completion.,nsu=urn:dune:pds:daphne;s=DAPHNE.Boards.{BoardId}.Operations.LastCommandCompletionTime,DateTime,N/A,Direct,None,,,,,,,,,,,,,,,Read-Only,Yes,On-Change,1000,STATUS=REQUIRED PRODUCTION | AUTHORITY=Command broker | INSTANCE=one per DAPHNE board | SOURCE=Production command-audit contract | EXPOSURE=Baseline DCS | STATES=All states | ALARM=Audit | INTERLOCK=No | CONTROL_OWNER=Board service (shared audit),Board service (shared audit)
Command Audit,LastCommandState,"Rejected, Accepted, Running, Succeeded, Failed, or TimedOut.",nsu=urn:dune:pds:daphne;s=DAPHNE.Boards.{BoardId}.Operations.LastCommandState,String,N/A,Direct,None,,,,,,,,,,,,,,,Read-Only,Yes,On-Change,1000,STATUS=REQUIRED PRODUCTION | AUTHORITY=Command broker | INSTANCE=one per DAPHNE board | SOURCE=Production command-audit contract | EXPOSURE=Baseline DCS | STATES=All states | ALARM=Audit | INTERLOCK=No | CONTROL_OWNER=Board service (shared audit),Board service (shared audit)
Command Audit,LastCommandResult,Bounded completion or rejection detail.,nsu=urn:dune:pds:daphne;s=DAPHNE.Boards.{BoardId}.Operations.LastCommandResult,String,N/A,Direct,None,,,,,,,,,,,,,,,Read-Only,Yes,On-Change,1000,STATUS=REQUIRED PRODUCTION | AUTHORITY=Command broker | INSTANCE=one per DAPHNE board | SOURCE=Production command-audit contract | EXPOSURE=Baseline DCS | STATES=All states | ALARM=Audit | INTERLOCK=No | CONTROL_OWNER=Board service (shared audit),Board service (shared audit)
Command Audit,LastCommandReadbackVerified,Required physical/readback postcondition was verified.,nsu=urn:dune:pds:daphne;s=DAPHNE.Boards.{BoardId}.Operations.LastCommandReadbackVerified,Boolean,N/A,Direct,None,,,,,,,,,,,,,,,Read-Only,Yes,On-Change,1000,STATUS=REQUIRED PRODUCTION | AUTHORITY=Command broker | INSTANCE=one per DAPHNE board | SOURCE=Production command-audit contract | EXPOSURE=Baseline DCS | STATES=All states | ALARM=Audit | INTERLOCK=No | CONTROL_OWNER=Board service (shared audit),Board service (shared audit)
Identity,BoardId,Stable DAPHNE board identifier used in the OPC-UA instance path.,nsu=urn:dune:pds:daphne;s=DAPHNE.Boards.{BoardId}.Identity.BoardId,String,N/A,Direct,None,,,,,,,,,,,,,,,Read-Only,Yes,On-Change,60000,STATUS=REQUIRED PRODUCTION | AUTHORITY=Read-only; expected values owned by HWDB/network authority | INSTANCE=one per DAPHNE board | SOURCE=HWDB / deployment inventory | EXPOSURE=Baseline DCS | STATES=All states | ALARM=Configuration mismatch | INTERLOCK=No | CONTROL_OWNER=HWDB / network authority; SC monitors,HWDB / network authority; SC monitors
Identity,HardwareDatabaseId,Canonical HWDB component identifier.,nsu=urn:dune:pds:daphne;s=DAPHNE.Boards.{BoardId}.Identity.HardwareDatabaseId,String,N/A,Direct,None,,,,,,,,,,,,,,,Read-Only,Yes,On-Change,60000,STATUS=REQUIRED PRODUCTION | AUTHORITY=Read-only; expected values owned by HWDB/network authority | INSTANCE=one per DAPHNE board | SOURCE=HWDB | EXPOSURE=Baseline DCS | STATES=All states | ALARM=Configuration mismatch | INTERLOCK=No | CONTROL_OWNER=HWDB / network authority; SC monitors,HWDB / network authority; SC monitors
Identity,AssetTag,Scanned DAPHNE carrier asset label.,nsu=urn:dune:pds:daphne;s=DAPHNE.Boards.{BoardId}.Identity.AssetTag,String,N/A,Direct,None,,,,,,,,,,,,,,,Read-Only,Yes,On-Change,60000,STATUS=REQUIRED PRODUCTION | AUTHORITY=Read-only; expected values owned by HWDB/network authority | INSTANCE=one per DAPHNE board | SOURCE=HWDB + physical label | EXPOSURE=Baseline DCS | STATES=All states | ALARM=Configuration mismatch | INTERLOCK=No | CONTROL_OWNER=HWDB / network authority; SC monitors,HWDB / network authority; SC monitors
Identity,Detector,Installed detector/module identity.,nsu=urn:dune:pds:daphne;s=DAPHNE.Boards.{BoardId}.Identity.Detector,String,N/A,Direct,None,,,,,,,,,,,,,,,Read-Only,Yes,On-Change,60000,STATUS=REQUIRED PRODUCTION | AUTHORITY=Read-only; expected values owned by HWDB/network authority | INSTANCE=one per DAPHNE board | SOURCE=HWDB | EXPOSURE=Baseline DCS | STATES=All states | ALARM=Configuration mismatch | INTERLOCK=No | CONTROL_OWNER=HWDB / network authority; SC monitors,HWDB / network authority; SC monitors
Identity,DetectorVariant,HD or VD channel/mezzanine profile.,nsu=urn:dune:pds:daphne;s=DAPHNE.Boards.{BoardId}.Identity.DetectorVariant,String,N/A,Direct,None,,,,,,,,,,,,,,,Read-Only,Yes,On-Change,60000,STATUS=REQUIRED PRODUCTION | AUTHORITY=Read-only; expected values owned by HWDB/network authority | INSTANCE=one per DAPHNE board | SOURCE=HWDB | EXPOSURE=Baseline DCS | STATES=All states | ALARM=Configuration mismatch | INTERLOCK=No | CONTROL_OWNER=HWDB / network authority; SC monitors,HWDB / network authority; SC monitors
Identity,GeographicLocation,Controlled geographic name for rack/crate/slot placement.,nsu=urn:dune:pds:daphne;s=DAPHNE.Boards.{BoardId}.Identity.GeographicLocation,String,N/A,Direct,None,,,,,,,,,,,,,,,Read-Only,Yes,On-Change,60000,STATUS=REQUIRED PRODUCTION | AUTHORITY=Read-only; expected values owned by HWDB/network authority | INSTANCE=one per DAPHNE board | SOURCE=HWDB | EXPOSURE=Baseline DCS | STATES=All states | ALARM=Configuration mismatch | INTERLOCK=No | CONTROL_OWNER=HWDB / network authority; SC monitors,HWDB / network authority; SC monitors
Identity,SomProduct,K26 SOM product decoded from EEPROM.,nsu=urn:dune:pds:daphne;s=DAPHNE.Boards.{BoardId}.Identity.SomProduct,String,N/A,Direct,None,,,,,,,,,,,,,,,Read-Only,Yes,On-Change,60000,STATUS=LOCAL READABLE | AUTHORITY=Read-only; expected values owned by HWDB/network authority | INSTANCE=one per DAPHNE board | SOURCE=K26 EEPROM 0x50 | EXPOSURE=Baseline DCS | STATES=All states | ALARM=Configuration mismatch | INTERLOCK=No | CONTROL_OWNER=HWDB / network authority; SC monitors,HWDB / network authority; SC monitors
Identity,SomSerial,K26 SOM serial decoded from EEPROM.,nsu=urn:dune:pds:daphne;s=DAPHNE.Boards.{BoardId}.Identity.SomSerial,String,N/A,Direct,None,,,,,,,,,,,,,,,Read-Only,Yes,On-Change,60000,STATUS=LOCAL READABLE | AUTHORITY=Read-only; expected values owned by HWDB/network authority | INSTANCE=one per DAPHNE board | SOURCE=K26 EEPROM 0x50 | EXPOSURE=Baseline DCS | STATES=All states | ALARM=Configuration mismatch | INTERLOCK=No | CONTROL_OWNER=HWDB / network authority; SC monitors,HWDB / network authority; SC monitors
Identity,SomUuid,K26 SOM UUID decoded from EEPROM.,nsu=urn:dune:pds:daphne;s=DAPHNE.Boards.{BoardId}.Identity.SomUuid,String,N/A,Direct,None,,,,,,,,,,,,,,,Read-Only,Yes,On-Change,60000,STATUS=LOCAL READABLE | AUTHORITY=Read-only; expected values owned by HWDB/network authority | INSTANCE=one per DAPHNE board | SOURCE=K26 EEPROM 0x50 | EXPOSURE=Baseline DCS | STATES=All states | ALARM=Configuration mismatch | INTERLOCK=No | CONTROL_OWNER=HWDB / network authority; SC monitors,HWDB / network authority; SC monitors
Identity,CarrierRevision,DAPHNE carrier revision; no carrier FRU is populated.,nsu=urn:dune:pds:daphne;s=DAPHNE.Boards.{BoardId}.Identity.CarrierRevision,String,N/A,Direct,None,,,,,,,,,,,,,,,Read-Only,Yes,On-Change,60000,STATUS=REQUIRED PRODUCTION | AUTHORITY=Read-only; expected values owned by HWDB/network authority | INSTANCE=one per DAPHNE board | SOURCE=HWDB + asset record | EXPOSURE=Baseline DCS | STATES=All states | ALARM=Configuration mismatch | INTERLOCK=No | CONTROL_OWNER=HWDB / network authority; SC monitors,HWDB / network authority; SC monitors
Identity,FactoryMac,Checksum-valid K26 OEM MAC ID 0.,nsu=urn:dune:pds:daphne;s=DAPHNE.Boards.{BoardId}.Identity.FactoryMac,String,N/A,Direct,None,,,,,,,,,,,,,,,Read-Only,Yes,On-Change,60000,STATUS=LOCAL READABLE | AUTHORITY=Read-only; expected values owned by HWDB/network authority | INSTANCE=one per DAPHNE board | SOURCE=K26 EEPROM 0x50 | EXPOSURE=Baseline DCS | STATES=All states | ALARM=Configuration mismatch | INTERLOCK=No | CONTROL_OWNER=HWDB / network authority; SC monitors,HWDB / network authority; SC monitors
Identity,ApprovedMac,Network-authority-approved production MAC.,nsu=urn:dune:pds:daphne;s=DAPHNE.Boards.{BoardId}.Identity.ApprovedMac,String,N/A,Direct,None,,,,,,,,,,,,,,,Read-Only,Yes,On-Change,60000,STATUS=REQUIRED PRODUCTION | AUTHORITY=Read-only; expected values owned by HWDB/network authority | INSTANCE=one per DAPHNE board | SOURCE=HWDB / network authority | EXPOSURE=Baseline DCS | STATES=All states | ALARM=Configuration mismatch | INTERLOCK=No | CONTROL_OWNER=HWDB / network authority; SC monitors,HWDB / network authority; SC monitors
Identity,MacIdentityMatch,"EEPROM, HWDB, U-Boot, FDT, Linux and network-admission MACs agree.",nsu=urn:dune:pds:daphne;s=DAPHNE.Boards.{BoardId}.Identity.MacIdentityMatch,Boolean,N/A,Direct,None,,,,,,,,,,,,,,,Read-Only,Yes,On-Change,60000,STATUS=REQUIRED PRODUCTION | AUTHORITY=Read-only; expected values owned by HWDB/network authority | INSTANCE=one per DAPHNE board | SOURCE=Derived identity check | EXPOSURE=Baseline DCS | STATES=All states | ALARM=Configuration mismatch | INTERLOCK=No | CONTROL_OWNER=HWDB / network authority; SC monitors,HWDB / network authority; SC monitors
Identity,Hostname,Running Linux hostname.,nsu=urn:dune:pds:daphne;s=DAPHNE.Boards.{BoardId}.Identity.Hostname,String,N/A,Direct,None,,,,,,,,,,,,,,,Read-Only,Yes,On-Change,60000,STATUS=LOCAL READABLE | AUTHORITY=Read-only; expected values owned by HWDB/network authority | INSTANCE=one per DAPHNE board | SOURCE=Linux + board configuration | EXPOSURE=Baseline DCS | STATES=All states | ALARM=Configuration mismatch | INTERLOCK=No | CONTROL_OWNER=HWDB / network authority; SC monitors,HWDB / network authority; SC monitors
Identity,ExpectedHostname,Hostname assigned by the deployment inventory.,nsu=urn:dune:pds:daphne;s=DAPHNE.Boards.{BoardId}.Identity.ExpectedHostname,String,N/A,Direct,None,,,,,,,,,,,,,,,Read-Only,Yes,On-Change,60000,STATUS=REQUIRED PRODUCTION | AUTHORITY=Read-only; expected values owned by HWDB/network authority | INSTANCE=one per DAPHNE board | SOURCE=HWDB / deployment inventory | EXPOSURE=Baseline DCS | STATES=All states | ALARM=Configuration mismatch | INTERLOCK=No | CONTROL_OWNER=HWDB / network authority; SC monitors,HWDB / network authority; SC monitors
Identity,HostnameMatch,Runtime hostname equals the assigned value.,nsu=urn:dune:pds:daphne;s=DAPHNE.Boards.{BoardId}.Identity.HostnameMatch,Boolean,N/A,Direct,None,,,,,,,,,,,,,,,Read-Only,Yes,On-Change,60000,STATUS=REQUIRED PRODUCTION | AUTHORITY=Read-only; expected values owned by HWDB/network authority | INSTANCE=one per DAPHNE board | SOURCE=Derived identity check | EXPOSURE=Baseline DCS | STATES=All states | ALARM=Configuration mismatch | INTERLOCK=No | CONTROL_OWNER=HWDB / network authority; SC monitors,HWDB / network authority; SC monitors
Identity,TimingEndpointAddress,Configured DTS endpoint address.,nsu=urn:dune:pds:daphne;s=DAPHNE.Boards.{BoardId}.Identity.TimingEndpointAddress,Integer,N/A,Direct,None,,,,,,,,,,,,,,,Read-Only,Yes,On-Change,60000,STATUS=REQUIRED PRODUCTION | AUTHORITY=Read-only; expected values owned by HWDB/network authority | INSTANCE=one per DAPHNE board | SOURCE=endpointControl.ADDRESS / board inventory | EXPOSURE=Baseline DCS | STATES=All states | ALARM=Configuration mismatch | INTERLOCK=No | CONTROL_OWNER=DAQ / DTS,DAQ / DTS
Identity,CrateId,Gateware crate identity field.,nsu=urn:dune:pds:daphne;s=DAPHNE.Boards.{BoardId}.Identity.CrateId,Integer,N/A,Direct,None,,,,,,,,,,,,,,,Read-Only,Yes,On-Change,60000,STATUS=LOCAL READABLE | AUTHORITY=Read-only; expected values owned by HWDB/network authority | INSTANCE=one per DAPHNE board | SOURCE=FpgaRegDict.idCrate | EXPOSURE=Baseline DCS | STATES=All states | ALARM=Configuration mismatch | INTERLOCK=No | CONTROL_OWNER=DAQ,DAQ
Identity,SlotId,Gateware slot identity field.,nsu=urn:dune:pds:daphne;s=DAPHNE.Boards.{BoardId}.Identity.SlotId,Integer,N/A,Direct,None,,,,,,,,,,,,,,,Read-Only,Yes,On-Change,60000,STATUS=LOCAL READABLE | AUTHORITY=Read-only; expected values owned by HWDB/network authority | INSTANCE=one per DAPHNE board | SOURCE=FpgaRegDict.idSlot | EXPOSURE=Baseline DCS | STATES=All states | ALARM=Configuration mismatch | INTERLOCK=No | CONTROL_OWNER=DAQ,DAQ
Identity,LinkId,Gateware link identity field.,nsu=urn:dune:pds:daphne;s=DAPHNE.Boards.{BoardId}.Identity.LinkId,Integer,N/A,Direct,None,,,,,,,,,,,,,,,Read-Only,Yes,On-Change,60000,STATUS=LOCAL READABLE | AUTHORITY=Read-only; expected values owned by HWDB/network authority | INSTANCE=one per DAPHNE board | SOURCE=FpgaRegDict.idLink | EXPOSURE=Baseline DCS | STATES=All states | ALARM=Configuration mismatch | INTERLOCK=No | CONTROL_OWNER=DAQ,DAQ
Identity,DetectorId,Gateware detector identity field.,nsu=urn:dune:pds:daphne;s=DAPHNE.Boards.{BoardId}.Identity.DetectorId,Integer,N/A,Direct,None,,,,,,,,,,,,,,,Read-Only,Yes,On-Change,60000,STATUS=LOCAL READABLE | AUTHORITY=Read-only; expected values owned by HWDB/network authority | INSTANCE=one per DAPHNE board | SOURCE=FpgaRegDict.idDetector | EXPOSURE=Baseline DCS | STATES=All states | ALARM=Configuration mismatch | INTERLOCK=No | CONTROL_OWNER=DAQ,DAQ
Identity,RegisterMapVersion,Gateware register-map/interface version.,nsu=urn:dune:pds:daphne;s=DAPHNE.Boards.{BoardId}.Identity.RegisterMapVersion,Integer,N/A,Direct,None,,,,,,,,,,,,,,,Read-Only,Yes,On-Change,60000,STATUS=LOCAL READABLE | AUTHORITY=Read-only; expected values owned by HWDB/network authority | INSTANCE=one per DAPHNE board | SOURCE=FpgaRegDict.idVersion | EXPOSURE=Baseline DCS | STATES=All states | ALARM=Configuration mismatch | INTERLOCK=No | CONTROL_OWNER=HWDB / network authority; SC monitors,HWDB / network authority; SC monitors
Management Network,Name,Linux network interface name.,nsu=urn:dune:pds:daphne;s=DAPHNE.Boards.{BoardId}.Network.Interfaces.{Interface}.Name,String,N/A,Direct,None,,,,,,,,,,,,,,,Read-Only,Yes,On-Change,30000,STATUS=REQUIRED PRODUCTION | AUTHORITY=Read-only; network assignment owned externally | INSTANCE=per interface; baseline instance eth0 | SOURCE=Linux rtnetlink/sysfs plus HWDB/network inventory | EXPOSURE=Baseline DCS | STATES=All states | ALARM=Network health | INTERLOCK=No | CONTROL_OWNER=Slow Controls,Slow Controls
Management Network,MacAddress,Active interface MAC address.,nsu=urn:dune:pds:daphne;s=DAPHNE.Boards.{BoardId}.Network.Interfaces.{Interface}.MacAddress,String,N/A,Direct,None,,,,,,,,,,,,,,,Read-Only,Yes,On-Change,30000,STATUS=REQUIRED PRODUCTION | AUTHORITY=Read-only; network assignment owned externally | INSTANCE=per interface; baseline instance eth0 | SOURCE=Linux rtnetlink/sysfs plus HWDB/network inventory | EXPOSURE=Baseline DCS | STATES=All states | ALARM=Network health | INTERLOCK=No | CONTROL_OWNER=Slow Controls,Slow Controls
Management Network,PermanentMacAddress,Driver-reported permanent MAC when available.,nsu=urn:dune:pds:daphne;s=DAPHNE.Boards.{BoardId}.Network.Interfaces.{Interface}.PermanentMacAddress,String,N/A,Direct,None,,,,,,,,,,,,,,,Read-Only,Yes,On-Change,30000,STATUS=REQUIRED PRODUCTION | AUTHORITY=Read-only; network assignment owned externally | INSTANCE=per interface; baseline instance eth0 | SOURCE=Linux rtnetlink/sysfs plus HWDB/network inventory | EXPOSURE=Baseline DCS | STATES=All states | ALARM=Network health | INTERLOCK=No | CONTROL_OWNER=Slow Controls,Slow Controls
Management Network,Ipv4Address,Active IPv4 address.,nsu=urn:dune:pds:daphne;s=DAPHNE.Boards.{BoardId}.Network.Interfaces.{Interface}.Ipv4Address,String,N/A,Direct,None,,,,,,,,,,,,,,,Read-Only,Yes,On-Change,30000,STATUS=REQUIRED PRODUCTION | AUTHORITY=Read-only; network assignment owned externally | INSTANCE=per interface; baseline instance eth0 | SOURCE=Linux rtnetlink/sysfs plus HWDB/network inventory | EXPOSURE=Baseline DCS | STATES=All states | ALARM=Network health | INTERLOCK=No | CONTROL_OWNER=Slow Controls,Slow Controls
Management Network,PrefixLength,IPv4 prefix length.,nsu=urn:dune:pds:daphne;s=DAPHNE.Boards.{BoardId}.Network.Interfaces.{Interface}.PrefixLength,Integer,N/A,Direct,None,,,,,,,,,,,,,,,Read-Only,Yes,On-Change,30000,STATUS=REQUIRED PRODUCTION | AUTHORITY=Read-only; network assignment owned externally | INSTANCE=per interface; baseline instance eth0 | SOURCE=Linux rtnetlink/sysfs plus HWDB/network inventory | EXPOSURE=Baseline DCS | STATES=All states | ALARM=Network health | INTERLOCK=No | CONTROL_OWNER=Slow Controls,Slow Controls
Management Network,DefaultGateway,Selected default IPv4 gateway.,nsu=urn:dune:pds:daphne;s=DAPHNE.Boards.{BoardId}.Network.Interfaces.{Interface}.DefaultGateway,String,N/A,Direct,None,,,,,,,,,,,,,,,Read-Only,Yes,On-Change,30000,STATUS=REQUIRED PRODUCTION | AUTHORITY=Read-only; network assignment owned externally | INSTANCE=per interface; baseline instance eth0 | SOURCE=Linux rtnetlink/sysfs plus HWDB/network inventory | EXPOSURE=Baseline DCS | STATES=All states | ALARM=Network health | INTERLOCK=No | CONTROL_OWNER=Slow Controls,Slow Controls
Management Network,DnsServers,Configured DNS server list.,nsu=urn:dune:pds:daphne;s=DAPHNE.Boards.{BoardId}.Network.Interfaces.{Interface}.DnsServers,String,N/A,Direct,None,,,,,,,,,,,,,,,Read-Only,Yes,On-Change,30000,STATUS=REQUIRED PRODUCTION | AUTHORITY=Read-only; network assignment owned externally | INSTANCE=per interface; baseline instance eth0 | SOURCE=Linux rtnetlink/sysfs plus HWDB/network inventory | EXPOSURE=Baseline DCS | STATES=All states | ALARM=Network health | INTERLOCK=No | CONTROL_OWNER=Slow Controls,Slow Controls
Management Network,VlanId,Assigned VLAN identifier where applicable.,nsu=urn:dune:pds:daphne;s=DAPHNE.Boards.{BoardId}.Network.Interfaces.{Interface}.VlanId,Integer,N/A,Direct,None,,,,,,,,,,,,,,,Read-Only,Yes,On-Change,30000,STATUS=REQUIRED PRODUCTION | AUTHORITY=Read-only; network assignment owned externally | INSTANCE=per interface; baseline instance eth0 | SOURCE=Linux rtnetlink/sysfs plus HWDB/network inventory | EXPOSURE=Baseline DCS | STATES=All states | ALARM=Network health | INTERLOCK=No | CONTROL_OWNER=Slow Controls,Slow Controls
Management Network,OperationalState,Kernel/network-manager operational state.,nsu=urn:dune:pds:daphne;s=DAPHNE.Boards.{BoardId}.Network.Interfaces.{Interface}.OperationalState,String,N/A,Direct,None,,,,,,,,,,,,,,,Read-Only,Yes,On-Change,30000,STATUS=REQUIRED PRODUCTION | AUTHORITY=Read-only; network assignment owned externally | INSTANCE=per interface; baseline instance eth0 | SOURCE=Linux rtnetlink/sysfs plus HWDB/network inventory | EXPOSURE=Baseline DCS | STATES=All states | ALARM=Network health | INTERLOCK=No | CONTROL_OWNER=Slow Controls,Slow Controls
Management Network,Carrier,Physical carrier is present.,nsu=urn:dune:pds:daphne;s=DAPHNE.Boards.{BoardId}.Network.Interfaces.{Interface}.Carrier,Boolean,N/A,Direct,None,,,,,,,,,,,,,,,Read-Only,Yes,On-Change,10000,STATUS=REQUIRED PRODUCTION | AUTHORITY=Read-only; network assignment owned externally | INSTANCE=per interface; baseline instance eth0 | SOURCE=Linux rtnetlink/sysfs plus HWDB/network inventory | EXPOSURE=Baseline DCS | STATES=All states | ALARM=Network health | INTERLOCK=No | CONTROL_OWNER=Slow Controls,Slow Controls
Management Network,SpeedMbps,Negotiated link speed.,nsu=urn:dune:pds:daphne;s=DAPHNE.Boards.{BoardId}.Network.Interfaces.{Interface}.SpeedMbps,Integer,Mbit/s,Direct,None,,,,,,,,,,,,,,,Read-Only,Yes,On-Change,30000,STATUS=REQUIRED PRODUCTION | AUTHORITY=Read-only; network assignment owned externally | INSTANCE=per interface; baseline instance eth0 | SOURCE=Linux rtnetlink/sysfs plus HWDB/network inventory | EXPOSURE=Baseline DCS | STATES=All states | ALARM=Network health | INTERLOCK=No | CONTROL_OWNER=Slow Controls,Slow Controls
Management Network,Duplex,Negotiated duplex mode.,nsu=urn:dune:pds:daphne;s=DAPHNE.Boards.{BoardId}.Network.Interfaces.{Interface}.Duplex,String,N/A,Direct,None,,,,,,,,,,,,,,,Read-Only,Yes,On-Change,30000,STATUS=REQUIRED PRODUCTION | AUTHORITY=Read-only; network assignment owned externally | INSTANCE=per interface; baseline instance eth0 | SOURCE=Linux rtnetlink/sysfs plus HWDB/network inventory | EXPOSURE=Baseline DCS | STATES=All states | ALARM=Network health | INTERLOCK=No | CONTROL_OWNER=Slow Controls,Slow Controls
Management Network,MtuBytes,Configured interface MTU.,nsu=urn:dune:pds:daphne;s=DAPHNE.Boards.{BoardId}.Network.Interfaces.{Interface}.MtuBytes,Integer,byte,Direct,None,,,,,,,,,,,,,,,Read-Only,Yes,10000,30000,STATUS=REQUIRED PRODUCTION | AUTHORITY=Read-only; network assignment owned externally | INSTANCE=per interface; baseline instance eth0 | SOURCE=Linux rtnetlink/sysfs plus HWDB/network inventory | EXPOSURE=Baseline DCS | STATES=All states | ALARM=Network health | INTERLOCK=No | CONTROL_OWNER=Slow Controls,Slow Controls
Management Network,RxBytes,Cumulative received bytes.,nsu=urn:dune:pds:daphne;s=DAPHNE.Boards.{BoardId}.Network.Interfaces.{Interface}.RxBytes,Long,byte,Direct,None,,,,,,,,,,,,,,,Read-Only,Yes,10000,30000,STATUS=REQUIRED PRODUCTION | AUTHORITY=Read-only; network assignment owned externally | INSTANCE=per interface; baseline instance eth0 | SOURCE=Linux rtnetlink/sysfs plus HWDB/network inventory | EXPOSURE=Baseline DCS | STATES=All states | ALARM=Network health | INTERLOCK=No | CONTROL_OWNER=Slow Controls,Slow Controls
Management Network,RxPackets,Cumulative received packets.,nsu=urn:dune:pds:daphne;s=DAPHNE.Boards.{BoardId}.Network.Interfaces.{Interface}.RxPackets,Long,packet,Direct,None,,,,,,,,,,,,,,,Read-Only,Yes,10000,30000,STATUS=REQUIRED PRODUCTION | AUTHORITY=Read-only; network assignment owned externally | INSTANCE=per interface; baseline instance eth0 | SOURCE=Linux rtnetlink/sysfs plus HWDB/network inventory | EXPOSURE=Baseline DCS | STATES=All states | ALARM=Network health | INTERLOCK=No | CONTROL_OWNER=Slow Controls,Slow Controls
Management Network,RxErrors,Cumulative receive errors.,nsu=urn:dune:pds:daphne;s=DAPHNE.Boards.{BoardId}.Network.Interfaces.{Interface}.RxErrors,Long,packet,Direct,None,,,,,,,,,,,,,,,Read-Only,Yes,10000,30000,STATUS=REQUIRED PRODUCTION | AUTHORITY=Read-only; network assignment owned externally | INSTANCE=per interface; baseline instance eth0 | SOURCE=Linux rtnetlink/sysfs plus HWDB/network inventory | EXPOSURE=Baseline DCS | STATES=All states | ALARM=Network health | INTERLOCK=No | CONTROL_OWNER=Slow Controls,Slow Controls
Management Network,RxDropped,Cumulative receive drops.,nsu=urn:dune:pds:daphne;s=DAPHNE.Boards.{BoardId}.Network.Interfaces.{Interface}.RxDropped,Long,packet,Direct,None,,,,,,,,,,,,,,,Read-Only,Yes,10000,30000,STATUS=REQUIRED PRODUCTION | AUTHORITY=Read-only; network assignment owned externally | INSTANCE=per interface; baseline instance eth0 | SOURCE=Linux rtnetlink/sysfs plus HWDB/network inventory | EXPOSURE=Baseline DCS | STATES=All states | ALARM=Network health | INTERLOCK=No | CONTROL_OWNER=Slow Controls,Slow Controls
Management Network,TxBytes,Cumulative transmitted bytes.,nsu=urn:dune:pds:daphne;s=DAPHNE.Boards.{BoardId}.Network.Interfaces.{Interface}.TxBytes,Long,byte,Direct,None,,,,,,,,,,,,,,,Read-Only,Yes,10000,30000,STATUS=REQUIRED PRODUCTION | AUTHORITY=Read-only; network assignment owned externally | INSTANCE=per interface; baseline instance eth0 | SOURCE=Linux rtnetlink/sysfs plus HWDB/network inventory | EXPOSURE=Baseline DCS | STATES=All states | ALARM=Network health | INTERLOCK=No | CONTROL_OWNER=Slow Controls,Slow Controls
Management Network,TxPackets,Cumulative transmitted packets.,nsu=urn:dune:pds:daphne;s=DAPHNE.Boards.{BoardId}.Network.Interfaces.{Interface}.TxPackets,Long,packet,Direct,None,,,,,,,,,,,,,,,Read-Only,Yes,10000,30000,STATUS=REQUIRED PRODUCTION | AUTHORITY=Read-only; network assignment owned externally | INSTANCE=per interface; baseline instance eth0 | SOURCE=Linux rtnetlink/sysfs plus HWDB/network inventory | EXPOSURE=Baseline DCS | STATES=All states | ALARM=Network health | INTERLOCK=No | CONTROL_OWNER=Slow Controls,Slow Controls
Management Network,TxErrors,Cumulative transmit errors.,nsu=urn:dune:pds:daphne;s=DAPHNE.Boards.{BoardId}.Network.Interfaces.{Interface}.TxErrors,Long,packet,Direct,None,,,,,,,,,,,,,,,Read-Only,Yes,10000,30000,STATUS=REQUIRED PRODUCTION | AUTHORITY=Read-only; network assignment owned externally | INSTANCE=per interface; baseline instance eth0 | SOURCE=Linux rtnetlink/sysfs plus HWDB/network inventory | EXPOSURE=Baseline DCS | STATES=All states | ALARM=Network health | INTERLOCK=No | CONTROL_OWNER=Slow Controls,Slow Controls
Management Network,TxDropped,Cumulative transmit drops.,nsu=urn:dune:pds:daphne;s=DAPHNE.Boards.{BoardId}.Network.Interfaces.{Interface}.TxDropped,Long,packet,Direct,None,,,,,,,,,,,,,,,Read-Only,Yes,10000,30000,STATUS=REQUIRED PRODUCTION | AUTHORITY=Read-only; network assignment owned externally | INSTANCE=per interface; baseline instance eth0 | SOURCE=Linux rtnetlink/sysfs plus HWDB/network inventory | EXPOSURE=Baseline DCS | STATES=All states | ALARM=Network health | INTERLOCK=No | CONTROL_OWNER=Slow Controls,Slow Controls
Management Network,LinkChangeCount,Observed carrier/operational-state transitions.,nsu=urn:dune:pds:daphne;s=DAPHNE.Boards.{BoardId}.Network.Interfaces.{Interface}.LinkChangeCount,Long,count,Direct,None,,,,,,,,,,,,,,,Read-Only,Yes,On-Change,30000,STATUS=REQUIRED PRODUCTION | AUTHORITY=Read-only; network assignment owned externally | INSTANCE=per interface; baseline instance eth0 | SOURCE=Linux rtnetlink/sysfs plus HWDB/network inventory | EXPOSURE=Baseline DCS | STATES=All states | ALARM=Network health | INTERLOCK=No | CONTROL_OWNER=Slow Controls,Slow Controls
Management Network,ConfigurationMatch,MAC/IP/prefix/gateway/VLAN match the deployment inventory.,nsu=urn:dune:pds:daphne;s=DAPHNE.Boards.{BoardId}.Network.Interfaces.{Interface}.ConfigurationMatch,Boolean,N/A,Direct,None,,,,,,,,,,,,,,,Read-Only,Yes,On-Change,10000,STATUS=REQUIRED PRODUCTION | AUTHORITY=Read-only; network assignment owned externally | INSTANCE=per interface; baseline instance eth0 | SOURCE=Linux rtnetlink/sysfs plus HWDB/network inventory | EXPOSURE=Baseline DCS | STATES=All states | ALARM=Network health | INTERLOCK=No | CONTROL_OWNER=Slow Controls,Slow Controls
Host,CurrentUtc,Board UTC clock.,nsu=urn:dune:pds:daphne;s=DAPHNE.Boards.{BoardId}.Host.CurrentUtc,DateTime,N/A,Direct,None,,,,,,,,,,,,,,,Read-Only,Yes,On-Change,60000,STATUS=REQUIRED PRODUCTION | AUTHORITY=Read-only | INSTANCE=one per DAPHNE board | SOURCE=Linux clock | EXPOSURE=Baseline DCS | STATES=All states | ALARM=Host health | INTERLOCK=No | CONTROL_OWNER=Slow Controls,Slow Controls
Host,UnixTimeNs,Board UNIX time in nanoseconds.,nsu=urn:dune:pds:daphne;s=DAPHNE.Boards.{BoardId}.Host.UnixTimeNs,Long,N/A,Direct,None,,,,,,,,,,,,,,,Read-Only,Yes,On-Change,60000,STATUS=REQUIRED PRODUCTION | AUTHORITY=Read-only | INSTANCE=one per DAPHNE board | SOURCE=Linux clock | EXPOSURE=Baseline DCS | STATES=All states | ALARM=Host health | INTERLOCK=No | CONTROL_OWNER=Slow Controls,Slow Controls
Host,UptimeSeconds,Host uptime.,nsu=urn:dune:pds:daphne;s=DAPHNE.Boards.{BoardId}.Host.UptimeSeconds,Long,s,Direct,None,,,,,,,,,,,,,,,Read-Only,Yes,On-Change,60000,STATUS=REQUIRED PRODUCTION | AUTHORITY=Read-only | INSTANCE=one per DAPHNE board | SOURCE=Linux /proc/uptime | EXPOSURE=Baseline DCS | STATES=All states | ALARM=Host health | INTERLOCK=No | CONTROL_OWNER=Slow Controls,Slow Controls
Host,BootId,Linux boot identifier.,nsu=urn:dune:pds:daphne;s=DAPHNE.Boards.{BoardId}.Host.BootId,String,N/A,Direct,None,,,,,,,,,,,,,,,Read-Only,Yes,On-Change,60000,STATUS=REQUIRED PRODUCTION | AUTHORITY=Read-only | INSTANCE=one per DAPHNE board | SOURCE=Linux /proc/sys/kernel/random/boot_id | EXPOSURE=Baseline DCS | STATES=All states | ALARM=Host health | INTERLOCK=No | CONTROL_OWNER=Slow Controls,Slow Controls
Host,BootTime,Derived host boot time.,nsu=urn:dune:pds:daphne;s=DAPHNE.Boards.{BoardId}.Host.BootTime,DateTime,N/A,Direct,None,,,,,,,,,,,,,,,Read-Only,Yes,On-Change,60000,STATUS=REQUIRED PRODUCTION | AUTHORITY=Read-only | INSTANCE=one per DAPHNE board | SOURCE=CurrentUtc - UptimeSeconds | EXPOSURE=Baseline DCS | STATES=All states | ALARM=Host health | INTERLOCK=No | CONTROL_OWNER=Slow Controls,Slow Controls
Host,KernelRelease,Running kernel release.,nsu=urn:dune:pds:daphne;s=DAPHNE.Boards.{BoardId}.Host.KernelRelease,String,N/A,Direct,None,,,,,,,,,,,,,,,Read-Only,Yes,On-Change,60000,STATUS=REQUIRED PRODUCTION | AUTHORITY=Read-only | INSTANCE=one per DAPHNE board | SOURCE=uname | EXPOSURE=Baseline DCS | STATES=All states | ALARM=Host health | INTERLOCK=No | CONTROL_OWNER=Slow Controls,Slow Controls
Host,OperatingSystemVersion,PetaLinux/OS release.,nsu=urn:dune:pds:daphne;s=DAPHNE.Boards.{BoardId}.Host.OperatingSystemVersion,String,N/A,Direct,None,,,,,,,,,,,,,,,Read-Only,Yes,On-Change,60000,STATUS=REQUIRED PRODUCTION | AUTHORITY=Read-only | INSTANCE=one per DAPHNE board | SOURCE=/etc/os-release | EXPOSURE=Baseline DCS | STATES=All states | ALARM=Host health | INTERLOCK=No | CONTROL_OWNER=Slow Controls,Slow Controls
Host,RootFilesystemBuildId,Installed rootfs/release build identity.,nsu=urn:dune:pds:daphne;s=DAPHNE.Boards.{BoardId}.Host.RootFilesystemBuildId,String,N/A,Direct,None,,,,,,,,,,,,,,,Read-Only,Yes,On-Change,60000,STATUS=REQUIRED PRODUCTION | AUTHORITY=Read-only | INSTANCE=one per DAPHNE board | SOURCE=release manifest | EXPOSURE=Baseline DCS | STATES=All states | ALARM=Host health | INTERLOCK=No | CONTROL_OWNER=Slow Controls,Slow Controls
Host,ActiveBootSlot,Active A/B eMMC runtime slot.,nsu=urn:dune:pds:daphne;s=DAPHNE.Boards.{BoardId}.Host.ActiveBootSlot,String,N/A,Direct,None,,,,,,,,,,,,,,,Read-Only,Yes,On-Change,60000,STATUS=REQUIRED PRODUCTION | AUTHORITY=Read-only | INSTANCE=one per DAPHNE board | SOURCE=boot-state service/U-Boot env | EXPOSURE=Baseline DCS | STATES=All states | ALARM=Host health | INTERLOCK=No | CONTROL_OWNER=Slow Controls,Slow Controls
Host,BootMarkedGood,Current runtime slot has passed the boot-success contract.,nsu=urn:dune:pds:daphne;s=DAPHNE.Boards.{BoardId}.Host.BootMarkedGood,Boolean,N/A,Direct,None,,,,,,,,,,,,,,,Read-Only,Yes,On-Change,10000,STATUS=REQUIRED PRODUCTION | AUTHORITY=Read-only | INSTANCE=one per DAPHNE board | SOURCE=daphne-boot-ok.service | EXPOSURE=Baseline DCS | STATES=All states | ALARM=Host health | INTERLOCK=No | CONTROL_OWNER=Slow Controls,Slow Controls
Host,LastResetReason,Best available reboot/reset reason.,nsu=urn:dune:pds:daphne;s=DAPHNE.Boards.{BoardId}.Host.LastResetReason,String,N/A,Direct,None,,,,,,,,,,,,,,,Read-Only,Yes,On-Change,60000,STATUS=REQUIRED PRODUCTION | AUTHORITY=Read-only | INSTANCE=one per DAPHNE board | SOURCE=kernel/PMU/boot evidence | EXPOSURE=Baseline DCS | STATES=All states | ALARM=Host health | INTERLOCK=No | CONTROL_OWNER=Slow Controls,Slow Controls
Host,WatchdogHealthy,Host watchdog is configured and being serviced.,nsu=urn:dune:pds:daphne;s=DAPHNE.Boards.{BoardId}.Host.WatchdogHealthy,Boolean,N/A,Direct,None,,,,,,,,,,,,,,,Read-Only,Yes,On-Change,10000,STATUS=REQUIRED PRODUCTION | AUTHORITY=Read-only | INSTANCE=one per DAPHNE board | SOURCE=watchdog/sysfs | EXPOSURE=Baseline DCS | STATES=All states | ALARM=Host health | INTERLOCK=No | CONTROL_OWNER=Slow Controls,Slow Controls
Host,NtpSynchronized,System clock is synchronized to the approved time source.,nsu=urn:dune:pds:daphne;s=DAPHNE.Boards.{BoardId}.Host.NtpSynchronized,Boolean,N/A,Direct,None,,,,,,,,,,,,,,,Read-Only,Yes,On-Change,10000,STATUS=REQUIRED PRODUCTION | AUTHORITY=Read-only | INSTANCE=one per DAPHNE board | SOURCE=timesync service | EXPOSURE=Baseline DCS | STATES=All states | ALARM=Host health | INTERLOCK=No | CONTROL_OWNER=Slow Controls,Slow Controls
Host,NtpOffsetMilliseconds,Reported clock offset from the approved source.,nsu=urn:dune:pds:daphne;s=DAPHNE.Boards.{BoardId}.Host.NtpOffsetMilliseconds,Double,ms,Direct,None,,,,,,,,,,,,,,,Read-Only,Yes,On-Change,10000,STATUS=REQUIRED PRODUCTION | AUTHORITY=Read-only | INSTANCE=one per DAPHNE board | SOURCE=timesync service | EXPOSURE=Baseline DCS | STATES=All states | ALARM=Host health | INTERLOCK=No | CONTROL_OWNER=Slow Controls,Slow Controls
Host,TimeSource,Active time synchronization source.,nsu=urn:dune:pds:daphne;s=DAPHNE.Boards.{BoardId}.Host.TimeSource,String,N/A,Direct,None,,,,,,,,,,,,,,,Read-Only,Yes,On-Change,60000,STATUS=REQUIRED PRODUCTION | AUTHORITY=Read-only | INSTANCE=one per DAPHNE board | SOURCE=timesync service | EXPOSURE=Baseline DCS | STATES=All states | ALARM=Host health | INTERLOCK=No | CONTROL_OWNER=Slow Controls,Slow Controls
Host,CpuLoad1Minute,One-minute CPU load average.,nsu=urn:dune:pds:daphne;s=DAPHNE.Boards.{BoardId}.Host.CpuLoad1Minute,Double,N/A,Direct,None,,,,,,,,,,,,,,,Read-Only,Yes,On-Change,10000,STATUS=REQUIRED PRODUCTION | AUTHORITY=Read-only | INSTANCE=one per DAPHNE board | SOURCE=/proc/loadavg | EXPOSURE=Baseline DCS | STATES=All states | ALARM=Host health | INTERLOCK=No | CONTROL_OWNER=Slow Controls,Slow Controls
Host,MemoryAvailableBytes,Available system memory.,nsu=urn:dune:pds:daphne;s=DAPHNE.Boards.{BoardId}.Host.MemoryAvailableBytes,Long,byte,Direct,None,,,,,,,,,,,,,,,Read-Only,Yes,On-Change,60000,STATUS=REQUIRED PRODUCTION | AUTHORITY=Read-only | INSTANCE=one per DAPHNE board | SOURCE=/proc/meminfo | EXPOSURE=Baseline DCS | STATES=All states | ALARM=Host health | INTERLOCK=No | CONTROL_OWNER=Slow Controls,Slow Controls
Host,RootFilesystemFreeBytes,Free space on the runtime root filesystem.,nsu=urn:dune:pds:daphne;s=DAPHNE.Boards.{BoardId}.Host.RootFilesystemFreeBytes,Long,byte,Direct,None,,,,,,,,,,,,,,,Read-Only,Yes,On-Change,60000,STATUS=REQUIRED PRODUCTION | AUTHORITY=Read-only | INSTANCE=one per DAPHNE board | SOURCE=statvfs | EXPOSURE=Baseline DCS | STATES=All states | ALARM=Host health | INTERLOCK=No | CONTROL_OWNER=Slow Controls,Slow Controls
Host,RootFilesystemReadOnly,Runtime root filesystem is unexpectedly read-only.,nsu=urn:dune:pds:daphne;s=DAPHNE.Boards.{BoardId}.Host.RootFilesystemReadOnly,Boolean,N/A,Direct,None,,,,,,,,,,,,,,,Read-Only,Yes,On-Change,10000,STATUS=REQUIRED PRODUCTION | AUTHORITY=Read-only | INSTANCE=one per DAPHNE board | SOURCE=mount state | EXPOSURE=Baseline DCS | STATES=All states | ALARM=Host health | INTERLOCK=No | CONTROL_OWNER=Slow Controls,Slow Controls
Services,Active,Service is in the active state.,nsu=urn:dune:pds:daphne;s=DAPHNE.Boards.{BoardId}.Services.{Service}.Active,Boolean,N/A,Direct,None,,,,,,,,,,,,,,,Read-Only,Yes,On-Change,5000,STATUS=CURRENT PROTOBUF | AUTHORITY=Read-only; service recovery owned by PDS operations | INSTANCE=per required service; see Instance Sets | SOURCE=SlowControlStatusResponse.ServiceStatus / systemd | EXPOSURE=Baseline DCS | STATES=All states | ALARM=Service fault | INTERLOCK=Readiness | CONTROL_OWNER=Slow Controls,Slow Controls
Services,State,Service active/substate detail.,nsu=urn:dune:pds:daphne;s=DAPHNE.Boards.{BoardId}.Services.{Service}.State,String,N/A,Direct,None,,,,,,,,,,,,,,,Read-Only,Yes,On-Change,5000,STATUS=CURRENT PROTOBUF | AUTHORITY=Read-only; service recovery owned by PDS operations | INSTANCE=per required service; see Instance Sets | SOURCE=SlowControlStatusResponse.ServiceStatus / systemd | EXPOSURE=Baseline DCS | STATES=All states | ALARM=Service fault | INTERLOCK=Readiness | CONTROL_OWNER=Slow Controls,Slow Controls
Services,MainPid,"Main process identifier, if applicable.",nsu=urn:dune:pds:daphne;s=DAPHNE.Boards.{BoardId}.Services.{Service}.MainPid,Integer,N/A,Direct,None,,,,,,,,,,,,,,,Read-Only,Yes,On-Change,5000,STATUS=REQUIRED PRODUCTION | AUTHORITY=Read-only; service recovery owned by PDS operations | INSTANCE=per required service; see Instance Sets | SOURCE=SlowControlStatusResponse.ServiceStatus / systemd | EXPOSURE=Baseline DCS | STATES=All states | ALARM=Service fault | INTERLOCK=Readiness | CONTROL_OWNER=Slow Controls,Slow Controls
Services,RestartCount,Cumulative automatic restart count for this boot.,nsu=urn:dune:pds:daphne;s=DAPHNE.Boards.{BoardId}.Services.{Service}.RestartCount,Integer,N/A,Direct,None,,,,,,,,,,,,,,,Read-Only,Yes,On-Change,5000,STATUS=REQUIRED PRODUCTION | AUTHORITY=Read-only; service recovery owned by PDS operations | INSTANCE=per required service; see Instance Sets | SOURCE=SlowControlStatusResponse.ServiceStatus / systemd | EXPOSURE=Baseline DCS | STATES=All states | ALARM=Service fault | INTERLOCK=Readiness | CONTROL_OWNER=Slow Controls,Slow Controls
Services,StartTime,Time the current service instance started.,nsu=urn:dune:pds:daphne;s=DAPHNE.Boards.{BoardId}.Services.{Service}.StartTime,DateTime,N/A,Direct,None,,,,,,,,,,,,,,,Read-Only,Yes,On-Change,5000,STATUS=REQUIRED PRODUCTION | AUTHORITY=Read-only; service recovery owned by PDS operations | INSTANCE=per required service; see Instance Sets | SOURCE=SlowControlStatusResponse.ServiceStatus / systemd | EXPOSURE=Baseline DCS | STATES=All states | ALARM=Service fault | INTERLOCK=Readiness | CONTROL_OWNER=Slow Controls,Slow Controls
Services,LastExitStatus,Most recent terminal exit status/result.,nsu=urn:dune:pds:daphne;s=DAPHNE.Boards.{BoardId}.Services.{Service}.LastExitStatus,String,N/A,Direct,None,,,,,,,,,,,,,,,Read-Only,Yes,On-Change,5000,STATUS=REQUIRED PRODUCTION | AUTHORITY=Read-only; service recovery owned by PDS operations | INSTANCE=per required service; see Instance Sets | SOURCE=SlowControlStatusResponse.ServiceStatus / systemd | EXPOSURE=Baseline DCS | STATES=All states | ALARM=Service fault | INTERLOCK=Readiness | CONTROL_OWNER=Slow Controls,Slow Controls
OPC-UA Bridge,Heartbeat,Monotonic OPC-UA bridge heartbeat.,nsu=urn:dune:pds:daphne;s=DAPHNE.Boards.{BoardId}.Bridge.Heartbeat,Long,N/A,Direct,None,,,,,,,,,,,,,,,Read-Only,Yes,On-Change,1000,STATUS=CURRENT OPC-UA POC | AUTHORITY=Neutral PDS gateway deployment shared by DAQ and SC | INSTANCE=one per bridge shard | SOURCE=NP04 bridge for current fields; production shared-gateway contract otherwise | EXPOSURE=Baseline DCS | STATES=All states | ALARM=Bridge health | INTERLOCK=No | CONTROL_OWNER=PDS OPC-UA gateway service,PDS OPC-UA gateway service
OPC-UA Bridge,Version,Running bridge software version.,nsu=urn:dune:pds:daphne;s=DAPHNE.Boards.{BoardId}.Bridge.Version,String,N/A,Direct,None,,,,,,,,,,,,,,,Read-Only,Yes,On-Change,30000,STATUS=CURRENT OPC-UA POC | AUTHORITY=Neutral PDS gateway deployment shared by DAQ and SC | INSTANCE=one per bridge shard | SOURCE=NP04 bridge for current fields; production shared-gateway contract otherwise | EXPOSURE=Baseline DCS | STATES=All states | ALARM=Bridge health | INTERLOCK=No | CONTROL_OWNER=PDS OPC-UA gateway service,PDS OPC-UA gateway service
OPC-UA Bridge,ConfigurationPath,Controlled configuration source path or identifier.,nsu=urn:dune:pds:daphne;s=DAPHNE.Boards.{BoardId}.Bridge.ConfigurationPath,String,N/A,Direct,None,,,,,,,,,,,,,,,Read-Only,Yes,On-Change,30000,STATUS=CURRENT OPC-UA POC | AUTHORITY=Neutral PDS gateway deployment shared by DAQ and SC | INSTANCE=one per bridge shard | SOURCE=NP04 bridge for current fields; production shared-gateway contract otherwise | EXPOSURE=Baseline DCS | STATES=All states | ALARM=Bridge health | INTERLOCK=No | CONTROL_OWNER=PDS OPC-UA gateway service,PDS OPC-UA gateway service
OPC-UA Bridge,ConfigurationHash,Digest of the effective bridge configuration.,nsu=urn:dune:pds:daphne;s=DAPHNE.Boards.{BoardId}.Bridge.ConfigurationHash,String,N/A,Direct,None,,,,,,,,,,,,,,,Read-Only,Yes,On-Change,30000,STATUS=REQUIRED PRODUCTION | AUTHORITY=Neutral PDS gateway deployment shared by DAQ and SC | INSTANCE=one per bridge shard | SOURCE=NP04 bridge for current fields; production shared-gateway contract otherwise | EXPOSURE=Baseline DCS | STATES=All states | ALARM=Bridge health | INTERLOCK=No | CONTROL_OWNER=PDS OPC-UA gateway service,PDS OPC-UA gateway service
OPC-UA Bridge,NamespaceVersion,Published OPC-UA information-model version.,nsu=urn:dune:pds:daphne;s=DAPHNE.Boards.{BoardId}.Bridge.NamespaceVersion,String,N/A,Direct,None,,,,,,,,,,,,,,,Read-Only,Yes,On-Change,30000,STATUS=REQUIRED PRODUCTION | AUTHORITY=Neutral PDS gateway deployment shared by DAQ and SC | INSTANCE=one per bridge shard | SOURCE=NP04 bridge for current fields; production shared-gateway contract otherwise | EXPOSURE=Baseline DCS | STATES=All states | ALARM=Bridge health | INTERLOCK=No | CONTROL_OWNER=PDS OPC-UA gateway service,PDS OPC-UA gateway service
OPC-UA Bridge,BoardCount,Number of configured DAPHNE board instances.,nsu=urn:dune:pds:daphne;s=DAPHNE.Boards.{BoardId}.Bridge.BoardCount,Integer,N/A,Direct,None,,,,,,,,,,,,,,,Read-Only,Yes,On-Change,30000,STATUS=CURRENT OPC-UA POC | AUTHORITY=Neutral PDS gateway deployment shared by DAQ and SC | INSTANCE=one per bridge shard | SOURCE=NP04 bridge for current fields; production shared-gateway contract otherwise | EXPOSURE=Baseline DCS | STATES=All states | ALARM=Bridge health | INTERLOCK=No | CONTROL_OWNER=PDS OPC-UA gateway service,PDS OPC-UA gateway service
OPC-UA Bridge,WorkerCount,Bounded background DAPHNE poll worker count.,nsu=urn:dune:pds:daphne;s=DAPHNE.Boards.{BoardId}.Bridge.WorkerCount,Integer,N/A,Direct,None,,,,,,,,,,,,,,,Read-Only,Yes,On-Change,30000,STATUS=CURRENT OPC-UA POC | AUTHORITY=Neutral PDS gateway deployment shared by DAQ and SC | INSTANCE=one per bridge shard | SOURCE=NP04 bridge for current fields; production shared-gateway contract otherwise | EXPOSURE=Baseline DCS | STATES=All states | ALARM=Bridge health | INTERLOCK=No | CONTROL_OWNER=PDS OPC-UA gateway service,PDS OPC-UA gateway service
OPC-UA Bridge,CertificateNotAfter,OPC-UA server certificate expiry.,nsu=urn:dune:pds:daphne;s=DAPHNE.Boards.{BoardId}.Bridge.CertificateNotAfter,DateTime,N/A,Direct,None,,,,,,,,,,,,,,,Read-Only,Yes,On-Change,30000,STATUS=REQUIRED PRODUCTION | AUTHORITY=Neutral PDS gateway deployment shared by DAQ and SC | INSTANCE=one per bridge shard | SOURCE=NP04 bridge for current fields; production shared-gateway contract otherwise | EXPOSURE=Baseline DCS | STATES=All states | ALARM=Bridge health | INTERLOCK=No | CONTROL_OWNER=PDS OPC-UA gateway service,PDS OPC-UA gateway service
OPC-UA Bridge,RejectedSessionCount,Cumulative rejected OPC-UA sessions.,nsu=urn:dune:pds:daphne;s=DAPHNE.Boards.{BoardId}.Bridge.RejectedSessionCount,Long,N/A,Direct,None,,,,,,,,,,,,,,,Read-Only,Yes,On-Change,30000,STATUS=REQUIRED PRODUCTION | AUTHORITY=Neutral PDS gateway deployment shared by DAQ and SC | INSTANCE=one per bridge shard | SOURCE=NP04 bridge for current fields; production shared-gateway contract otherwise | EXPOSURE=Baseline DCS | STATES=All states | ALARM=Bridge health | INTERLOCK=No | CONTROL_OWNER=PDS OPC-UA gateway service,PDS OPC-UA gateway service
OPC-UA Bridge,PollTimeoutCount,Cumulative DAPHNE polling timeouts.,nsu=urn:dune:pds:daphne;s=DAPHNE.Boards.{BoardId}.Bridge.PollTimeoutCount,Long,N/A,Direct,None,,,,,,,,,,,,,,,Read-Only,Yes,On-Change,30000,STATUS=REQUIRED PRODUCTION | AUTHORITY=Neutral PDS gateway deployment shared by DAQ and SC | INSTANCE=one per bridge shard | SOURCE=NP04 bridge for current fields; production shared-gateway contract otherwise | EXPOSURE=Baseline DCS | STATES=All states | ALARM=Bridge health | INTERLOCK=No | CONTROL_OWNER=PDS OPC-UA gateway service,PDS OPC-UA gateway service
OPC-UA Bridge,PollErrorCount,Cumulative DAPHNE polling errors.,nsu=urn:dune:pds:daphne;s=DAPHNE.Boards.{BoardId}.Bridge.PollErrorCount,Long,N/A,Direct,None,,,,,,,,,,,,,,,Read-Only,Yes,On-Change,30000,STATUS=REQUIRED PRODUCTION | AUTHORITY=Neutral PDS gateway deployment shared by DAQ and SC | INSTANCE=one per bridge shard | SOURCE=NP04 bridge for current fields; production shared-gateway contract otherwise | EXPOSURE=Baseline DCS | STATES=All states | ALARM=Bridge health | INTERLOCK=No | CONTROL_OWNER=PDS OPC-UA gateway service,PDS OPC-UA gateway service
OPC-UA Bridge,BackendProtocolVersion,DAPHNE Protobuf/ZMQ backend schema and compatibility-adapter version.,nsu=urn:dune:pds:daphne;s=DAPHNE.Boards.{BoardId}.Bridge.BackendProtocolVersion,String,N/A,Direct,None,,,,,,,,,,,,,,,Read-Only,Yes,On-Change,30000,STATUS=REQUIRED PRODUCTION | AUTHORITY=Neutral PDS gateway deployment shared by DAQ and SC | INSTANCE=one per bridge shard | SOURCE=NP04 bridge for current fields; production shared-gateway contract otherwise | EXPOSURE=Baseline DCS | STATES=All states | ALARM=Bridge health | INTERLOCK=No | CONTROL_OWNER=PDS OPC-UA gateway service,PDS OPC-UA gateway service
OPC-UA Bridge,BackendCompatibilityState,"Compatibility of the gateway adapter with every configured board: Compatible, Degraded, or Incompatible.",nsu=urn:dune:pds:daphne;s=DAPHNE.Boards.{BoardId}.Bridge.BackendCompatibilityState,String,N/A,Direct,None,,,,,,,,,,,,,,,Read-Only,Yes,On-Change,30000,STATUS=REQUIRED PRODUCTION | AUTHORITY=Neutral PDS gateway deployment shared by DAQ and SC | INSTANCE=one per bridge shard | SOURCE=NP04 bridge for current fields; production shared-gateway contract otherwise | EXPOSURE=Baseline DCS | STATES=All states | ALARM=Bridge health | INTERLOCK=No | CONTROL_OWNER=PDS OPC-UA gateway service,PDS OPC-UA gateway service
OPC-UA Bridge,ActiveDaqSessionCount,Authenticated active OPC-UA sessions holding the DAQ client role.,nsu=urn:dune:pds:daphne;s=DAPHNE.Boards.{BoardId}.Bridge.ActiveDaqSessionCount,Integer,N/A,Direct,None,,,,,,,,,,,,,,,Read-Only,Yes,On-Change,30000,STATUS=REQUIRED PRODUCTION | AUTHORITY=Neutral PDS gateway deployment shared by DAQ and SC | INSTANCE=one per bridge shard | SOURCE=NP04 bridge for current fields; production shared-gateway contract otherwise | EXPOSURE=Baseline DCS | STATES=All states | ALARM=Bridge health | INTERLOCK=No | CONTROL_OWNER=PDS OPC-UA gateway service,PDS OPC-UA gateway service
OPC-UA Bridge,ActiveSlowControlsSessionCount,Authenticated active OPC-UA sessions holding the Slow Controls client role.,nsu=urn:dune:pds:daphne;s=DAPHNE.Boards.{BoardId}.Bridge.ActiveSlowControlsSessionCount,Integer,N/A,Direct,None,,,,,,,,,,,,,,,Read-Only,Yes,On-Change,30000,STATUS=REQUIRED PRODUCTION | AUTHORITY=Neutral PDS gateway deployment shared by DAQ and SC | INSTANCE=one per bridge shard | SOURCE=NP04 bridge for current fields; production shared-gateway contract otherwise | EXPOSURE=Baseline DCS | STATES=All states | ALARM=Bridge health | INTERLOCK=No | CONTROL_OWNER=PDS OPC-UA gateway service,PDS OPC-UA gateway service
OPC-UA Bridge,UnauthorizedMethodCount,Cumulative method calls rejected by OPC-UA role or field-level authorization.,nsu=urn:dune:pds:daphne;s=DAPHNE.Boards.{BoardId}.Bridge.UnauthorizedMethodCount,Long,N/A,Direct,None,,,,,,,,,,,,,,,Read-Only,Yes,On-Change,30000,STATUS=REQUIRED PRODUCTION | AUTHORITY=Neutral PDS gateway deployment shared by DAQ and SC | INSTANCE=one per bridge shard | SOURCE=NP04 bridge for current fields; production shared-gateway contract otherwise | EXPOSURE=Baseline DCS | STATES=All states | ALARM=Bridge health | INTERLOCK=No | CONTROL_OWNER=PDS OPC-UA gateway service,PDS OPC-UA gateway service
OPC-UA Bridge,CommandQueueDepth,Number of accepted board mutations waiting in the gateway serializer.,nsu=urn:dune:pds:daphne;s=DAPHNE.Boards.{BoardId}.Bridge.CommandQueueDepth,Integer,N/A,Direct,None,,,,,,,,,,,,,,,Read-Only,Yes,On-Change,30000,STATUS=REQUIRED PRODUCTION | AUTHORITY=Neutral PDS gateway deployment shared by DAQ and SC | INSTANCE=one per bridge shard | SOURCE=NP04 bridge for current fields; production shared-gateway contract otherwise | EXPOSURE=Baseline DCS | STATES=All states | ALARM=Bridge health | INTERLOCK=No | CONTROL_OWNER=PDS OPC-UA gateway service,PDS OPC-UA gateway service
OPC-UA Bridge,TranslationErrorCount,Cumulative failures translating typed OPC-UA operations to or from the DAPHNE backend protocol.,nsu=urn:dune:pds:daphne;s=DAPHNE.Boards.{BoardId}.Bridge.TranslationErrorCount,Long,N/A,Direct,None,,,,,,,,,,,,,,,Read-Only,Yes,On-Change,30000,STATUS=REQUIRED PRODUCTION | AUTHORITY=Neutral PDS gateway deployment shared by DAQ and SC | INSTANCE=one per bridge shard | SOURCE=NP04 bridge for current fields; production shared-gateway contract otherwise | EXPOSURE=Baseline DCS | STATES=All states | ALARM=Bridge health | INTERLOCK=No | CONTROL_OWNER=PDS OPC-UA gateway service,PDS OPC-UA gateway service
Firmware,Loaded,Expected FPGA image is loaded and FPGA manager reports operating.,nsu=urn:dune:pds:daphne;s=DAPHNE.Boards.{BoardId}.Firmware.Loaded,Boolean,N/A,Direct,None,,,,,,,,,,,,,,,Read-Only,Yes,On-Change,5000,STATUS=CURRENT PROTOBUF | AUTHORITY=Read-only; updates are expert maintenance | INSTANCE=one per DAPHNE board | SOURCE=SlowControlStatusResponse.FirmwareStatus.loaded | EXPOSURE=Baseline DCS | STATES=All states | ALARM=Firmware readiness | INTERLOCK=Readiness | CONTROL_OWNER=Slow Controls,Slow Controls
Firmware,FpgaManagerState,Raw FPGA manager state.,nsu=urn:dune:pds:daphne;s=DAPHNE.Boards.{BoardId}.Firmware.FpgaManagerState,String,N/A,Direct,None,,,,,,,,,,,,,,,Read-Only,Yes,On-Change,30000,STATUS=CURRENT PROTOBUF | AUTHORITY=Read-only; updates are expert maintenance | INSTANCE=one per DAPHNE board | SOURCE=FirmwareStatus.fpga_manager_state | EXPOSURE=Baseline DCS | STATES=All states | ALARM=Firmware readiness | INTERLOCK=Readiness | CONTROL_OWNER=Slow Controls,Slow Controls
Firmware,OverlayName,Active FPGA application/overlay name.,nsu=urn:dune:pds:daphne;s=DAPHNE.Boards.{BoardId}.Firmware.OverlayName,String,N/A,Direct,None,,,,,,,,,,,,,,,Read-Only,Yes,On-Change,30000,STATUS=CURRENT PROTOBUF | AUTHORITY=Read-only; updates are expert maintenance | INSTANCE=one per DAPHNE board | SOURCE=FirmwareStatus.overlay_name | EXPOSURE=Baseline DCS | STATES=All states | ALARM=Firmware readiness | INTERLOCK=Readiness | CONTROL_OWNER=Slow Controls,Slow Controls
Firmware,BuildId,Gateware build identifier extracted from release metadata.,nsu=urn:dune:pds:daphne;s=DAPHNE.Boards.{BoardId}.Firmware.BuildId,String,N/A,Direct,None,,,,,,,,,,,,,,,Read-Only,Yes,On-Change,30000,STATUS=CURRENT PROTOBUF | AUTHORITY=Read-only; updates are expert maintenance | INSTANCE=one per DAPHNE board | SOURCE=FirmwareStatus.build_id | EXPOSURE=Baseline DCS | STATES=All states | ALARM=Firmware readiness | INTERLOCK=Readiness | CONTROL_OWNER=Slow Controls,Slow Controls
Firmware,GitCommit,Gateware Git revision read from the configuration register.,nsu=urn:dune:pds:daphne;s=DAPHNE.Boards.{BoardId}.Firmware.GitCommit,String,N/A,Direct,None,,,,,,,,,,,,,,,Read-Only,Yes,On-Change,30000,STATUS=LOCAL READABLE | AUTHORITY=Read-only; updates are expert maintenance | INSTANCE=one per DAPHNE board | SOURCE=FpgaRegDict.GIT | EXPOSURE=Baseline DCS | STATES=All states | ALARM=Firmware readiness | INTERLOCK=Readiness | CONTROL_OWNER=Slow Controls,Slow Controls
Firmware,ExpectedBuildId,Build identity required by the active release/configuration.,nsu=urn:dune:pds:daphne;s=DAPHNE.Boards.{BoardId}.Firmware.ExpectedBuildId,String,N/A,Direct,None,,,,,,,,,,,,,,,Read-Only,Yes,On-Change,30000,STATUS=REQUIRED PRODUCTION | AUTHORITY=Read-only; updates are expert maintenance | INSTANCE=one per DAPHNE board | SOURCE=release manifest | EXPOSURE=Baseline DCS | STATES=All states | ALARM=Firmware readiness | INTERLOCK=Readiness | CONTROL_OWNER=Slow Controls,Slow Controls
Firmware,BuildMatchesExpected,Running FPGA build matches the release/configuration contract.,nsu=urn:dune:pds:daphne;s=DAPHNE.Boards.{BoardId}.Firmware.BuildMatchesExpected,Boolean,N/A,Direct,None,,,,,,,,,,,,,,,Read-Only,Yes,On-Change,5000,STATUS=REQUIRED PRODUCTION | AUTHORITY=Read-only; updates are expert maintenance | INSTANCE=one per DAPHNE board | SOURCE=derived comparison | EXPOSURE=Baseline DCS | STATES=All states | ALARM=Firmware readiness | INTERLOCK=Readiness | CONTROL_OWNER=Slow Controls,Slow Controls
Firmware,RegisterMapVersionMatches,Gateware register-map version matches the board-service schema.,nsu=urn:dune:pds:daphne;s=DAPHNE.Boards.{BoardId}.Firmware.RegisterMapVersionMatches,Boolean,N/A,Direct,None,,,,,,,,,,,,,,,Read-Only,Yes,On-Change,5000,STATUS=REQUIRED PRODUCTION | AUTHORITY=Read-only; updates are expert maintenance | INSTANCE=one per DAPHNE board | SOURCE=idVersion + server manifest | EXPOSURE=Baseline DCS | STATES=All states | ALARM=Firmware readiness | INTERLOCK=Readiness | CONTROL_OWNER=Slow Controls,Slow Controls
Firmware,PlI2cDevicePresent,PL I2C platform device is present.,nsu=urn:dune:pds:daphne;s=DAPHNE.Boards.{BoardId}.Firmware.PlI2cDevicePresent,Boolean,N/A,Direct,None,,,,,,,,,,,,,,,Read-Only,Yes,On-Change,5000,STATUS=CURRENT PROTOBUF | AUTHORITY=Read-only; updates are expert maintenance | INSTANCE=one per DAPHNE board | SOURCE=FirmwareStatus.pl_devices_present / preflight | EXPOSURE=Baseline DCS | STATES=All states | ALARM=Firmware readiness | INTERLOCK=Readiness | CONTROL_OWNER=Slow Controls,Slow Controls
Firmware,PlSpiDevicePresent,PL SPI platform device is present.,nsu=urn:dune:pds:daphne;s=DAPHNE.Boards.{BoardId}.Firmware.PlSpiDevicePresent,Boolean,N/A,Direct,None,,,,,,,,,,,,,,,Read-Only,Yes,On-Change,5000,STATUS=CURRENT PROTOBUF | AUTHORITY=Read-only; updates are expert maintenance | INSTANCE=one per DAPHNE board | SOURCE=FirmwareStatus.pl_devices_present / preflight | EXPOSURE=Baseline DCS | STATES=All states | ALARM=Firmware readiness | INTERLOCK=Readiness | CONTROL_OWNER=Slow Controls,Slow Controls
Firmware,ActiveXmutilApplication,Active xmutil accelerator application.,nsu=urn:dune:pds:daphne;s=DAPHNE.Boards.{BoardId}.Firmware.ActiveXmutilApplication,String,N/A,Direct,None,,,,,,,,,,,,,,,Read-Only,Yes,On-Change,30000,STATUS=LOCAL READABLE | AUTHORITY=Read-only; updates are expert maintenance | INSTANCE=one per DAPHNE board | SOURCE=xmutil listapps | EXPOSURE=Baseline DCS | STATES=All states | ALARM=Firmware readiness | INTERLOCK=Readiness | CONTROL_OWNER=Slow Controls,Slow Controls
Firmware,FirmwareUpdateState,"Idle, Preparing, Programming, Verifying, Succeeded, or Failed.",nsu=urn:dune:pds:daphne;s=DAPHNE.Boards.{BoardId}.Firmware.FirmwareUpdateState,String,N/A,Direct,None,,,,,,,,,,,,,,,Read-Only,Yes,On-Change,30000,STATUS=REQUIRED PRODUCTION | AUTHORITY=Read-only; updates are expert maintenance | INSTANCE=one per DAPHNE board | SOURCE=firmware update contract | EXPOSURE=Baseline DCS | STATES=All states | ALARM=Firmware readiness | INTERLOCK=Readiness | CONTROL_OWNER=Slow Controls,Slow Controls
Firmware,FirmwarePathAvailable,Normal configuration/monitor path remains available.,nsu=urn:dune:pds:daphne;s=DAPHNE.Boards.{BoardId}.Firmware.FirmwarePathAvailable,Boolean,N/A,Direct,None,,,,,,,,,,,,,,,Read-Only,Yes,On-Change,5000,STATUS=REQUIRED PRODUCTION | AUTHORITY=Read-only; updates are expert maintenance | INSTANCE=one per DAPHNE board | SOURCE=firmware update contract | EXPOSURE=Baseline DCS | STATES=All states | ALARM=Firmware readiness | INTERLOCK=Readiness | CONTROL_OWNER=Slow Controls,Slow Controls
Firmware,FirmwareArtifactSha256,Digest of the loaded/installed FPGA artifact.,nsu=urn:dune:pds:daphne;s=DAPHNE.Boards.{BoardId}.Firmware.FirmwareArtifactSha256,String,N/A,Direct,None,,,,,,,,,,,,,,,Read-Only,Yes,On-Change,30000,STATUS=REQUIRED PRODUCTION | AUTHORITY=Read-only; updates are expert maintenance | INSTANCE=one per DAPHNE board | SOURCE=release/deployment manifest | EXPOSURE=Baseline DCS | STATES=All states | ALARM=Firmware readiness | INTERLOCK=Readiness | CONTROL_OWNER=Slow Controls,Slow Controls
Firmware,ServerVersion,DAPHNE board-service software version.,nsu=urn:dune:pds:daphne;s=DAPHNE.Boards.{BoardId}.Firmware.ServerVersion,String,N/A,Direct,None,,,,,,,,,,,,,,,Read-Only,Yes,On-Change,30000,STATUS=REQUIRED PRODUCTION | AUTHORITY=Read-only; updates are expert maintenance | INSTANCE=one per DAPHNE board | SOURCE=board service build metadata | EXPOSURE=Baseline DCS | STATES=All states | ALARM=Firmware readiness | INTERLOCK=Readiness | CONTROL_OWNER=Slow Controls,Slow Controls
Firmware,ProtobufSchemaVersion,ControlEnvelope/Protobuf schema compatibility version.,nsu=urn:dune:pds:daphne;s=DAPHNE.Boards.{BoardId}.Firmware.ProtobufSchemaVersion,String,N/A,Direct,None,,,,,,,,,,,,,,,Read-Only,Yes,On-Change,30000,STATUS=REQUIRED PRODUCTION | AUTHORITY=Read-only; updates are expert maintenance | INSTANCE=one per DAPHNE board | SOURCE=board service build metadata | EXPOSURE=Baseline DCS | STATES=All states | ALARM=Firmware readiness | INTERLOCK=Readiness | CONTROL_OWNER=Slow Controls,Slow Controls
Firmware,GatewareHeartbeat,Monotonic PL heartbeat or watchdog counter.,nsu=urn:dune:pds:daphne;s=DAPHNE.Boards.{BoardId}.Firmware.GatewareHeartbeat,Long,N/A,Direct,None,,,,,,,,,,,,,,,Read-Only,Yes,On-Change,30000,STATUS=REQUIRED PRODUCTION | AUTHORITY=Read-only; updates are expert maintenance | INSTANCE=one per DAPHNE board | SOURCE=required gateware health block | EXPOSURE=Baseline DCS | STATES=All states | ALARM=Firmware readiness | INTERLOCK=Readiness | CONTROL_OWNER=Slow Controls,Slow Controls
Firmware,GatewareFatalFaultLatched,Latched fatal gateware error state.,nsu=urn:dune:pds:daphne;s=DAPHNE.Boards.{BoardId}.Firmware.GatewareFatalFaultLatched,Boolean,N/A,Direct,None,,,,,,,,,,,,,,,Read-Only,Yes,On-Change,5000,STATUS=REQUIRED PRODUCTION | AUTHORITY=Read-only; updates are expert maintenance | INSTANCE=one per DAPHNE board | SOURCE=required gateware health block | EXPOSURE=Baseline DCS | STATES=All states | ALARM=Firmware readiness | INTERLOCK=Readiness | CONTROL_OWNER=Slow Controls,Slow Controls
Firmware,GatewareResetReason,Last gateware reset cause.,nsu=urn:dune:pds:daphne;s=DAPHNE.Boards.{BoardId}.Firmware.GatewareResetReason,String,N/A,Direct,None,,,,,,,,,,,,,,,Read-Only,Yes,On-Change,30000,STATUS=REQUIRED PRODUCTION | AUTHORITY=Read-only; updates are expert maintenance | INSTANCE=one per DAPHNE board | SOURCE=required gateware health block | EXPOSURE=Baseline DCS | STATES=All states | ALARM=Firmware readiness | INTERLOCK=Readiness | CONTROL_OWNER=Slow Controls,Slow Controls
Firmware,ConfigurationReady,Analog/front-end configuration path has reached a stable ready state.,nsu=urn:dune:pds:daphne;s=DAPHNE.Boards.{BoardId}.Firmware.ConfigurationReady,Boolean,N/A,Direct,None,,,,,,,,,,,,,,,Read-Only,Yes,On-Change,5000,STATUS=REQUIRED PRODUCTION | AUTHORITY=Read-only; updates are expert maintenance | INSTANCE=one per DAPHNE board | SOURCE=analog-control contract | EXPOSURE=Baseline DCS | STATES=All states | ALARM=Firmware readiness | INTERLOCK=Readiness | CONTROL_OWNER=Slow Controls,Slow Controls
RPU,Available,RPU/remoteproc control backend is available.,nsu=urn:dune:pds:daphne;s=DAPHNE.Boards.{BoardId}.RPU.Available,Boolean,N/A,Direct,None,,,,,,,,,,,,,,,Read-Only,Yes,On-Change,1000,STATUS=CURRENT PROTOBUF | AUTHORITY=Read-only; RPU owns safety-critical AFE sequencing | INSTANCE=one per DAPHNE board | SOURCE=SlowControlStatusResponse.RpuStatus / RPU wire status | EXPOSURE=Baseline DCS | STATES=All states | ALARM=Control-path fault | INTERLOCK=Context | CONTROL_OWNER=Slow Controls,Slow Controls
RPU,Running,RPU firmware is running.,nsu=urn:dune:pds:daphne;s=DAPHNE.Boards.{BoardId}.RPU.Running,Boolean,N/A,Direct,None,,,,,,,,,,,,,,,Read-Only,Yes,On-Change,1000,STATUS=CURRENT PROTOBUF | AUTHORITY=Read-only; RPU owns safety-critical AFE sequencing | INSTANCE=one per DAPHNE board | SOURCE=SlowControlStatusResponse.RpuStatus / RPU wire status | EXPOSURE=Baseline DCS | STATES=All states | ALARM=Control-path fault | INTERLOCK=Yes | CONTROL_OWNER=Slow Controls,Slow Controls
RPU,Firmware,RPU firmware image name/version.,nsu=urn:dune:pds:daphne;s=DAPHNE.Boards.{BoardId}.RPU.Firmware,String,N/A,Direct,None,,,,,,,,,,,,,,,Read-Only,Yes,On-Change,1000,STATUS=CURRENT PROTOBUF | AUTHORITY=Read-only; RPU owns safety-critical AFE sequencing | INSTANCE=one per DAPHNE board | SOURCE=SlowControlStatusResponse.RpuStatus / RPU wire status | EXPOSURE=Baseline DCS | STATES=All states | ALARM=Control-path fault | INTERLOCK=Context | CONTROL_OWNER=Slow Controls,Slow Controls
RPU,Heartbeat,Monotonic RPU safety/control heartbeat.,nsu=urn:dune:pds:daphne;s=DAPHNE.Boards.{BoardId}.RPU.Heartbeat,Long,N/A,Direct,None,,,,,,,,,,,,,,,Read-Only,Yes,On-Change,1000,STATUS=CURRENT PROTOBUF | AUTHORITY=Read-only; RPU owns safety-critical AFE sequencing | INSTANCE=one per DAPHNE board | SOURCE=SlowControlStatusResponse.RpuStatus / RPU wire status | EXPOSURE=Baseline DCS | STATES=All states | ALARM=Control-path fault | INTERLOCK=Yes | CONTROL_OWNER=Slow Controls,Slow Controls
RPU,LastFault,Most recent RPU fault detail.,nsu=urn:dune:pds:daphne;s=DAPHNE.Boards.{BoardId}.RPU.LastFault,String,N/A,Direct,None,,,,,,,,,,,,,,,Read-Only,Yes,On-Change,1000,STATUS=CURRENT PROTOBUF | AUTHORITY=Read-only; RPU owns safety-critical AFE sequencing | INSTANCE=one per DAPHNE board | SOURCE=SlowControlStatusResponse.RpuStatus / RPU wire status | EXPOSURE=Baseline DCS | STATES=All states | ALARM=Control-path fault | INTERLOCK=Context | CONTROL_OWNER=Slow Controls,Slow Controls
RPU,AbiVersion,RPU wire ABI version accepted by the Linux board service.,nsu=urn:dune:pds:daphne;s=DAPHNE.Boards.{BoardId}.RPU.AbiVersion,Integer,N/A,Direct,None,,,,,,,,,,,,,,,Read-Only,Yes,On-Change,1000,STATUS=REQUIRED PRODUCTION | AUTHORITY=Read-only; RPU owns safety-critical AFE sequencing | INSTANCE=one per DAPHNE board | SOURCE=SlowControlStatusResponse.RpuStatus / RPU wire status | EXPOSURE=Baseline DCS | STATES=All states | ALARM=Control-path fault | INTERLOCK=Context | CONTROL_OWNER=Slow Controls,Slow Controls
RPU,InterlockReady,RPU-side voltage/current/temperature/communication preconditions allow AFE writes.,nsu=urn:dune:pds:daphne;s=DAPHNE.Boards.{BoardId}.RPU.InterlockReady,Boolean,N/A,Direct,None,,,,,,,,,,,,,,,Read-Only,Yes,On-Change,1000,STATUS=REQUIRED PRODUCTION | AUTHORITY=Read-only; RPU owns safety-critical AFE sequencing | INSTANCE=one per DAPHNE board | SOURCE=SlowControlStatusResponse.RpuStatus / RPU wire status | EXPOSURE=Baseline DCS | STATES=All states | ALARM=Control-path fault | INTERLOCK=Yes | CONTROL_OWNER=Slow Controls,Slow Controls
RPU,FaultCode,Structured current RPU fault bitmap/code.,nsu=urn:dune:pds:daphne;s=DAPHNE.Boards.{BoardId}.RPU.FaultCode,Integer,N/A,Direct,None,,,,,,,,,,,,,,,Read-Only,Yes,On-Change,1000,STATUS=REQUIRED PRODUCTION | AUTHORITY=Read-only; RPU owns safety-critical AFE sequencing | INSTANCE=one per DAPHNE board | SOURCE=SlowControlStatusResponse.RpuStatus / RPU wire status | EXPOSURE=Baseline DCS | STATES=All states | ALARM=Control-path fault | INTERLOCK=Yes | CONTROL_OWNER=Slow Controls,Slow Controls
RPU,CommandQueueDepth,Bounded RPU command queue occupancy.,nsu=urn:dune:pds:daphne;s=DAPHNE.Boards.{BoardId}.RPU.CommandQueueDepth,Integer,N/A,Direct,None,,,,,,,,,,,,,,,Read-Only,Yes,On-Change,1000,STATUS=REQUIRED PRODUCTION | AUTHORITY=Read-only; RPU owns safety-critical AFE sequencing | INSTANCE=one per DAPHNE board | SOURCE=SlowControlStatusResponse.RpuStatus / RPU wire status | EXPOSURE=Baseline DCS | STATES=All states | ALARM=Control-path fault | INTERLOCK=Context | CONTROL_OWNER=Slow Controls,Slow Controls
RPU,LastReplySequence,Sequence number of the most recent completed RPU command.,nsu=urn:dune:pds:daphne;s=DAPHNE.Boards.{BoardId}.RPU.LastReplySequence,Long,N/A,Direct,None,,,,,,,,,,,,,,,Read-Only,Yes,On-Change,1000,STATUS=REQUIRED PRODUCTION | AUTHORITY=Read-only; RPU owns safety-critical AFE sequencing | INSTANCE=one per DAPHNE board | SOURCE=SlowControlStatusResponse.RpuStatus / RPU wire status | EXPOSURE=Baseline DCS | STATES=All states | ALARM=Control-path fault | INTERLOCK=Context | CONTROL_OWNER=Slow Controls,Slow Controls
I2C Bus,Present,Linux I2C adapter device node exists.,nsu=urn:dune:pds:daphne;s=DAPHNE.Boards.{BoardId}.I2C.Buses.{Bus}.Present,Boolean,N/A,Direct,None,,,,,,,,,,,,,,,Read-Only,Yes,On-Change,5000,STATUS=CURRENT PROTOBUF | AUTHORITY=Read-only; one serialized hardware owner | INSTANCE=per I2C bus; expected buses 1 and 2 | SOURCE=SlowControlStatusResponse.I2CBusStatus plus required metrics | EXPOSURE=Baseline DCS | STATES=All states | ALARM=I2C health | INTERLOCK=Readiness | CONTROL_OWNER=Slow Controls,Slow Controls
I2C Bus,Path,Linux I2C adapter path.,nsu=urn:dune:pds:daphne;s=DAPHNE.Boards.{BoardId}.I2C.Buses.{Bus}.Path,String,N/A,Direct,None,,,,,,,,,,,,,,,Read-Only,Yes,On-Change,5000,STATUS=CURRENT PROTOBUF | AUTHORITY=Read-only; one serialized hardware owner | INSTANCE=per I2C bus; expected buses 1 and 2 | SOURCE=SlowControlStatusResponse.I2CBusStatus plus required metrics | EXPOSURE=Baseline DCS | STATES=All states | ALARM=I2C health | INTERLOCK=Readiness | CONTROL_OWNER=Slow Controls,Slow Controls
I2C Bus,Functional,A bounded non-disruptive health transaction succeeds.,nsu=urn:dune:pds:daphne;s=DAPHNE.Boards.{BoardId}.I2C.Buses.{Bus}.Functional,Boolean,N/A,Direct,None,,,,,,,,,,,,,,,Read-Only,Yes,On-Change,5000,STATUS=REQUIRED PRODUCTION | AUTHORITY=Read-only; one serialized hardware owner | INSTANCE=per I2C bus; expected buses 1 and 2 | SOURCE=SlowControlStatusResponse.I2CBusStatus plus required metrics | EXPOSURE=Baseline DCS | STATES=All states | ALARM=I2C health | INTERLOCK=Readiness | CONTROL_OWNER=Slow Controls,Slow Controls
I2C Bus,Owner,Process/RPU component currently serializing access.,nsu=urn:dune:pds:daphne;s=DAPHNE.Boards.{BoardId}.I2C.Buses.{Bus}.Owner,String,N/A,Direct,None,,,,,,,,,,,,,,,Read-Only,Yes,On-Change,5000,STATUS=REQUIRED PRODUCTION | AUTHORITY=Read-only; one serialized hardware owner | INSTANCE=per I2C bus; expected buses 1 and 2 | SOURCE=SlowControlStatusResponse.I2CBusStatus plus required metrics | EXPOSURE=Baseline DCS | STATES=All states | ALARM=I2C health | INTERLOCK=Readiness | CONTROL_OWNER=Slow Controls,Slow Controls
I2C Bus,Busy,A serialized I2C transaction is in progress.,nsu=urn:dune:pds:daphne;s=DAPHNE.Boards.{BoardId}.I2C.Buses.{Bus}.Busy,Boolean,N/A,Direct,None,,,,,,,,,,,,,,,Read-Only,Yes,On-Change,5000,STATUS=REQUIRED PRODUCTION | AUTHORITY=Read-only; one serialized hardware owner | INSTANCE=per I2C bus; expected buses 1 and 2 | SOURCE=SlowControlStatusResponse.I2CBusStatus plus required metrics | EXPOSURE=Baseline DCS | STATES=All states | ALARM=I2C health | INTERLOCK=Readiness | CONTROL_OWNER=Slow Controls,Slow Controls
I2C Bus,LastSuccess,Time of the last successful health transaction.,nsu=urn:dune:pds:daphne;s=DAPHNE.Boards.{BoardId}.I2C.Buses.{Bus}.LastSuccess,DateTime,N/A,Direct,None,,,,,,,,,,,,,,,Read-Only,Yes,On-Change,5000,STATUS=REQUIRED PRODUCTION | AUTHORITY=Read-only; one serialized hardware owner | INSTANCE=per I2C bus; expected buses 1 and 2 | SOURCE=SlowControlStatusResponse.I2CBusStatus plus required metrics | EXPOSURE=Baseline DCS | STATES=All states | ALARM=I2C health | INTERLOCK=Readiness | CONTROL_OWNER=Slow Controls,Slow Controls
I2C Bus,ErrorCount,Cumulative transaction errors for this boot.,nsu=urn:dune:pds:daphne;s=DAPHNE.Boards.{BoardId}.I2C.Buses.{Bus}.ErrorCount,Long,N/A,Direct,None,,,,,,,,,,,,,,,Read-Only,Yes,On-Change,5000,STATUS=REQUIRED PRODUCTION | AUTHORITY=Read-only; one serialized hardware owner | INSTANCE=per I2C bus; expected buses 1 and 2 | SOURCE=SlowControlStatusResponse.I2CBusStatus plus required metrics | EXPOSURE=Baseline DCS | STATES=All states | ALARM=I2C health | INTERLOCK=Readiness | CONTROL_OWNER=Slow Controls,Slow Controls
I2C Bus,TimeoutCount,Cumulative transaction timeouts for this boot.,nsu=urn:dune:pds:daphne;s=DAPHNE.Boards.{BoardId}.I2C.Buses.{Bus}.TimeoutCount,Long,N/A,Direct,None,,,,,,,,,,,,,,,Read-Only,Yes,On-Change,5000,STATUS=REQUIRED PRODUCTION | AUTHORITY=Read-only; one serialized hardware owner | INSTANCE=per I2C bus; expected buses 1 and 2 | SOURCE=SlowControlStatusResponse.I2CBusStatus plus required metrics | EXPOSURE=Baseline DCS | STATES=All states | ALARM=I2C health | INTERLOCK=Readiness | CONTROL_OWNER=Slow Controls,Slow Controls
I2C Bus,RecoveryCount,Cumulative bus recoveries for this boot.,nsu=urn:dune:pds:daphne;s=DAPHNE.Boards.{BoardId}.I2C.Buses.{Bus}.RecoveryCount,Long,N/A,Direct,None,,,,,,,,,,,,,,,Read-Only,Yes,On-Change,5000,STATUS=REQUIRED PRODUCTION | AUTHORITY=Read-only; one serialized hardware owner | INSTANCE=per I2C bus; expected buses 1 and 2 | SOURCE=SlowControlStatusResponse.I2CBusStatus plus required metrics | EXPOSURE=Baseline DCS | STATES=All states | ALARM=I2C health | INTERLOCK=Readiness | CONTROL_OWNER=Slow Controls,Slow Controls
I2C Device,Name,Stable device name.,nsu=urn:dune:pds:daphne;s=DAPHNE.Boards.{BoardId}.I2C.Buses.{Bus}.Devices.{Address}.Name,String,N/A,Direct,None,,,,,,,,,,,,,,,Read-Only,Yes,On-Change,10000,STATUS=CURRENT PROTOBUF | AUTHORITY=Read-only | INSTANCE=per expected and discovered I2C device; see Instance Sets | SOURCE=SlowControlStatusResponse.I2CDeviceStatus / device driver | EXPOSURE=Baseline DCS | STATES=All states | ALARM=I2C device fault | INTERLOCK=Readiness | CONTROL_OWNER=Slow Controls,Slow Controls
I2C Device,Present,Expected I2C address responds/is registered.,nsu=urn:dune:pds:daphne;s=DAPHNE.Boards.{BoardId}.I2C.Buses.{Bus}.Devices.{Address}.Present,Boolean,N/A,Direct,None,,,,,,,,,,,,,,,Read-Only,Yes,On-Change,10000,STATUS=CURRENT PROTOBUF | AUTHORITY=Read-only | INSTANCE=per expected and discovered I2C device; see Instance Sets | SOURCE=SlowControlStatusResponse.I2CDeviceStatus / device driver | EXPOSURE=Baseline DCS | STATES=All states | ALARM=I2C device fault | INTERLOCK=Readiness | CONTROL_OWNER=Slow Controls,Slow Controls
I2C Device,Driver,Bound Linux driver or board-service driver.,nsu=urn:dune:pds:daphne;s=DAPHNE.Boards.{BoardId}.I2C.Buses.{Bus}.Devices.{Address}.Driver,String,N/A,Direct,None,,,,,,,,,,,,,,,Read-Only,Yes,On-Change,10000,STATUS=REQUIRED PRODUCTION | AUTHORITY=Read-only | INSTANCE=per expected and discovered I2C device; see Instance Sets | SOURCE=SlowControlStatusResponse.I2CDeviceStatus / device driver | EXPOSURE=Baseline DCS | STATES=All states | ALARM=I2C device fault | INTERLOCK=Readiness | CONTROL_OWNER=Slow Controls,Slow Controls
I2C Device,Status,Bounded device-specific health detail.,nsu=urn:dune:pds:daphne;s=DAPHNE.Boards.{BoardId}.I2C.Buses.{Bus}.Devices.{Address}.Status,String,N/A,Direct,None,,,,,,,,,,,,,,,Read-Only,Yes,On-Change,10000,STATUS=CURRENT PROTOBUF | AUTHORITY=Read-only | INSTANCE=per expected and discovered I2C device; see Instance Sets | SOURCE=SlowControlStatusResponse.I2CDeviceStatus / device driver | EXPOSURE=Baseline DCS | STATES=All states | ALARM=I2C device fault | INTERLOCK=Readiness | CONTROL_OWNER=Slow Controls,Slow Controls
I2C Device,LastSuccess,Time of the last successful device transaction.,nsu=urn:dune:pds:daphne;s=DAPHNE.Boards.{BoardId}.I2C.Buses.{Bus}.Devices.{Address}.LastSuccess,DateTime,N/A,Direct,None,,,,,,,,,,,,,,,Read-Only,Yes,On-Change,10000,STATUS=REQUIRED PRODUCTION | AUTHORITY=Read-only | INSTANCE=per expected and discovered I2C device; see Instance Sets | SOURCE=SlowControlStatusResponse.I2CDeviceStatus / device driver | EXPOSURE=Baseline DCS | STATES=All states | ALARM=I2C device fault | INTERLOCK=Readiness | CONTROL_OWNER=Slow Controls,Slow Controls
I2C Device,ErrorCount,Cumulative device transaction errors for this boot.,nsu=urn:dune:pds:daphne;s=DAPHNE.Boards.{BoardId}.I2C.Buses.{Bus}.Devices.{Address}.ErrorCount,Long,N/A,Direct,None,,,,,,,,,,,,,,,Read-Only,Yes,On-Change,10000,STATUS=REQUIRED PRODUCTION | AUTHORITY=Read-only | INSTANCE=per expected and discovered I2C device; see Instance Sets | SOURCE=SlowControlStatusResponse.I2CDeviceStatus / device driver | EXPOSURE=Baseline DCS | STATES=All states | ALARM=I2C device fault | INTERLOCK=Readiness | CONTROL_OWNER=Slow Controls,Slow Controls
SPI,Present,PL SPI device and /dev/spidev3.0 are present.,nsu=urn:dune:pds:daphne;s=DAPHNE.Boards.{BoardId}.SPI.{Device}.Present,Boolean,N/A,Direct,None,,,,,,,,,,,,,,,Read-Only,Yes,On-Change,5000,STATUS=LOCAL READABLE | AUTHORITY=Read-only; one serialized owner | INSTANCE=per SPI device; baseline current monitor | SOURCE=preflight /dev/spidev3.0 and current-monitor driver | EXPOSURE=Baseline DCS | STATES=All states | ALARM=SPI health | INTERLOCK=Readiness | CONTROL_OWNER=Slow Controls,Slow Controls
SPI,Functional,Bounded current-monitor SPI identity/read transaction succeeds.,nsu=urn:dune:pds:daphne;s=DAPHNE.Boards.{BoardId}.SPI.{Device}.Functional,Boolean,N/A,Direct,None,,,,,,,,,,,,,,,Read-Only,Yes,On-Change,5000,STATUS=REQUIRED PRODUCTION | AUTHORITY=Read-only; one serialized owner | INSTANCE=per SPI device; baseline current monitor | SOURCE=preflight /dev/spidev3.0 and current-monitor driver | EXPOSURE=Baseline DCS | STATES=All states | ALARM=SPI health | INTERLOCK=Readiness | CONTROL_OWNER=Slow Controls,Slow Controls
SPI,Owner,Component currently serializing SPI access.,nsu=urn:dune:pds:daphne;s=DAPHNE.Boards.{BoardId}.SPI.{Device}.Owner,String,N/A,Direct,None,,,,,,,,,,,,,,,Read-Only,Yes,On-Change,5000,STATUS=REQUIRED PRODUCTION | AUTHORITY=Read-only; one serialized owner | INSTANCE=per SPI device; baseline current monitor | SOURCE=preflight /dev/spidev3.0 and current-monitor driver | EXPOSURE=Baseline DCS | STATES=All states | ALARM=SPI health | INTERLOCK=Readiness | CONTROL_OWNER=Slow Controls,Slow Controls
SPI,ErrorCount,Cumulative SPI transaction errors.,nsu=urn:dune:pds:daphne;s=DAPHNE.Boards.{BoardId}.SPI.{Device}.ErrorCount,Long,N/A,Direct,None,,,,,,,,,,,,,,,Read-Only,Yes,On-Change,5000,STATUS=REQUIRED PRODUCTION | AUTHORITY=Read-only; one serialized owner | INSTANCE=per SPI device; baseline current monitor | SOURCE=preflight /dev/spidev3.0 and current-monitor driver | EXPOSURE=Baseline DCS | STATES=All states | ALARM=SPI health | INTERLOCK=Readiness | CONTROL_OWNER=Slow Controls,Slow Controls
SPI,LastSuccess,Time of the last successful SPI transaction.,nsu=urn:dune:pds:daphne;s=DAPHNE.Boards.{BoardId}.SPI.{Device}.LastSuccess,DateTime,N/A,Direct,None,,,,,,,,,,,,,,,Read-Only,Yes,On-Change,5000,STATUS=REQUIRED PRODUCTION | AUTHORITY=Read-only; one serialized owner | INSTANCE=per SPI device; baseline current monitor | SOURCE=preflight /dev/spidev3.0 and current-monitor driver | EXPOSURE=Baseline DCS | STATES=All states | ALARM=SPI health | INTERLOCK=Readiness | CONTROL_OWNER=Slow Controls,Slow Controls
Board Rails,3V3PDSVoltage,Measured 3V3PDS board rail voltage.,nsu=urn:dune:pds:daphne;s=DAPHNE.Boards.{BoardId}.Power.BoardRails.3V3PDS.Voltage,Double,V,Direct,None,,,,,,,,,,,,,,,Read-Only,Yes,1000,1000,STATUS=CURRENT PROTOBUF | AUTHORITY=Read-only | INSTANCE=one per DAPHNE board | SOURCE=ADS7138 0x10/0x17 cached monitor; GeneralInfo exposes a subset | EXPOSURE=Baseline DCS | STATES=All states | ALARM=Rail fault | INTERLOCK=Candidate | CONTROL_OWNER=Slow Controls,Slow Controls
Board Rails,3V3PDSStatus,Quality/fault state for the 3V3PDS board rail.,nsu=urn:dune:pds:daphne;s=DAPHNE.Boards.{BoardId}.Power.BoardRails.3V3PDS.Status,String,N/A,Direct,None,,,,,,,,,,,,,,,Read-Only,Yes,On-Change,1000,STATUS=REQUIRED PRODUCTION | AUTHORITY=Read-only | INSTANCE=one per DAPHNE board | SOURCE=required typed rail status | EXPOSURE=Baseline DCS | STATES=All states | ALARM=Rail fault | INTERLOCK=Candidate | CONTROL_OWNER=Slow Controls,Slow Controls
Board Rails,1V8PDSVoltage,Measured 1V8PDS board rail voltage.,nsu=urn:dune:pds:daphne;s=DAPHNE.Boards.{BoardId}.Power.BoardRails.1V8PDS.Voltage,Double,V,Direct,None,,,,,,,,,,,,,,,Read-Only,Yes,1000,1000,STATUS=LOCAL READABLE | AUTHORITY=Read-only | INSTANCE=one per DAPHNE board | SOURCE=ADS7138 0x10/0x17 cached monitor; GeneralInfo exposes a subset | EXPOSURE=Baseline DCS | STATES=All states | ALARM=Rail fault | INTERLOCK=Candidate | CONTROL_OWNER=Slow Controls,Slow Controls
Board Rails,1V8PDSStatus,Quality/fault state for the 1V8PDS board rail.,nsu=urn:dune:pds:daphne;s=DAPHNE.Boards.{BoardId}.Power.BoardRails.1V8PDS.Status,String,N/A,Direct,None,,,,,,,,,,,,,,,Read-Only,Yes,On-Change,1000,STATUS=REQUIRED PRODUCTION | AUTHORITY=Read-only | INSTANCE=one per DAPHNE board | SOURCE=required typed rail status | EXPOSURE=Baseline DCS | STATES=All states | ALARM=Rail fault | INTERLOCK=Candidate | CONTROL_OWNER=Slow Controls,Slow Controls
Board Rails,3V3AVoltage,Measured 3V3A board rail voltage.,nsu=urn:dune:pds:daphne;s=DAPHNE.Boards.{BoardId}.Power.BoardRails.3V3A.Voltage,Double,V,Direct,None,,,,,,,,,,,,,,,Read-Only,Yes,1000,1000,STATUS=LOCAL READABLE | AUTHORITY=Read-only | INSTANCE=one per DAPHNE board | SOURCE=ADS7138 0x10/0x17 cached monitor; GeneralInfo exposes a subset | EXPOSURE=Baseline DCS | STATES=All states | ALARM=Rail fault | INTERLOCK=Candidate | CONTROL_OWNER=Slow Controls,Slow Controls
Board Rails,3V3AStatus,Quality/fault state for the 3V3A board rail.,nsu=urn:dune:pds:daphne;s=DAPHNE.Boards.{BoardId}.Power.BoardRails.3V3A.Status,String,N/A,Direct,None,,,,,,,,,,,,,,,Read-Only,Yes,On-Change,1000,STATUS=REQUIRED PRODUCTION | AUTHORITY=Read-only | INSTANCE=one per DAPHNE board | SOURCE=required typed rail status | EXPOSURE=Baseline DCS | STATES=All states | ALARM=Rail fault | INTERLOCK=Candidate | CONTROL_OWNER=Slow Controls,Slow Controls
Board Rails,1V8AVoltage,Measured 1V8A board rail voltage.,nsu=urn:dune:pds:daphne;s=DAPHNE.Boards.{BoardId}.Power.BoardRails.1V8A.Voltage,Double,V,Direct,None,,,,,,,,,,,,,,,Read-Only,Yes,1000,1000,STATUS=CURRENT PROTOBUF | AUTHORITY=Read-only | INSTANCE=one per DAPHNE board | SOURCE=ADS7138 0x10/0x17 cached monitor; GeneralInfo exposes a subset | EXPOSURE=Baseline DCS | STATES=All states | ALARM=Rail fault | INTERLOCK=Candidate | CONTROL_OWNER=Slow Controls,Slow Controls
Board Rails,1V8AStatus,Quality/fault state for the 1V8A board rail.,nsu=urn:dune:pds:daphne;s=DAPHNE.Boards.{BoardId}.Power.BoardRails.1V8A.Status,String,N/A,Direct,None,,,,,,,,,,,,,,,Read-Only,Yes,On-Change,1000,STATUS=REQUIRED PRODUCTION | AUTHORITY=Read-only | INSTANCE=one per DAPHNE board | SOURCE=required typed rail status | EXPOSURE=Baseline DCS | STATES=All states | ALARM=Rail fault | INTERLOCK=Candidate | CONTROL_OWNER=Slow Controls,Slow Controls
Board Rails,Minus5VAVoltage,Measured Minus5VA board rail voltage.,nsu=urn:dune:pds:daphne;s=DAPHNE.Boards.{BoardId}.Power.BoardRails.Minus5VA.Voltage,Double,V,Direct,None,,,,,,,,,,,,,,,Read-Only,Yes,1000,1000,STATUS=CURRENT PROTOBUF | AUTHORITY=Read-only | INSTANCE=one per DAPHNE board | SOURCE=ADS7138 0x10/0x17 cached monitor; GeneralInfo exposes a subset | EXPOSURE=Baseline DCS | STATES=All states | ALARM=Rail fault | INTERLOCK=Candidate | CONTROL_OWNER=Slow Controls,Slow Controls
Board Rails,Minus5VAStatus,Quality/fault state for the Minus5VA board rail.,nsu=urn:dune:pds:daphne;s=DAPHNE.Boards.{BoardId}.Power.BoardRails.Minus5VA.Status,String,N/A,Direct,None,,,,,,,,,,,,,,,Read-Only,Yes,On-Change,1000,STATUS=REQUIRED PRODUCTION | AUTHORITY=Read-only | INSTANCE=one per DAPHNE board | SOURCE=required typed rail status | EXPOSURE=Baseline DCS | STATES=All states | ALARM=Rail fault | INTERLOCK=Candidate | CONTROL_OWNER=Slow Controls,Slow Controls
PMBus Regulators,Voltage,Measured regulator output voltage.,nsu=urn:dune:pds:daphne;s=DAPHNE.Boards.{BoardId}.Power.PMBus.{Rail}.Voltage,Double,V,Direct,None,,,,,,,,,,,,,,,Read-Only,Yes,5000,5000,"STATUS=CURRENT PROTOBUF | AUTHORITY=Read-only | INSTANCE=per PMBus regulator: 3VD3, 2VA1, 3VA6, 1VD8 | SOURCE=PJT004A0X43 / Rust PMBus collector | EXPOSURE=Baseline DCS | STATES=All states | ALARM=Rail fault | INTERLOCK=Candidate | CONTROL_OWNER=Slow Controls",Slow Controls
PMBus Regulators,Current,Measured regulator output current.,nsu=urn:dune:pds:daphne;s=DAPHNE.Boards.{BoardId}.Power.PMBus.{Rail}.Current,Double,A,Direct,None,,,,,,,,,,,,,,,Read-Only,Yes,5000,5000,"STATUS=CURRENT PROTOBUF | AUTHORITY=Read-only | INSTANCE=per PMBus regulator: 3VD3, 2VA1, 3VA6, 1VD8 | SOURCE=PJT004A0X43 / Rust PMBus collector | EXPOSURE=Baseline DCS | STATES=All states | ALARM=Rail fault | INTERLOCK=Candidate | CONTROL_OWNER=Slow Controls",Slow Controls
PMBus Regulators,Power,Measured/derived regulator output power.,nsu=urn:dune:pds:daphne;s=DAPHNE.Boards.{BoardId}.Power.PMBus.{Rail}.Power,Double,W,Direct,None,,,,,,,,,,,,,,,Read-Only,Yes,5000,5000,"STATUS=CURRENT PROTOBUF | AUTHORITY=Read-only | INSTANCE=per PMBus regulator: 3VD3, 2VA1, 3VA6, 1VD8 | SOURCE=PJT004A0X43 / Rust PMBus collector | EXPOSURE=Baseline DCS | STATES=All states | ALARM=Rail fault | INTERLOCK=Candidate | CONTROL_OWNER=Slow Controls",Slow Controls
PMBus Regulators,Temperature,Regulator temperature readback.,nsu=urn:dune:pds:daphne;s=DAPHNE.Boards.{BoardId}.Power.PMBus.{Rail}.Temperature,Double,°C,Direct,None,,,,,,,,,,,,,,,Read-Only,Yes,5000,5000,"STATUS=LOCAL READABLE | AUTHORITY=Read-only | INSTANCE=per PMBus regulator: 3VD3, 2VA1, 3VA6, 1VD8 | SOURCE=PJT004A0X43 / Rust PMBus collector | EXPOSURE=Baseline DCS | STATES=All states | ALARM=Rail fault | INTERLOCK=Candidate | CONTROL_OWNER=Slow Controls",Slow Controls
PMBus Regulators,StatusByte,Raw PMBus STATUS_BYTE.,nsu=urn:dune:pds:daphne;s=DAPHNE.Boards.{BoardId}.Power.PMBus.{Rail}.StatusByte,Integer,N/A,Direct,None,,,,,,,,,,,,,,,Read-Only,Yes,On-Change,5000,"STATUS=LOCAL READABLE | AUTHORITY=Read-only | INSTANCE=per PMBus regulator: 3VD3, 2VA1, 3VA6, 1VD8 | SOURCE=PJT004A0X43 / Rust PMBus collector | EXPOSURE=Baseline DCS | STATES=All states | ALARM=Rail fault | INTERLOCK=Candidate | CONTROL_OWNER=Slow Controls",Slow Controls
PMBus Regulators,StatusWord,Raw PMBus STATUS_WORD.,nsu=urn:dune:pds:daphne;s=DAPHNE.Boards.{BoardId}.Power.PMBus.{Rail}.StatusWord,Integer,N/A,Direct,None,,,,,,,,,,,,,,,Read-Only,Yes,On-Change,5000,"STATUS=LOCAL READABLE | AUTHORITY=Read-only | INSTANCE=per PMBus regulator: 3VD3, 2VA1, 3VA6, 1VD8 | SOURCE=PJT004A0X43 / Rust PMBus collector | EXPOSURE=Baseline DCS | STATES=All states | ALARM=Rail fault | INTERLOCK=Candidate | CONTROL_OWNER=Slow Controls",Slow Controls
PMBus Regulators,StatusVout,PMBus output-voltage fault bitmap.,nsu=urn:dune:pds:daphne;s=DAPHNE.Boards.{BoardId}.Power.PMBus.{Rail}.StatusVout,Integer,N/A,Direct,None,,,,,,,,,,,,,,,Read-Only,Yes,On-Change,5000,"STATUS=LOCAL READABLE | AUTHORITY=Read-only | INSTANCE=per PMBus regulator: 3VD3, 2VA1, 3VA6, 1VD8 | SOURCE=PJT004A0X43 / Rust PMBus collector | EXPOSURE=Baseline DCS | STATES=All states | ALARM=Rail fault | INTERLOCK=Candidate | CONTROL_OWNER=Slow Controls",Slow Controls
PMBus Regulators,StatusIout,PMBus output-current fault bitmap.,nsu=urn:dune:pds:daphne;s=DAPHNE.Boards.{BoardId}.Power.PMBus.{Rail}.StatusIout,Integer,N/A,Direct,None,,,,,,,,,,,,,,,Read-Only,Yes,On-Change,5000,"STATUS=LOCAL READABLE | AUTHORITY=Read-only | INSTANCE=per PMBus regulator: 3VD3, 2VA1, 3VA6, 1VD8 | SOURCE=PJT004A0X43 / Rust PMBus collector | EXPOSURE=Baseline DCS | STATES=All states | ALARM=Rail fault | INTERLOCK=Candidate | CONTROL_OWNER=Slow Controls",Slow Controls
PMBus Regulators,StatusTemperature,PMBus temperature fault bitmap.,nsu=urn:dune:pds:daphne;s=DAPHNE.Boards.{BoardId}.Power.PMBus.{Rail}.StatusTemperature,Integer,N/A,Direct,None,,,,,,,,,,,,,,,Read-Only,Yes,On-Change,5000,"STATUS=LOCAL READABLE | AUTHORITY=Read-only | INSTANCE=per PMBus regulator: 3VD3, 2VA1, 3VA6, 1VD8 | SOURCE=PJT004A0X43 / Rust PMBus collector | EXPOSURE=Baseline DCS | STATES=All states | ALARM=Rail fault | INTERLOCK=Candidate | CONTROL_OWNER=Slow Controls",Slow Controls
PMBus Regulators,StatusCml,PMBus communication/memory/logic fault bitmap.,nsu=urn:dune:pds:daphne;s=DAPHNE.Boards.{BoardId}.Power.PMBus.{Rail}.StatusCml,Integer,N/A,Direct,None,,,,,,,,,,,,,,,Read-Only,Yes,On-Change,5000,"STATUS=LOCAL READABLE | AUTHORITY=Read-only | INSTANCE=per PMBus regulator: 3VD3, 2VA1, 3VA6, 1VD8 | SOURCE=PJT004A0X43 / Rust PMBus collector | EXPOSURE=Baseline DCS | STATES=All states | ALARM=Rail fault | INTERLOCK=Candidate | CONTROL_OWNER=Slow Controls",Slow Controls
PMBus Regulators,Health,Decoded regulator health summary.,nsu=urn:dune:pds:daphne;s=DAPHNE.Boards.{BoardId}.Power.PMBus.{Rail}.Health,String,N/A,Direct,None,,,,,,,,,,,,,,,Read-Only,Yes,On-Change,5000,"STATUS=REQUIRED PRODUCTION | AUTHORITY=Read-only | INSTANCE=per PMBus regulator: 3VD3, 2VA1, 3VA6, 1VD8 | SOURCE=PJT004A0X43 / Rust PMBus collector | EXPOSURE=Baseline DCS | STATES=All states | ALARM=Rail fault | INTERLOCK=Candidate | CONTROL_OWNER=Slow Controls",Slow Controls
Temperature,Celsius,Typed temperature reading.,nsu=urn:dune:pds:daphne;s=DAPHNE.Boards.{BoardId}.Thermal.Sensors.{Sensor}.Celsius,Double,°C,Direct,None,,,,,,,,,,,,,,,Read-Only,Yes,5000,5000,STATUS=CURRENT PROTOBUF | AUTHORITY=Read-only | INSTANCE=per discovered allow-listed sensor | SOURCE=SlowControlStatusResponse.TemperatureReading; Linux thermal/hwmon; PMBus/MCP9808/SFP | EXPOSURE=Baseline DCS | STATES=All states | ALARM=Thermal fault | INTERLOCK=Candidate | CONTROL_OWNER=Slow Controls,Slow Controls
Temperature,Status,"Good, Warning, High, Critical, Missing, or Invalid.",nsu=urn:dune:pds:daphne;s=DAPHNE.Boards.{BoardId}.Thermal.Sensors.{Sensor}.Status,String,N/A,Direct,None,,,,,,,,,,,,,,,Read-Only,Yes,On-Change,5000,STATUS=REQUIRED PRODUCTION | AUTHORITY=Read-only | INSTANCE=per discovered allow-listed sensor | SOURCE=SlowControlStatusResponse.TemperatureReading; Linux thermal/hwmon; PMBus/MCP9808/SFP | EXPOSURE=Baseline DCS | STATES=All states | ALARM=Thermal fault | INTERLOCK=Candidate | CONTROL_OWNER=Slow Controls,Slow Controls
Temperature,LastUpdate,Source time of the temperature reading.,nsu=urn:dune:pds:daphne;s=DAPHNE.Boards.{BoardId}.Thermal.Sensors.{Sensor}.LastUpdate,DateTime,N/A,Direct,None,,,,,,,,,,,,,,,Read-Only,Yes,On-Change,5000,STATUS=REQUIRED PRODUCTION | AUTHORITY=Read-only | INSTANCE=per discovered allow-listed sensor | SOURCE=SlowControlStatusResponse.TemperatureReading; Linux thermal/hwmon; PMBus/MCP9808/SFP | EXPOSURE=Baseline DCS | STATES=All states | ALARM=Thermal fault | INTERLOCK=Candidate | CONTROL_OWNER=Slow Controls,Slow Controls
HD Mezzanine,BlockEnabled,HD mezzanine I2C block is selected/enabled.,nsu=urn:dune:pds:daphne;s=DAPHNE.Boards.{BoardId}.HDMezz.{Afe}.BlockEnabled,Boolean,N/A,Direct,None,,,,,,,,,,,,,,,Read-Only,Yes,On-Change,1000,STATUS=CURRENT PROTOBUF | AUTHORITY=SC owns rail requests; monitor values are read-only | INSTANCE=per AFE block 0..4 when HD mezzanine is installed | SOURCE=HD mezzanine Protobuf API and cached INA232/TCA9536 driver | EXPOSURE=Baseline DCS | STATES=All states | ALARM=Mezzanine power fault | INTERLOCK=Candidate | CONTROL_OWNER=Slow Controls,Slow Controls
HD Mezzanine,Configured,HD mezzanine monitor/protection configuration is valid.,nsu=urn:dune:pds:daphne;s=DAPHNE.Boards.{BoardId}.HDMezz.{Afe}.Configured,Boolean,N/A,Direct,None,,,,,,,,,,,,,,,Read-Only,Yes,On-Change,1000,STATUS=REQUIRED PRODUCTION | AUTHORITY=SC owns rail requests; monitor values are read-only | INSTANCE=per AFE block 0..4 when HD mezzanine is installed | SOURCE=HD mezzanine Protobuf API and cached INA232/TCA9536 driver | EXPOSURE=Baseline DCS | STATES=All states | ALARM=Mezzanine power fault | INTERLOCK=Candidate | CONTROL_OWNER=Slow Controls,Slow Controls
HD Mezzanine,Power5VRequested,Requested 5 V enable state from the paired power command.,nsu=urn:dune:pds:daphne;s=DAPHNE.Boards.{BoardId}.HDMezz.{Afe}.Power5VRequested,Boolean,N/A,Direct,None,,,,,,,,,,,,,,,Read-Only,Yes,On-Change,1000,STATUS=CURRENT PROTOBUF | AUTHORITY=SC owns rail requests; monitor values are read-only | INSTANCE=per AFE block 0..4 when HD mezzanine is installed | SOURCE=HD mezzanine Protobuf API and cached INA232/TCA9536 driver | EXPOSURE=Baseline DCS | STATES=All states | ALARM=Mezzanine power fault | INTERLOCK=Candidate | CONTROL_OWNER=Slow Controls,Slow Controls
HD Mezzanine,Power3V3Requested,Requested 3.3 V enable state from the paired power command.,nsu=urn:dune:pds:daphne;s=DAPHNE.Boards.{BoardId}.HDMezz.{Afe}.Power3V3Requested,Boolean,N/A,Direct,None,,,,,,,,,,,,,,,Read-Only,Yes,On-Change,1000,STATUS=CURRENT PROTOBUF | AUTHORITY=SC owns rail requests; monitor values are read-only | INSTANCE=per AFE block 0..4 when HD mezzanine is installed | SOURCE=HD mezzanine Protobuf API and cached INA232/TCA9536 driver | EXPOSURE=Baseline DCS | STATES=All states | ALARM=Mezzanine power fault | INTERLOCK=Candidate | CONTROL_OWNER=Slow Controls,Slow Controls
HD Mezzanine,Voltage5V,Measured 5 V rail voltage.,nsu=urn:dune:pds:daphne;s=DAPHNE.Boards.{BoardId}.HDMezz.{Afe}.Voltage5V,Double,V,Direct,None,,,,,,,,,,,,,,,Read-Only,Yes,1000,1000,STATUS=CURRENT PROTOBUF | AUTHORITY=SC owns rail requests; monitor values are read-only | INSTANCE=per AFE block 0..4 when HD mezzanine is installed | SOURCE=HD mezzanine Protobuf API and cached INA232/TCA9536 driver | EXPOSURE=Baseline DCS | STATES=All states | ALARM=Mezzanine power fault | INTERLOCK=Candidate | CONTROL_OWNER=Slow Controls,Slow Controls
HD Mezzanine,Current5V,Measured 5 V rail current.,nsu=urn:dune:pds:daphne;s=DAPHNE.Boards.{BoardId}.HDMezz.{Afe}.Current5V,Double,A,Direct,None,,,,,,,,,,,,,,,Read-Only,Yes,1000,1000,STATUS=CURRENT PROTOBUF | AUTHORITY=SC owns rail requests; monitor values are read-only | INSTANCE=per AFE block 0..4 when HD mezzanine is installed | SOURCE=HD mezzanine Protobuf API and cached INA232/TCA9536 driver | EXPOSURE=Baseline DCS | STATES=All states | ALARM=Mezzanine power fault | INTERLOCK=Candidate | CONTROL_OWNER=Slow Controls,Slow Controls
HD Mezzanine,Power5V,Measured 5 V rail power.,nsu=urn:dune:pds:daphne;s=DAPHNE.Boards.{BoardId}.HDMezz.{Afe}.Power5V,Double,W,Direct,None,,,,,,,,,,,,,,,Read-Only,Yes,1000,1000,STATUS=CURRENT PROTOBUF | AUTHORITY=SC owns rail requests; monitor values are read-only | INSTANCE=per AFE block 0..4 when HD mezzanine is installed | SOURCE=HD mezzanine Protobuf API and cached INA232/TCA9536 driver | EXPOSURE=Baseline DCS | STATES=All states | ALARM=Mezzanine power fault | INTERLOCK=Candidate | CONTROL_OWNER=Slow Controls,Slow Controls
HD Mezzanine,Alert5V,Latched INA232 5 V alert.,nsu=urn:dune:pds:daphne;s=DAPHNE.Boards.{BoardId}.HDMezz.{Afe}.Alert5V,Boolean,N/A,Direct,None,,,,,,,,,,,,,,,Read-Only,Yes,On-Change,1000,STATUS=CURRENT PROTOBUF | AUTHORITY=SC owns rail requests; monitor values are read-only | INSTANCE=per AFE block 0..4 when HD mezzanine is installed | SOURCE=HD mezzanine Protobuf API and cached INA232/TCA9536 driver | EXPOSURE=Baseline DCS | STATES=All states | ALARM=Mezzanine power fault | INTERLOCK=Candidate | CONTROL_OWNER=Slow Controls,Slow Controls
HD Mezzanine,Voltage3V3,Measured 3.3 V rail voltage.,nsu=urn:dune:pds:daphne;s=DAPHNE.Boards.{BoardId}.HDMezz.{Afe}.Voltage3V3,Double,V,Direct,None,,,,,,,,,,,,,,,Read-Only,Yes,1000,1000,STATUS=CURRENT PROTOBUF | AUTHORITY=SC owns rail requests; monitor values are read-only | INSTANCE=per AFE block 0..4 when HD mezzanine is installed | SOURCE=HD mezzanine Protobuf API and cached INA232/TCA9536 driver | EXPOSURE=Baseline DCS | STATES=All states | ALARM=Mezzanine power fault | INTERLOCK=Candidate | CONTROL_OWNER=Slow Controls,Slow Controls
HD Mezzanine,Current3V3,Measured 3.3 V rail current.,nsu=urn:dune:pds:daphne;s=DAPHNE.Boards.{BoardId}.HDMezz.{Afe}.Current3V3,Double,A,Direct,None,,,,,,,,,,,,,,,Read-Only,Yes,1000,1000,STATUS=CURRENT PROTOBUF | AUTHORITY=SC owns rail requests; monitor values are read-only | INSTANCE=per AFE block 0..4 when HD mezzanine is installed | SOURCE=HD mezzanine Protobuf API and cached INA232/TCA9536 driver | EXPOSURE=Baseline DCS | STATES=All states | ALARM=Mezzanine power fault | INTERLOCK=Candidate | CONTROL_OWNER=Slow Controls,Slow Controls
HD Mezzanine,Power3V3,Measured 3.3 V rail power.,nsu=urn:dune:pds:daphne;s=DAPHNE.Boards.{BoardId}.HDMezz.{Afe}.Power3V3,Double,W,Direct,None,,,,,,,,,,,,,,,Read-Only,Yes,1000,1000,STATUS=CURRENT PROTOBUF | AUTHORITY=SC owns rail requests; monitor values are read-only | INSTANCE=per AFE block 0..4 when HD mezzanine is installed | SOURCE=HD mezzanine Protobuf API and cached INA232/TCA9536 driver | EXPOSURE=Baseline DCS | STATES=All states | ALARM=Mezzanine power fault | INTERLOCK=Candidate | CONTROL_OWNER=Slow Controls,Slow Controls
HD Mezzanine,Alert3V3,Latched INA232 3.3 V alert.,nsu=urn:dune:pds:daphne;s=DAPHNE.Boards.{BoardId}.HDMezz.{Afe}.Alert3V3,Boolean,N/A,Direct,None,,,,,,,,,,,,,,,Read-Only,Yes,On-Change,1000,STATUS=CURRENT PROTOBUF | AUTHORITY=SC owns rail requests; monitor values are read-only | INSTANCE=per AFE block 0..4 when HD mezzanine is installed | SOURCE=HD mezzanine Protobuf API and cached INA232/TCA9536 driver | EXPOSURE=Baseline DCS | STATES=All states | ALARM=Mezzanine power fault | INTERLOCK=Candidate | CONTROL_OWNER=Slow Controls,Slow Controls
HD Mezzanine,RShunt5V,Configured 5 V shunt resistance.,nsu=urn:dune:pds:daphne;s=DAPHNE.Boards.{BoardId}.HDMezz.{Afe}.RShunt5V,Double,Ohm,Direct,None,,,,,,,,,,,,,,,Read-Only,Yes,1000,1000,STATUS=CURRENT PROTOBUF | AUTHORITY=SC owns rail requests; monitor values are read-only | INSTANCE=per AFE block 0..4 when HD mezzanine is installed | SOURCE=HD mezzanine Protobuf API and cached INA232/TCA9536 driver | EXPOSURE=Baseline DCS | STATES=All states | ALARM=Mezzanine power fault | INTERLOCK=Candidate | CONTROL_OWNER=Slow Controls,Slow Controls
HD Mezzanine,RShunt3V3,Configured 3.3 V shunt resistance.,nsu=urn:dune:pds:daphne;s=DAPHNE.Boards.{BoardId}.HDMezz.{Afe}.RShunt3V3,Double,Ohm,Direct,None,,,,,,,,,,,,,,,Read-Only,Yes,1000,1000,STATUS=CURRENT PROTOBUF | AUTHORITY=SC owns rail requests; monitor values are read-only | INSTANCE=per AFE block 0..4 when HD mezzanine is installed | SOURCE=HD mezzanine Protobuf API and cached INA232/TCA9536 driver | EXPOSURE=Baseline DCS | STATES=All states | ALARM=Mezzanine power fault | INTERLOCK=Candidate | CONTROL_OWNER=Slow Controls,Slow Controls
HD Mezzanine,MaxCurrentScale5V,5 V measurement full-scale current configuration.,nsu=urn:dune:pds:daphne;s=DAPHNE.Boards.{BoardId}.HDMezz.{Afe}.MaxCurrentScale5V,Double,A,Direct,None,,,,,,,,,,,,,,,Read-Only,Yes,1000,1000,STATUS=CURRENT PROTOBUF | AUTHORITY=SC owns rail requests; monitor values are read-only | INSTANCE=per AFE block 0..4 when HD mezzanine is installed | SOURCE=HD mezzanine Protobuf API and cached INA232/TCA9536 driver | EXPOSURE=Baseline DCS | STATES=All states | ALARM=Mezzanine power fault | INTERLOCK=Candidate | CONTROL_OWNER=Slow Controls,Slow Controls
HD Mezzanine,MaxCurrentScale3V3,3.3 V measurement full-scale current configuration.,nsu=urn:dune:pds:daphne;s=DAPHNE.Boards.{BoardId}.HDMezz.{Afe}.MaxCurrentScale3V3,Double,A,Direct,None,,,,,,,,,,,,,,,Read-Only,Yes,1000,1000,STATUS=CURRENT PROTOBUF | AUTHORITY=SC owns rail requests; monitor values are read-only | INSTANCE=per AFE block 0..4 when HD mezzanine is installed | SOURCE=HD mezzanine Protobuf API and cached INA232/TCA9536 driver | EXPOSURE=Baseline DCS | STATES=All states | ALARM=Mezzanine power fault | INTERLOCK=Candidate | CONTROL_OWNER=Slow Controls,Slow Controls
HD Mezzanine,ShutdownCurrent5V,5 V hardware alert/shutdown-current configuration.,nsu=urn:dune:pds:daphne;s=DAPHNE.Boards.{BoardId}.HDMezz.{Afe}.ShutdownCurrent5V,Double,A,Direct,None,,,,,,,,,,,,,,,Read-Only,Yes,1000,1000,STATUS=CURRENT PROTOBUF | AUTHORITY=SC owns rail requests; monitor values are read-only | INSTANCE=per AFE block 0..4 when HD mezzanine is installed | SOURCE=HD mezzanine Protobuf API and cached INA232/TCA9536 driver | EXPOSURE=Baseline DCS | STATES=All states | ALARM=Mezzanine power fault | INTERLOCK=Candidate | CONTROL_OWNER=Slow Controls,Slow Controls
HD Mezzanine,ShutdownCurrent3V3,3.3 V hardware alert/shutdown-current configuration.,nsu=urn:dune:pds:daphne;s=DAPHNE.Boards.{BoardId}.HDMezz.{Afe}.ShutdownCurrent3V3,Double,A,Direct,None,,,,,,,,,,,,,,,Read-Only,Yes,1000,1000,STATUS=CURRENT PROTOBUF | AUTHORITY=SC owns rail requests; monitor values are read-only | INSTANCE=per AFE block 0..4 when HD mezzanine is installed | SOURCE=HD mezzanine Protobuf API and cached INA232/TCA9536 driver | EXPOSURE=Baseline DCS | STATES=All states | ALARM=Mezzanine power fault | INTERLOCK=Candidate | CONTROL_OWNER=Slow Controls,Slow Controls
HD Mezzanine,MaxPower5V,Derived 5 V maximum measurable power.,nsu=urn:dune:pds:daphne;s=DAPHNE.Boards.{BoardId}.HDMezz.{Afe}.MaxPower5V,Double,W,Direct,None,,,,,,,,,,,,,,,Read-Only,Yes,1000,1000,STATUS=CURRENT PROTOBUF | AUTHORITY=SC owns rail requests; monitor values are read-only | INSTANCE=per AFE block 0..4 when HD mezzanine is installed | SOURCE=HD mezzanine Protobuf API and cached INA232/TCA9536 driver | EXPOSURE=Baseline DCS | STATES=All states | ALARM=Mezzanine power fault | INTERLOCK=Candidate | CONTROL_OWNER=Slow Controls,Slow Controls
HD Mezzanine,MaxPower3V3,Derived 3.3 V maximum measurable power.,nsu=urn:dune:pds:daphne;s=DAPHNE.Boards.{BoardId}.HDMezz.{Afe}.MaxPower3V3,Double,W,Direct,None,,,,,,,,,,,,,,,Read-Only,Yes,1000,1000,STATUS=CURRENT PROTOBUF | AUTHORITY=SC owns rail requests; monitor values are read-only | INSTANCE=per AFE block 0..4 when HD mezzanine is installed | SOURCE=HD mezzanine Protobuf API and cached INA232/TCA9536 driver | EXPOSURE=Baseline DCS | STATES=All states | ALARM=Mezzanine power fault | INTERLOCK=Candidate | CONTROL_OWNER=Slow Controls,Slow Controls
HD Mezzanine,CurrentLsb5V,Configured INA232 5 V current LSB.,nsu=urn:dune:pds:daphne;s=DAPHNE.Boards.{BoardId}.HDMezz.{Afe}.CurrentLsb5V,Double,A,Direct,None,,,,,,,,,,,,,,,Read-Only,Yes,1000,1000,STATUS=CURRENT PROTOBUF | AUTHORITY=SC owns rail requests; monitor values are read-only | INSTANCE=per AFE block 0..4 when HD mezzanine is installed | SOURCE=HD mezzanine Protobuf API and cached INA232/TCA9536 driver | EXPOSURE=Baseline DCS | STATES=All states | ALARM=Mezzanine power fault | INTERLOCK=Candidate | CONTROL_OWNER=Slow Controls,Slow Controls
HD Mezzanine,CurrentLsb3V3,Configured INA232 3.3 V current LSB.,nsu=urn:dune:pds:daphne;s=DAPHNE.Boards.{BoardId}.HDMezz.{Afe}.CurrentLsb3V3,Double,A,Direct,None,,,,,,,,,,,,,,,Read-Only,Yes,1000,1000,STATUS=CURRENT PROTOBUF | AUTHORITY=SC owns rail requests; monitor values are read-only | INSTANCE=per AFE block 0..4 when HD mezzanine is installed | SOURCE=HD mezzanine Protobuf API and cached INA232/TCA9536 driver | EXPOSURE=Baseline DCS | STATES=All states | ALARM=Mezzanine power fault | INTERLOCK=Candidate | CONTROL_OWNER=Slow Controls,Slow Controls
HD Mezzanine,ShuntCal5V,INA232 5 V calibration register readback.,nsu=urn:dune:pds:daphne;s=DAPHNE.Boards.{BoardId}.HDMezz.{Afe}.ShuntCal5V,Integer,N/A,Direct,None,,,,,,,,,,,,,,,Read-Only,Yes,On-Change,1000,STATUS=CURRENT PROTOBUF | AUTHORITY=SC owns rail requests; monitor values are read-only | INSTANCE=per AFE block 0..4 when HD mezzanine is installed | SOURCE=HD mezzanine Protobuf API and cached INA232/TCA9536 driver | EXPOSURE=Baseline DCS | STATES=All states | ALARM=Mezzanine power fault | INTERLOCK=Candidate | CONTROL_OWNER=Slow Controls,Slow Controls
HD Mezzanine,ShuntCal3V3,INA232 3.3 V calibration register readback.,nsu=urn:dune:pds:daphne;s=DAPHNE.Boards.{BoardId}.HDMezz.{Afe}.ShuntCal3V3,Integer,N/A,Direct,None,,,,,,,,,,,,,,,Read-Only,Yes,On-Change,1000,STATUS=CURRENT PROTOBUF | AUTHORITY=SC owns rail requests; monitor values are read-only | INSTANCE=per AFE block 0..4 when HD mezzanine is installed | SOURCE=HD mezzanine Protobuf API and cached INA232/TCA9536 driver | EXPOSURE=Baseline DCS | STATES=All states | ALARM=Mezzanine power fault | INTERLOCK=Candidate | CONTROL_OWNER=Slow Controls,Slow Controls
SFP,Present,SFP module is present.,nsu=urn:dune:pds:daphne;s=DAPHNE.Boards.{BoardId}.Optics.SFP.{Sfp}.Present,Boolean,N/A,Direct,None,,,,,,,,,,,,,,,Read-Only,Yes,On-Change,5000,"STATUS=REQUIRED PRODUCTION | AUTHORITY=Read-only; TX disable controlled by endpoint/link firmware | INSTANCE=per timing, CCM, and provisioned data SFP | SOURCE=SFP GPIO/I2C expander 0x72 and SFF-8472 | EXPOSURE=Baseline DCS | STATES=All states | ALARM=Optical link fault | INTERLOCK=Readiness | CONTROL_OWNER=Slow Controls",Slow Controls
SFP,LossOfSignal,Receiver loss-of-signal input is asserted.,nsu=urn:dune:pds:daphne;s=DAPHNE.Boards.{BoardId}.Optics.SFP.{Sfp}.LossOfSignal,Boolean,N/A,Direct,None,,,,,,,,,,,,,,,Read-Only,Yes,On-Change,5000,"STATUS=LOCAL READABLE | AUTHORITY=Read-only; TX disable controlled by endpoint/link firmware | INSTANCE=per timing, CCM, and provisioned data SFP | SOURCE=SFP GPIO/I2C expander 0x72 and SFF-8472 | EXPOSURE=Baseline DCS | STATES=All states | ALARM=Optical link fault | INTERLOCK=Readiness | CONTROL_OWNER=Slow Controls",Slow Controls
SFP,TxFault,SFP transmitter fault input is asserted.,nsu=urn:dune:pds:daphne;s=DAPHNE.Boards.{BoardId}.Optics.SFP.{Sfp}.TxFault,Boolean,N/A,Direct,None,,,,,,,,,,,,,,,Read-Only,Yes,On-Change,5000,"STATUS=REQUIRED PRODUCTION | AUTHORITY=Read-only; TX disable controlled by endpoint/link firmware | INSTANCE=per timing, CCM, and provisioned data SFP | SOURCE=SFP GPIO/I2C expander 0x72 and SFF-8472 | EXPOSURE=Baseline DCS | STATES=All states | ALARM=Optical link fault | INTERLOCK=Readiness | CONTROL_OWNER=Slow Controls",Slow Controls
SFP,TxDisabled,SFP transmitter is disabled.,nsu=urn:dune:pds:daphne;s=DAPHNE.Boards.{BoardId}.Optics.SFP.{Sfp}.TxDisabled,Boolean,N/A,Direct,None,,,,,,,,,,,,,,,Read-Only,Yes,On-Change,5000,"STATUS=LOCAL READABLE | AUTHORITY=Read-only; TX disable controlled by endpoint/link firmware | INSTANCE=per timing, CCM, and provisioned data SFP | SOURCE=SFP GPIO/I2C expander 0x72 and SFF-8472 | EXPOSURE=Baseline DCS | STATES=All states | ALARM=Optical link fault | INTERLOCK=Readiness | CONTROL_OWNER=Slow Controls",Slow Controls
SFP,RateSelect,SFP rate-select state when wired.,nsu=urn:dune:pds:daphne;s=DAPHNE.Boards.{BoardId}.Optics.SFP.{Sfp}.RateSelect,String,N/A,Direct,None,,,,,,,,,,,,,,,Read-Only,Yes,On-Change,30000,"STATUS=REQUIRED PRODUCTION | AUTHORITY=Read-only; TX disable controlled by endpoint/link firmware | INSTANCE=per timing, CCM, and provisioned data SFP | SOURCE=SFP GPIO/I2C expander 0x72 and SFF-8472 | EXPOSURE=Baseline DCS | STATES=All states | ALARM=Optical link fault | INTERLOCK=Readiness | CONTROL_OWNER=Slow Controls",Slow Controls
SFP,VendorName,SFP vendor name from EEPROM.,nsu=urn:dune:pds:daphne;s=DAPHNE.Boards.{BoardId}.Optics.SFP.{Sfp}.VendorName,String,N/A,Direct,None,,,,,,,,,,,,,,,Read-Only,Yes,On-Change,30000,"STATUS=REQUIRED PRODUCTION | AUTHORITY=Read-only; TX disable controlled by endpoint/link firmware | INSTANCE=per timing, CCM, and provisioned data SFP | SOURCE=SFP GPIO/I2C expander 0x72 and SFF-8472 | EXPOSURE=Baseline DCS | STATES=All states | ALARM=Optical link fault | INTERLOCK=Readiness | CONTROL_OWNER=Slow Controls",Slow Controls
SFP,VendorOui,SFP vendor OUI.,nsu=urn:dune:pds:daphne;s=DAPHNE.Boards.{BoardId}.Optics.SFP.{Sfp}.VendorOui,String,N/A,Direct,None,,,,,,,,,,,,,,,Read-Only,Yes,On-Change,30000,"STATUS=REQUIRED PRODUCTION | AUTHORITY=Read-only; TX disable controlled by endpoint/link firmware | INSTANCE=per timing, CCM, and provisioned data SFP | SOURCE=SFP GPIO/I2C expander 0x72 and SFF-8472 | EXPOSURE=Baseline DCS | STATES=All states | ALARM=Optical link fault | INTERLOCK=Readiness | CONTROL_OWNER=Slow Controls",Slow Controls
SFP,PartNumber,SFP vendor part number.,nsu=urn:dune:pds:daphne;s=DAPHNE.Boards.{BoardId}.Optics.SFP.{Sfp}.PartNumber,String,N/A,Direct,None,,,,,,,,,,,,,,,Read-Only,Yes,On-Change,30000,"STATUS=REQUIRED PRODUCTION | AUTHORITY=Read-only; TX disable controlled by endpoint/link firmware | INSTANCE=per timing, CCM, and provisioned data SFP | SOURCE=SFP GPIO/I2C expander 0x72 and SFF-8472 | EXPOSURE=Baseline DCS | STATES=All states | ALARM=Optical link fault | INTERLOCK=Readiness | CONTROL_OWNER=Slow Controls",Slow Controls
SFP,Revision,SFP vendor revision.,nsu=urn:dune:pds:daphne;s=DAPHNE.Boards.{BoardId}.Optics.SFP.{Sfp}.Revision,String,N/A,Direct,None,,,,,,,,,,,,,,,Read-Only,Yes,On-Change,30000,"STATUS=REQUIRED PRODUCTION | AUTHORITY=Read-only; TX disable controlled by endpoint/link firmware | INSTANCE=per timing, CCM, and provisioned data SFP | SOURCE=SFP GPIO/I2C expander 0x72 and SFF-8472 | EXPOSURE=Baseline DCS | STATES=All states | ALARM=Optical link fault | INTERLOCK=Readiness | CONTROL_OWNER=Slow Controls",Slow Controls
SFP,SerialNumber,SFP serial number.,nsu=urn:dune:pds:daphne;s=DAPHNE.Boards.{BoardId}.Optics.SFP.{Sfp}.SerialNumber,String,N/A,Direct,None,,,,,,,,,,,,,,,Read-Only,Yes,On-Change,30000,"STATUS=REQUIRED PRODUCTION | AUTHORITY=Read-only; TX disable controlled by endpoint/link firmware | INSTANCE=per timing, CCM, and provisioned data SFP | SOURCE=SFP GPIO/I2C expander 0x72 and SFF-8472 | EXPOSURE=Baseline DCS | STATES=All states | ALARM=Optical link fault | INTERLOCK=Readiness | CONTROL_OWNER=Slow Controls",Slow Controls
SFP,DateCode,SFP manufacturing date code.,nsu=urn:dune:pds:daphne;s=DAPHNE.Boards.{BoardId}.Optics.SFP.{Sfp}.DateCode,String,N/A,Direct,None,,,,,,,,,,,,,,,Read-Only,Yes,On-Change,30000,"STATUS=REQUIRED PRODUCTION | AUTHORITY=Read-only; TX disable controlled by endpoint/link firmware | INSTANCE=per timing, CCM, and provisioned data SFP | SOURCE=SFP GPIO/I2C expander 0x72 and SFF-8472 | EXPOSURE=Baseline DCS | STATES=All states | ALARM=Optical link fault | INTERLOCK=Readiness | CONTROL_OWNER=Slow Controls",Slow Controls
SFP,NominalBitRateMbps,SFP nominal signaling rate.,nsu=urn:dune:pds:daphne;s=DAPHNE.Boards.{BoardId}.Optics.SFP.{Sfp}.NominalBitRateMbps,Integer,Mbit/s,Direct,None,,,,,,,,,,,,,,,Read-Only,Yes,On-Change,30000,"STATUS=REQUIRED PRODUCTION | AUTHORITY=Read-only; TX disable controlled by endpoint/link firmware | INSTANCE=per timing, CCM, and provisioned data SFP | SOURCE=SFP GPIO/I2C expander 0x72 and SFF-8472 | EXPOSURE=Baseline DCS | STATES=All states | ALARM=Optical link fault | INTERLOCK=Readiness | CONTROL_OWNER=Slow Controls",Slow Controls
SFP,WavelengthNm,SFP nominal transmit wavelength.,nsu=urn:dune:pds:daphne;s=DAPHNE.Boards.{BoardId}.Optics.SFP.{Sfp}.WavelengthNm,Double,nm,Direct,None,,,,,,,,,,,,,,,Read-Only,Yes,5000,30000,"STATUS=REQUIRED PRODUCTION | AUTHORITY=Read-only; TX disable controlled by endpoint/link firmware | INSTANCE=per timing, CCM, and provisioned data SFP | SOURCE=SFF-8472 plus EDMS 2580777 endpoint SFP specification | EXPOSURE=Baseline DCS | STATES=All states | ALARM=Optical link fault | INTERLOCK=Readiness | CONTROL_OWNER=Slow Controls | For {Sfp}=timing, the authoritative endpoint specification is TX 1550 nm / RX 1490 nm. Other SFP roles use their approved role-specific inventory values.",Slow Controls
SFP,TemperatureCelsius,SFF-8472 module temperature.,nsu=urn:dune:pds:daphne;s=DAPHNE.Boards.{BoardId}.Optics.SFP.{Sfp}.TemperatureCelsius,Double,°C,Direct,None,,,,,,,,,,,,,,,Read-Only,Yes,5000,30000,"STATUS=REQUIRED PRODUCTION | AUTHORITY=Read-only; TX disable controlled by endpoint/link firmware | INSTANCE=per timing, CCM, and provisioned data SFP | SOURCE=SFP GPIO/I2C expander 0x72 and SFF-8472 | EXPOSURE=Baseline DCS | STATES=All states | ALARM=Optical link fault | INTERLOCK=Readiness | CONTROL_OWNER=Slow Controls",Slow Controls
SFP,SupplyVoltage,SFF-8472 module supply voltage.,nsu=urn:dune:pds:daphne;s=DAPHNE.Boards.{BoardId}.Optics.SFP.{Sfp}.SupplyVoltage,Double,V,Direct,None,,,,,,,,,,,,,,,Read-Only,Yes,5000,30000,"STATUS=REQUIRED PRODUCTION | AUTHORITY=Read-only; TX disable controlled by endpoint/link firmware | INSTANCE=per timing, CCM, and provisioned data SFP | SOURCE=SFP GPIO/I2C expander 0x72 and SFF-8472 | EXPOSURE=Baseline DCS | STATES=All states | ALARM=Optical link fault | INTERLOCK=Readiness | CONTROL_OWNER=Slow Controls",Slow Controls
SFP,TxBiasCurrent,SFF-8472 laser bias current.,nsu=urn:dune:pds:daphne;s=DAPHNE.Boards.{BoardId}.Optics.SFP.{Sfp}.TxBiasCurrent,Double,mA,Direct,None,,,,,,,,,,,,,,,Read-Only,Yes,5000,30000,"STATUS=REQUIRED PRODUCTION | AUTHORITY=Read-only; TX disable controlled by endpoint/link firmware | INSTANCE=per timing, CCM, and provisioned data SFP | SOURCE=SFP GPIO/I2C expander 0x72 and SFF-8472 | EXPOSURE=Baseline DCS | STATES=All states | ALARM=Optical link fault | INTERLOCK=Readiness | CONTROL_OWNER=Slow Controls",Slow Controls
SFP,TxOpticalPower,SFF-8472 transmit optical power.,nsu=urn:dune:pds:daphne;s=DAPHNE.Boards.{BoardId}.Optics.SFP.{Sfp}.TxOpticalPower,Double,mW,Direct,None,,,,,,,,,,,,,,,Read-Only,Yes,5000,30000,"STATUS=REQUIRED PRODUCTION | AUTHORITY=Read-only; TX disable controlled by endpoint/link firmware | INSTANCE=per timing, CCM, and provisioned data SFP | SOURCE=SFP GPIO/I2C expander 0x72 and SFF-8472 | EXPOSURE=Baseline DCS | STATES=All states | ALARM=Optical link fault | INTERLOCK=Readiness | CONTROL_OWNER=Slow Controls",Slow Controls
SFP,RxOpticalPower,SFF-8472 receive optical power.,nsu=urn:dune:pds:daphne;s=DAPHNE.Boards.{BoardId}.Optics.SFP.{Sfp}.RxOpticalPower,Double,mW,Direct,None,,,,,,,,,,,,,,,Read-Only,Yes,5000,30000,"STATUS=REQUIRED PRODUCTION | AUTHORITY=Read-only; TX disable controlled by endpoint/link firmware | INSTANCE=per timing, CCM, and provisioned data SFP | SOURCE=SFP GPIO/I2C expander 0x72 and SFF-8472 | EXPOSURE=Baseline DCS | STATES=All states | ALARM=Optical link fault | INTERLOCK=Readiness | CONTROL_OWNER=Slow Controls",Slow Controls
SFP,AlarmFlags,Decoded SFF-8472 alarm flags.,nsu=urn:dune:pds:daphne;s=DAPHNE.Boards.{BoardId}.Optics.SFP.{Sfp}.AlarmFlags,String,N/A,Direct,None,,,,,,,,,,,,,,,Read-Only,Yes,On-Change,30000,"STATUS=REQUIRED PRODUCTION | AUTHORITY=Read-only; TX disable controlled by endpoint/link firmware | INSTANCE=per timing, CCM, and provisioned data SFP | SOURCE=SFP GPIO/I2C expander 0x72 and SFF-8472 | EXPOSURE=Baseline DCS | STATES=All states | ALARM=Optical link fault | INTERLOCK=Readiness | CONTROL_OWNER=Slow Controls",Slow Controls
SFP,WarningFlags,Decoded SFF-8472 warning flags.,nsu=urn:dune:pds:daphne;s=DAPHNE.Boards.{BoardId}.Optics.SFP.{Sfp}.WarningFlags,String,N/A,Direct,None,,,,,,,,,,,,,,,Read-Only,Yes,On-Change,30000,"STATUS=REQUIRED PRODUCTION | AUTHORITY=Read-only; TX disable controlled by endpoint/link firmware | INSTANCE=per timing, CCM, and provisioned data SFP | SOURCE=SFP GPIO/I2C expander 0x72 and SFF-8472 | EXPOSURE=Baseline DCS | STATES=All states | ALARM=Optical link fault | INTERLOCK=Readiness | CONTROL_OWNER=Slow Controls",Slow Controls
SFP,DomSupported,Digital optical monitoring is supported.,nsu=urn:dune:pds:daphne;s=DAPHNE.Boards.{BoardId}.Optics.SFP.{Sfp}.DomSupported,Boolean,N/A,Direct,None,,,,,,,,,,,,,,,Read-Only,Yes,On-Change,5000,"STATUS=REQUIRED PRODUCTION | AUTHORITY=Read-only; TX disable controlled by endpoint/link firmware | INSTANCE=per timing, CCM, and provisioned data SFP | SOURCE=SFP GPIO/I2C expander 0x72 and SFF-8472 | EXPOSURE=Baseline DCS | STATES=All states | ALARM=Optical link fault | INTERLOCK=Readiness | CONTROL_OWNER=Slow Controls",Slow Controls
SFP,EepromReadable,SFP identity/diagnostic EEPROM is readable.,nsu=urn:dune:pds:daphne;s=DAPHNE.Boards.{BoardId}.Optics.SFP.{Sfp}.EepromReadable,Boolean,N/A,Direct,None,,,,,,,,,,,,,,,Read-Only,Yes,On-Change,5000,"STATUS=REQUIRED PRODUCTION | AUTHORITY=Read-only; TX disable controlled by endpoint/link firmware | INSTANCE=per timing, CCM, and provisioned data SFP | SOURCE=SFP GPIO/I2C expander 0x72 and SFF-8472 | EXPOSURE=Baseline DCS | STATES=All states | ALARM=Optical link fault | INTERLOCK=Readiness | CONTROL_OWNER=Slow Controls",Slow Controls
Fans,Present,Fan is installed/detected.,nsu=urn:dune:pds:daphne;s=DAPHNE.Boards.{BoardId}.Thermal.Fans.{Fan}.Present,Boolean,N/A,Direct,None,,,,,,,,,,,,,,,Read-Only,Yes,On-Change,1000,STATUS=REQUIRED PRODUCTION | AUTHORITY=Local automatic control; maintenance override only | INSTANCE=per fan 0..1 | SOURCE=FpgaRegDict fanControl/fanReadSpeed_0..1 | EXPOSURE=Baseline DCS | STATES=All states | ALARM=Fan fault | INTERLOCK=Candidate | CONTROL_OWNER=Slow Controls,Slow Controls
Fans,PwmCommand,Applied fan PWM/control code.,nsu=urn:dune:pds:daphne;s=DAPHNE.Boards.{BoardId}.Thermal.Fans.{Fan}.PwmCommand,Integer,count,Direct,None,0,255,,,,,,,,,,,,,Read-Only,Yes,1000,1000,STATUS=LOCAL READABLE | AUTHORITY=Local automatic control; maintenance override only | INSTANCE=per fan 0..1 | SOURCE=FpgaRegDict fanControl/fanReadSpeed_0..1 | EXPOSURE=Baseline DCS | STATES=All states | ALARM=Fan fault | INTERLOCK=Candidate | CONTROL_OWNER=Slow Controls,Slow Controls
Fans,TachometerRaw,Raw FPGA fan-speed counter.,nsu=urn:dune:pds:daphne;s=DAPHNE.Boards.{BoardId}.Thermal.Fans.{Fan}.TachometerRaw,Integer,count,Direct,None,,,,,,,,,,,,,,,Read-Only,Yes,1000,1000,STATUS=LOCAL READABLE | AUTHORITY=Local automatic control; maintenance override only | INSTANCE=per fan 0..1 | SOURCE=FpgaRegDict fanControl/fanReadSpeed_0..1 | EXPOSURE=Baseline DCS | STATES=All states | ALARM=Fan fault | INTERLOCK=Candidate | CONTROL_OWNER=Slow Controls,Slow Controls
Fans,SpeedRpm,Fan speed after the validated tachometer conversion.,nsu=urn:dune:pds:daphne;s=DAPHNE.Boards.{BoardId}.Thermal.Fans.{Fan}.SpeedRpm,Double,rpm,Direct,None,,,,,,,,,,,,,,,Read-Only,Yes,1000,1000,STATUS=REQUIRED PRODUCTION | AUTHORITY=Local automatic control; maintenance override only | INSTANCE=per fan 0..1 | SOURCE=FpgaRegDict fanControl/fanReadSpeed_0..1 | EXPOSURE=Baseline DCS | STATES=All states | ALARM=Fan fault | INTERLOCK=Candidate | CONTROL_OWNER=Slow Controls,Slow Controls
Fans,Running,Fan tachometer indicates rotation.,nsu=urn:dune:pds:daphne;s=DAPHNE.Boards.{BoardId}.Thermal.Fans.{Fan}.Running,Boolean,N/A,Direct,None,,,,,,,,,,,,,,,Read-Only,Yes,On-Change,1000,STATUS=REQUIRED PRODUCTION | AUTHORITY=Local automatic control; maintenance override only | INSTANCE=per fan 0..1 | SOURCE=FpgaRegDict fanControl/fanReadSpeed_0..1 | EXPOSURE=Baseline DCS | STATES=All states | ALARM=Fan fault | INTERLOCK=Candidate | CONTROL_OWNER=Slow Controls,Slow Controls
Fans,Stalled,Commanded fan is below the approved minimum speed.,nsu=urn:dune:pds:daphne;s=DAPHNE.Boards.{BoardId}.Thermal.Fans.{Fan}.Stalled,Boolean,N/A,Direct,None,,,,,,,,,,,,,,,Read-Only,Yes,On-Change,1000,STATUS=REQUIRED PRODUCTION | AUTHORITY=Local automatic control; maintenance override only | INSTANCE=per fan 0..1 | SOURCE=FpgaRegDict fanControl/fanReadSpeed_0..1 | EXPOSURE=Baseline DCS | STATES=All states | ALARM=Fan fault | INTERLOCK=Candidate | CONTROL_OWNER=Slow Controls,Slow Controls
Fans,StallCount,Cumulative detected stalls for this boot.,nsu=urn:dune:pds:daphne;s=DAPHNE.Boards.{BoardId}.Thermal.Fans.{Fan}.StallCount,Long,count,Direct,None,,,,,,,,,,,,,,,Read-Only,Yes,On-Change,1000,STATUS=REQUIRED PRODUCTION | AUTHORITY=Local automatic control; maintenance override only | INSTANCE=per fan 0..1 | SOURCE=FpgaRegDict fanControl/fanReadSpeed_0..1 | EXPOSURE=Baseline DCS | STATES=All states | ALARM=Fan fault | INTERLOCK=Candidate | CONTROL_OWNER=Slow Controls,Slow Controls
Fans,ControlMode,Automatic thermal control or maintenance override.,nsu=urn:dune:pds:daphne;s=DAPHNE.Boards.{BoardId}.Thermal.Fans.{Fan}.ControlMode,String,N/A,Direct,None,,,,,,,,,,,,,,,Read-Only,Yes,On-Change,1000,STATUS=REQUIRED PRODUCTION | AUTHORITY=Local automatic control; maintenance override only | INSTANCE=per fan 0..1 | SOURCE=FpgaRegDict fanControl/fanReadSpeed_0..1 | EXPOSURE=Baseline DCS | STATES=All states | ALARM=Fan fault | INTERLOCK=Candidate | CONTROL_OWNER=Slow Controls,Slow Controls
Fans,LastUpdate,Source time of the latest fan sample.,nsu=urn:dune:pds:daphne;s=DAPHNE.Boards.{BoardId}.Thermal.Fans.{Fan}.LastUpdate,DateTime,N/A,Direct,None,,,,,,,,,,,,,,,Read-Only,Yes,On-Change,1000,STATUS=REQUIRED PRODUCTION | AUTHORITY=Local automatic control; maintenance override only | INSTANCE=per fan 0..1 | SOURCE=FpgaRegDict fanControl/fanReadSpeed_0..1 | EXPOSURE=Baseline DCS | STATES=All states | ALARM=Fan fault | INTERLOCK=Candidate | CONTROL_OWNER=Slow Controls,Slow Controls
Timing,ClockSourceControlled,Endpoint clock source is under the configured timing-control path.,nsu=urn:dune:pds:daphne;s=DAPHNE.Boards.{BoardId}.Timing.ClockSourceControlled,Boolean,N/A,Direct,None,,,,,,,,,,,,,,,Read-Only,Yes,On-Change,1000,STATUS=CURRENT PROTOBUF | AUTHORITY=DAQ/DTS owns timing configuration; SC receives monitoring; DPS may inhibit | INSTANCE=one per DAPHNE board | SOURCE=endpointClockControl.CLOCK_SOURCE | EXPOSURE=Baseline DCS | STATES=All states | ALARM=Timing readiness | INTERLOCK=Readiness | CONTROL_OWNER=DAQ / DTS,DAQ / DTS
Timing,Mmcm0Locked,Timing MMCM0 lock state.,nsu=urn:dune:pds:daphne;s=DAPHNE.Boards.{BoardId}.Timing.Mmcm0Locked,Boolean,N/A,Direct,None,,,,,,,,,,,,,,,Read-Only,Yes,On-Change,1000,STATUS=CURRENT OPC-UA POC | AUTHORITY=DAQ/DTS owns timing configuration; SC receives monitoring; DPS may inhibit | INSTANCE=one per DAPHNE board | SOURCE=ClockStatus.mmcm0_locked | EXPOSURE=Baseline DCS | STATES=All states | ALARM=Timing readiness | INTERLOCK=Readiness | CONTROL_OWNER=DAQ / DTS,DAQ / DTS
Timing,Mmcm1Locked,Timing MMCM1 lock state.,nsu=urn:dune:pds:daphne;s=DAPHNE.Boards.{BoardId}.Timing.Mmcm1Locked,Boolean,N/A,Direct,None,,,,,,,,,,,,,,,Read-Only,Yes,On-Change,1000,STATUS=CURRENT OPC-UA POC | AUTHORITY=DAQ/DTS owns timing configuration; SC receives monitoring; DPS may inhibit | INSTANCE=one per DAPHNE board | SOURCE=ClockStatus.mmcm1_locked | EXPOSURE=Baseline DCS | STATES=All states | ALARM=Timing readiness | INTERLOCK=Readiness | CONTROL_OWNER=DAQ / DTS,DAQ / DTS
Timing,EndpointFsmState,Decoded timing endpoint FSM state.,nsu=urn:dune:pds:daphne;s=DAPHNE.Boards.{BoardId}.Timing.EndpointFsmState,String,N/A,Direct,None,,,,,,,,,,,,,,,Read-Only,Yes,On-Change,1000,STATUS=LOCAL READABLE | AUTHORITY=DAQ/DTS owns timing configuration; SC receives monitoring; DPS may inhibit | INSTANCE=one per DAPHNE board | SOURCE=endpointStatus.FSM_STATUS | EXPOSURE=Baseline DCS | STATES=All states | ALARM=Timing readiness | INTERLOCK=Readiness | CONTROL_OWNER=DAQ / DTS,DAQ / DTS
Timing,EndpointFsmRaw,Raw timing endpoint FSM code.,nsu=urn:dune:pds:daphne;s=DAPHNE.Boards.{BoardId}.Timing.EndpointFsmRaw,Integer,N/A,Direct,None,,,,,,,,,,,,,,,Read-Only,Yes,On-Change,1000,STATUS=LOCAL READABLE | AUTHORITY=DAQ/DTS owns timing configuration; SC receives monitoring; DPS may inhibit | INSTANCE=one per DAPHNE board | SOURCE=endpointStatus.FSM_STATUS | EXPOSURE=Baseline DCS | STATES=All states | ALARM=Timing readiness | INTERLOCK=Readiness | CONTROL_OWNER=DAQ / DTS,DAQ / DTS
Timing,TimestampValid,Endpoint timestamp-valid bit.,nsu=urn:dune:pds:daphne;s=DAPHNE.Boards.{BoardId}.Timing.TimestampValid,Boolean,N/A,Direct,None,,,,,,,,,,,,,,,Read-Only,Yes,On-Change,1000,STATUS=LOCAL READABLE | AUTHORITY=DAQ/DTS owns timing configuration; SC receives monitoring; DPS may inhibit | INSTANCE=one per DAPHNE board | SOURCE=endpointStatus.TIMESTAMP_OK | EXPOSURE=Baseline DCS | STATES=All states | ALARM=Timing readiness | INTERLOCK=Readiness | CONTROL_OWNER=DAQ / DTS,DAQ / DTS
Timing,TimingUsable,"Derived readiness: required locks, accepted FSM state, and timestamp valid.",nsu=urn:dune:pds:daphne;s=DAPHNE.Boards.{BoardId}.Timing.TimingUsable,Boolean,N/A,Direct,None,,,,,,,,,,,,,,,Read-Only,Yes,On-Change,1000,STATUS=REQUIRED PRODUCTION | AUTHORITY=DAQ/DTS owns timing configuration; SC receives monitoring; DPS may inhibit | INSTANCE=one per DAPHNE board | SOURCE=preflight readiness contract | EXPOSURE=Baseline DCS | STATES=All states | ALARM=Timing readiness | INTERLOCK=Readiness | CONTROL_OWNER=DAQ / DTS,DAQ / DTS
Timing,RawEndpointStatus,Raw endpoint status register.,nsu=urn:dune:pds:daphne;s=DAPHNE.Boards.{BoardId}.Timing.RawEndpointStatus,Integer,N/A,Direct,None,,,,,,,,,,,,,,,Read-Only,Yes,On-Change,1000,STATUS=CURRENT PROTOBUF | AUTHORITY=DAQ/DTS owns timing configuration; SC receives monitoring; DPS may inhibit | INSTANCE=one per DAPHNE board | SOURCE=ClockStatus.raw_endpoint_status | EXPOSURE=Baseline DCS | STATES=All states | ALARM=Timing readiness | INTERLOCK=Readiness | CONTROL_OWNER=DAQ / DTS,DAQ / DTS
Timing,EndpointAddress,Timing endpoint address readback.,nsu=urn:dune:pds:daphne;s=DAPHNE.Boards.{BoardId}.Timing.EndpointAddress,Integer,N/A,Direct,None,,,,,,,,,,,,,,,Read-Only,Yes,On-Change,1000,STATUS=LOCAL READABLE | AUTHORITY=DAQ/DTS owns timing configuration; SC receives monitoring; DPS may inhibit | INSTANCE=one per DAPHNE board | SOURCE=endpointControl.ADDRESS | EXPOSURE=Baseline DCS | STATES=All states | ALARM=Timing readiness | INTERLOCK=Readiness | CONTROL_OWNER=DAQ / DTS,DAQ / DTS
Timing,TxEnableRequested,DTS/endpoint logic has requested transmitter enable.,nsu=urn:dune:pds:daphne;s=DAPHNE.Boards.{BoardId}.Timing.TxEnableRequested,Boolean,N/A,Direct,None,,,,,,,,,,,,,,,Read-Only,Yes,On-Change,1000,STATUS=REQUIRED PRODUCTION | AUTHORITY=DAQ/DTS owns timing configuration; SC receives monitoring; DPS may inhibit | INSTANCE=one per DAPHNE board | SOURCE=timing endpoint contract | EXPOSURE=Baseline DCS | STATES=All states | ALARM=Timing readiness | INTERLOCK=Readiness | CONTROL_OWNER=DAQ / DTS,DAQ / DTS
Timing,TxDisabled,Timing SFP TX_DISABLE output state.,nsu=urn:dune:pds:daphne;s=DAPHNE.Boards.{BoardId}.Timing.TxDisabled,Boolean,N/A,Direct,None,,,,,,,,,,,,,,,Read-Only,Yes,On-Change,1000,STATUS=LOCAL READABLE | AUTHORITY=DAQ/DTS owns timing configuration; SC receives monitoring; DPS may inhibit | INSTANCE=one per DAPHNE board | SOURCE=timing endpoint output | EXPOSURE=Baseline DCS | STATES=All states | ALARM=Timing readiness | INTERLOCK=Readiness | CONTROL_OWNER=DAQ / DTS,DAQ / DTS
Timing,LossOfSignal,Timing SFP LOS observation.,nsu=urn:dune:pds:daphne;s=DAPHNE.Boards.{BoardId}.Timing.LossOfSignal,Boolean,N/A,Direct,None,,,,,,,,,,,,,,,Read-Only,Yes,On-Change,1000,STATUS=LOCAL READABLE | AUTHORITY=DAQ/DTS owns timing configuration; SC receives monitoring; DPS may inhibit | INSTANCE=one per DAPHNE board | SOURCE=sfp_tmg_los | EXPOSURE=Baseline DCS | STATES=All states | ALARM=Timing readiness | INTERLOCK=Readiness | CONTROL_OWNER=DAQ / DTS,DAQ / DTS
Timing,LockLossCount,Cumulative endpoint lock-loss events.,nsu=urn:dune:pds:daphne;s=DAPHNE.Boards.{BoardId}.Timing.LockLossCount,Long,N/A,Direct,None,,,,,,,,,,,,,,,Read-Only,Yes,On-Change,1000,STATUS=REQUIRED PRODUCTION | AUTHORITY=DAQ/DTS owns timing configuration; SC receives monitoring; DPS may inhibit | INSTANCE=one per DAPHNE board | SOURCE=required timing health block | EXPOSURE=Baseline DCS | STATES=All states | ALARM=Timing readiness | INTERLOCK=Readiness | CONTROL_OWNER=DAQ / DTS,DAQ / DTS
Timing,AutoRelockCount,Cumulative automatic relock attempts.,nsu=urn:dune:pds:daphne;s=DAPHNE.Boards.{BoardId}.Timing.AutoRelockCount,Long,N/A,Direct,None,,,,,,,,,,,,,,,Read-Only,Yes,On-Change,1000,STATUS=REQUIRED PRODUCTION | AUTHORITY=DAQ/DTS owns timing configuration; SC receives monitoring; DPS may inhibit | INSTANCE=one per DAPHNE board | SOURCE=required timing health block | EXPOSURE=Baseline DCS | STATES=All states | ALARM=Timing readiness | INTERLOCK=Readiness | CONTROL_OWNER=DAQ / DTS,DAQ / DTS
Timing,LastLockLossTime,Time of the most recent timing lock loss.,nsu=urn:dune:pds:daphne;s=DAPHNE.Boards.{BoardId}.Timing.LastLockLossTime,DateTime,N/A,Direct,None,,,,,,,,,,,,,,,Read-Only,Yes,On-Change,1000,STATUS=REQUIRED PRODUCTION | AUTHORITY=DAQ/DTS owns timing configuration; SC receives monitoring; DPS may inhibit | INSTANCE=one per DAPHNE board | SOURCE=required timing health block | EXPOSURE=Baseline DCS | STATES=All states | ALARM=Timing readiness | INTERLOCK=Readiness | CONTROL_OWNER=DAQ / DTS,DAQ / DTS
Timing,Timestamp,Current assembled DTS timestamp sample.,nsu=urn:dune:pds:daphne;s=DAPHNE.Boards.{BoardId}.Timing.Timestamp,Long,N/A,Direct,None,,,,,,,,,,,,,,,Read-Only,Yes,On-Change,1000,STATUS=REQUIRED PRODUCTION | AUTHORITY=DAQ/DTS owns timing configuration; SC receives monitoring; DPS may inhibit | INSTANCE=one per DAPHNE board | SOURCE=timestamp0..3 register words | EXPOSURE=Baseline DCS | STATES=All states | ALARM=Timing readiness | INTERLOCK=Readiness | CONTROL_OWNER=DAQ / DTS,DAQ / DTS
Timing,LastDtsCommandId,Most recent synchronous DTS command identifier observed.,nsu=urn:dune:pds:daphne;s=DAPHNE.Boards.{BoardId}.Timing.LastDtsCommandId,Integer,N/A,Direct,None,,,,,,,,,,,,,,,Read-Only,Yes,On-Change,1000,STATUS=REQUIRED PRODUCTION | AUTHORITY=DAQ/DTS owns timing configuration; SC receives monitoring; DPS may inhibit | INSTANCE=one per DAPHNE board | SOURCE=timing/header integration contract | EXPOSURE=Baseline DCS | STATES=All states | ALARM=Timing readiness | INTERLOCK=Readiness | CONTROL_OWNER=DAQ / DTS,DAQ / DTS
Timing,GroupMask,Applied timing group-address mask.,nsu=urn:dune:pds:daphne;s=DAPHNE.Boards.{BoardId}.Timing.GroupMask,Long,N/A,Direct,None,,,,,,,,,,,,,,,Read-Only,Yes,On-Change,1000,STATUS=REQUIRED PRODUCTION | AUTHORITY=DAQ/DTS owns timing configuration; SC receives monitoring; DPS may inhibit | INSTANCE=one per DAPHNE board | SOURCE=versioned timing configuration | EXPOSURE=Baseline DCS | STATES=All states | ALARM=Timing readiness | INTERLOCK=Readiness | CONTROL_OWNER=DAQ / DTS,DAQ / DTS
Timing,DelayTrim,Compatibility readback of the applied endpoint delay compensation.,nsu=urn:dune:pds:daphne;s=DAPHNE.Boards.{BoardId}.Timing.DelayTrim,Integer,N/A,Direct,None,,,,,,,,,,,,,,,Read-Only,Yes,On-Change,1000,STATUS=REQUIRED PRODUCTION | AUTHORITY=DAQ/DTS owns timing configuration; SC receives monitoring; DPS may inhibit | INSTANCE=one per DAPHNE board | SOURCE=versioned timing configuration | EXPOSURE=Baseline DCS | STATES=All states | ALARM=Timing readiness | INTERLOCK=Readiness | CONTROL_OWNER=DAQ / DTS,DAQ / DTS
Timing,CommandDecoderMap,Applied mapping of DTS command codes to decoder outputs 0..7.,nsu=urn:dune:pds:daphne;s=DAPHNE.Boards.{BoardId}.Timing.CommandDecoderMap,String,N/A,Direct,None,,,,,,,,,,,,,,,Read-Only,Yes,On-Change,1000,STATUS=REQUIRED PRODUCTION | AUTHORITY=DAQ/DTS owns timing configuration; SC receives monitoring; DPS may inhibit | INSTANCE=one per DAPHNE board | SOURCE=EDMS 2395364 v2 control-bus registers 0x60..0x67 | EXPOSURE=Baseline DCS | STATES=All states | ALARM=Timing readiness | INTERLOCK=Readiness | CONTROL_OWNER=DAQ / DTS,DAQ / DTS
Timing,ClockPhaseUpdateComplete,Endpoint reports completion of the latest clock-phase update.,nsu=urn:dune:pds:daphne;s=DAPHNE.Boards.{BoardId}.Timing.ClockPhaseUpdateComplete,Boolean,N/A,Direct,None,,,,,,,,,,,,,,,Read-Only,Yes,On-Change,1000,STATUS=REQUIRED PRODUCTION | AUTHORITY=DAQ/DTS owns timing configuration; SC receives monitoring; DPS may inhibit | INSTANCE=one per DAPHNE board | SOURCE=EDMS 2395364 v2 status register 0x71 bit 4 | EXPOSURE=Baseline DCS | STATES=All states | ALARM=Timing readiness | INTERLOCK=Readiness | CONTROL_OWNER=DAQ / DTS,DAQ / DTS
Timing,CoarseDelay,Applied endpoint coarse deskew delay.,nsu=urn:dune:pds:daphne;s=DAPHNE.Boards.{BoardId}.Timing.CoarseDelay,Integer,N/A,Direct,None,,,,,,,,,,,,,,,Read-Only,Yes,On-Change,1000,STATUS=REQUIRED PRODUCTION | AUTHORITY=DAQ/DTS owns timing configuration; SC receives monitoring; DPS may inhibit | INSTANCE=one per DAPHNE board | SOURCE=EDMS 2395364 v2 deskew registers 0x72..0x73 bits 3..0 | EXPOSURE=Baseline DCS | STATES=All states | ALARM=Timing readiness | INTERLOCK=Readiness | CONTROL_OWNER=DAQ / DTS,DAQ / DTS
Timing,FinePhase,Applied endpoint fine clock-phase setting.,nsu=urn:dune:pds:daphne;s=DAPHNE.Boards.{BoardId}.Timing.FinePhase,Integer,N/A,Direct,None,,,,,,,,,,,,,,,Read-Only,Yes,On-Change,1000,STATUS=REQUIRED PRODUCTION | AUTHORITY=DAQ/DTS owns timing configuration; SC receives monitoring; DPS may inhibit | INSTANCE=one per DAPHNE board | SOURCE=EDMS 2395364 v2 deskew registers 0x72..0x73 bits 15..4 | EXPOSURE=Baseline DCS | STATES=All states | ALARM=Timing readiness | INTERLOCK=Readiness | CONTROL_OWNER=DAQ / DTS,DAQ / DTS
Timing,ProtocolErrorCount,Cumulative soft DTS protocol-error count.,nsu=urn:dune:pds:daphne;s=DAPHNE.Boards.{BoardId}.Timing.ProtocolErrorCount,Long,N/A,Direct,None,,,,,,,,,,,,,,,Read-Only,Yes,On-Change,1000,STATUS=REQUIRED PRODUCTION | AUTHORITY=DAQ/DTS owns timing configuration; SC receives monitoring; DPS may inhibit | INSTANCE=one per DAPHNE board | SOURCE=EDMS 2395364 v2 err_cnt register 0x76 | EXPOSURE=Baseline DCS | STATES=All states | ALARM=Timing readiness | INTERLOCK=Readiness | CONTROL_OWNER=DAQ / DTS,DAQ / DTS
Timing,EndpointVersion,Timing endpoint firmware-interface version readback.,nsu=urn:dune:pds:daphne;s=DAPHNE.Boards.{BoardId}.Timing.EndpointVersion,String,N/A,Direct,None,,,,,,,,,,,,,,,Read-Only,Yes,On-Change,1000,STATUS=REQUIRED PRODUCTION | AUTHORITY=DAQ/DTS owns timing configuration; SC receives monitoring; DPS may inhibit | INSTANCE=one per DAPHNE board | SOURCE=EDMS 2395364 v2 version registers 0x78..0x7b | EXPOSURE=Baseline DCS | STATES=All states | ALARM=Timing readiness | INTERLOCK=Readiness | CONTROL_OWNER=DAQ / DTS,DAQ / DTS
AFE Global,PowerState,AFE global power-state readback.,nsu=urn:dune:pds:daphne;s=DAPHNE.Boards.{BoardId}.AFE.Global.PowerState,Boolean,N/A,Direct,None,,,,,,,,,,,,,,,Read-Only,Yes,On-Change,1000,STATUS=LOCAL READABLE | AUTHORITY=SC owns power/bias enable and safe-state action | INSTANCE=one per DAPHNE board | SOURCE=afeGlobalControl.POWERSTATE | EXPOSURE=Baseline DCS | STATES=All states | ALARM=AFE readiness | INTERLOCK=Candidate | CONTROL_OWNER=Slow Controls,Slow Controls
AFE Global,ResetAsserted,AFE global reset readback.,nsu=urn:dune:pds:daphne;s=DAPHNE.Boards.{BoardId}.AFE.Global.ResetAsserted,Boolean,N/A,Direct,None,,,,,,,,,,,,,,,Read-Only,Yes,On-Change,1000,STATUS=LOCAL READABLE | AUTHORITY=DAQ owns data-taking configuration/reset; SC monitors | INSTANCE=one per DAPHNE board | SOURCE=afeGlobalControl.RESET | EXPOSURE=Baseline DCS | STATES=All states | ALARM=AFE readiness | INTERLOCK=Candidate | CONTROL_OWNER=DAQ,DAQ
AFE Global,BusyAfe0,AFE0 configuration busy.,nsu=urn:dune:pds:daphne;s=DAPHNE.Boards.{BoardId}.AFE.Global.BusyAfe0,Boolean,N/A,Direct,None,,,,,,,,,,,,,,,Read-Only,Yes,On-Change,1000,STATUS=LOCAL READABLE | AUTHORITY=DAQ owns data-taking configuration/reset; SC monitors | INSTANCE=one per DAPHNE board | SOURCE=afeGlobalControl.BUSY_AFE0 | EXPOSURE=Baseline DCS | STATES=All states | ALARM=AFE readiness | INTERLOCK=Candidate | CONTROL_OWNER=DAQ,DAQ
AFE Global,BusyAfe12,AFE1/2 configuration busy.,nsu=urn:dune:pds:daphne;s=DAPHNE.Boards.{BoardId}.AFE.Global.BusyAfe12,Boolean,N/A,Direct,None,,,,,,,,,,,,,,,Read-Only,Yes,On-Change,1000,STATUS=LOCAL READABLE | AUTHORITY=DAQ owns data-taking configuration/reset; SC monitors | INSTANCE=one per DAPHNE board | SOURCE=afeGlobalControl.BUSY_AFE12 | EXPOSURE=Baseline DCS | STATES=All states | ALARM=AFE readiness | INTERLOCK=Candidate | CONTROL_OWNER=DAQ,DAQ
AFE Global,BusyAfe34,AFE3/4 configuration busy.,nsu=urn:dune:pds:daphne;s=DAPHNE.Boards.{BoardId}.AFE.Global.BusyAfe34,Boolean,N/A,Direct,None,,,,,,,,,,,,,,,Read-Only,Yes,On-Change,1000,STATUS=LOCAL READABLE | AUTHORITY=DAQ owns data-taking configuration/reset; SC monitors | INSTANCE=one per DAPHNE board | SOURCE=afeGlobalControl.BUSY_AFE34 | EXPOSURE=Baseline DCS | STATES=All states | ALARM=AFE readiness | INTERLOCK=Candidate | CONTROL_OWNER=DAQ,DAQ
AFE Global,BiasEnable,Board bias-enable register readback.,nsu=urn:dune:pds:daphne;s=DAPHNE.Boards.{BoardId}.AFE.Global.BiasEnable,Boolean,N/A,Direct,None,,,,,,,,,,,,,,,Read-Only,Yes,On-Change,1000,STATUS=LOCAL READABLE | AUTHORITY=SC owns power/bias enable and safe-state action | INSTANCE=one per DAPHNE board | SOURCE=biasEnable.ENABLE | EXPOSURE=Baseline DCS | STATES=All states | ALARM=AFE readiness | INTERLOCK=Candidate | CONTROL_OWNER=Slow Controls,Slow Controls
AFE Global,BiasControlCode,Board VBIAS-control DAC/code readback.,nsu=urn:dune:pds:daphne;s=DAPHNE.Boards.{BoardId}.AFE.Global.BiasControlCode,Integer,N/A,Direct,None,,,,,,,,,,,,,,,Read-Only,Yes,On-Change,1000,STATUS=CURRENT PROTOBUF | AUTHORITY=DAQ owns data-taking configuration/reset; SC monitors | INSTANCE=one per DAPHNE board | SOURCE=READ_VBIAS_CONTROL | EXPOSURE=Baseline DCS | STATES=All states | ALARM=AFE readiness | INTERLOCK=Candidate | CONTROL_OWNER=DAQ,DAQ
AFE,Attenuation,Applied AFE attenuation code.,nsu=urn:dune:pds:daphne;s=DAPHNE.Boards.{BoardId}.AFE.Blocks.{Afe}.Attenuation,Integer,count,Direct,None,,,,,,,,,,,,,,,Read-Only,Yes,On-Change,5000,STATUS=CURRENT PROTOBUF | AUTHORITY=DAQ applies the data-taking profile through its OPC-UA role; SC monitors and owns energization/permits | INSTANCE=per AFE block 0..4 | SOURCE=READ/WRITE AFE attenuation | EXPOSURE=Baseline DCS | STATES=All states | ALARM=AFE configuration/readback | INTERLOCK=Context | CONTROL_OWNER=DAQ,DAQ
AFE,VGain,Applied AFE VGAIN code.,nsu=urn:dune:pds:daphne;s=DAPHNE.Boards.{BoardId}.AFE.Blocks.{Afe}.VGain,Integer,count,Direct,None,,,,,,,,,,,,,,,Read-Only,Yes,On-Change,5000,STATUS=CURRENT PROTOBUF | AUTHORITY=DAQ applies the data-taking profile through its OPC-UA role; SC monitors and owns energization/permits | INSTANCE=per AFE block 0..4 | SOURCE=READ_AFE_VGAIN | EXPOSURE=Baseline DCS | STATES=All states | ALARM=AFE configuration/readback | INTERLOCK=Context | CONTROL_OWNER=DAQ,DAQ
AFE,BiasSetCode,Applied AFE bias DAC set code.,nsu=urn:dune:pds:daphne;s=DAPHNE.Boards.{BoardId}.AFE.Blocks.{Afe}.BiasSetCode,Integer,count,Direct,None,,,,,,,,,,,,,,,Read-Only,Yes,On-Change,5000,STATUS=CURRENT PROTOBUF | AUTHORITY=DAQ applies the data-taking profile through its OPC-UA role; SC monitors and owns energization/permits | INSTANCE=per AFE block 0..4 | SOURCE=READ_AFE_BIAS_SET | EXPOSURE=Baseline DCS | STATES=All states | ALARM=AFE configuration/readback | INTERLOCK=Context | CONTROL_OWNER=DAQ,DAQ
AFE,BiasVoltage,Measured AFE bias voltage.,nsu=urn:dune:pds:daphne;s=DAPHNE.Boards.{BoardId}.AFE.Blocks.{Afe}.BiasVoltage,Double,V,Direct,None,,,,,,,,,,,,,,,Read-Only,Yes,5000,5000,STATUS=CURRENT OPC-UA POC | AUTHORITY=DAQ applies the data-taking profile through its OPC-UA role; SC monitors and owns energization/permits | INSTANCE=per AFE block 0..4 | SOURCE=GeneralInfo.v_bias_0..4 / bias monitor | EXPOSURE=Baseline DCS | STATES=All states | ALARM=AFE configuration/readback | INTERLOCK=Context | CONTROL_OWNER=DAQ,DAQ
AFE,BiasVoltageTarget,Requested physical closed-loop bias target.,nsu=urn:dune:pds:daphne;s=DAPHNE.Boards.{BoardId}.AFE.Blocks.{Afe}.BiasVoltageTarget,Double,V,Direct,None,,,,,,,,,,,,,,,Read-Only,Yes,5000,5000,STATUS=CURRENT PROTOBUF | AUTHORITY=DAQ applies the data-taking profile through its OPC-UA role; SC monitors and owns energization/permits | INSTANCE=per AFE block 0..4 | SOURCE=cmd_writeAFEBiasControlledSet.target_bias_mv | EXPOSURE=Baseline DCS | STATES=All states | ALARM=AFE configuration/readback | INTERLOCK=Context | CONTROL_OWNER=DAQ,DAQ
AFE,BiasVoltageError,Final measured-minus-target bias error.,nsu=urn:dune:pds:daphne;s=DAPHNE.Boards.{BoardId}.AFE.Blocks.{Afe}.BiasVoltageError,Double,mV,Direct,None,,,,,,,,,,,,,,,Read-Only,Yes,5000,5000,STATUS=CURRENT PROTOBUF | AUTHORITY=DAQ applies the data-taking profile through its OPC-UA role; SC monitors and owns energization/permits | INSTANCE=per AFE block 0..4 | SOURCE=cmd_writeAFEBiasControlledSet_response.error_mv | EXPOSURE=Baseline DCS | STATES=All states | ALARM=AFE configuration/readback | INTERLOCK=Context | CONTROL_OWNER=DAQ,DAQ
AFE,BiasControlStatus,Closed-loop bias outcome enum.,nsu=urn:dune:pds:daphne;s=DAPHNE.Boards.{BoardId}.AFE.Blocks.{Afe}.BiasControlStatus,String,N/A,Direct,None,,,,,,,,,,,,,,,Read-Only,Yes,On-Change,5000,STATUS=CURRENT PROTOBUF | AUTHORITY=DAQ applies the data-taking profile through its OPC-UA role; SC monitors and owns energization/permits | INSTANCE=per AFE block 0..4 | SOURCE=AfeBiasControlStatus | EXPOSURE=Baseline DCS | STATES=All states | ALARM=AFE configuration/readback | INTERLOCK=Context | CONTROL_OWNER=DAQ,DAQ
AFE,BiasControlSettled,Closed-loop bias reached its settling criterion.,nsu=urn:dune:pds:daphne;s=DAPHNE.Boards.{BoardId}.AFE.Blocks.{Afe}.BiasControlSettled,Boolean,N/A,Direct,None,,,,,,,,,,,,,,,Read-Only,Yes,On-Change,5000,STATUS=CURRENT PROTOBUF | AUTHORITY=DAQ applies the data-taking profile through its OPC-UA role; SC monitors and owns energization/permits | INSTANCE=per AFE block 0..4 | SOURCE=controlled-set response.settled | EXPOSURE=Baseline DCS | STATES=All states | ALARM=AFE configuration/readback | INTERLOCK=Context | CONTROL_OWNER=DAQ,DAQ
AFE,BiasControlIterations,Closed-loop bias iterations used.,nsu=urn:dune:pds:daphne;s=DAPHNE.Boards.{BoardId}.AFE.Blocks.{Afe}.BiasControlIterations,Integer,count,Direct,None,,,,,,,,,,,,,,,Read-Only,Yes,On-Change,5000,STATUS=CURRENT PROTOBUF | AUTHORITY=DAQ applies the data-taking profile through its OPC-UA role; SC monitors and owns energization/permits | INSTANCE=per AFE block 0..4 | SOURCE=controlled-set response.iterations | EXPOSURE=Baseline DCS | STATES=All states | ALARM=AFE configuration/readback | INTERLOCK=Context | CONTROL_OWNER=DAQ,DAQ
AFE,BiasVoltageSlope,Final measured bias slope.,nsu=urn:dune:pds:daphne;s=DAPHNE.Boards.{BoardId}.AFE.Blocks.{Afe}.BiasVoltageSlope,Double,mV/s,Direct,None,,,,,,,,,,,,,,,Read-Only,Yes,5000,5000,STATUS=CURRENT PROTOBUF | AUTHORITY=DAQ applies the data-taking profile through its OPC-UA role; SC monitors and owns energization/permits | INSTANCE=per AFE block 0..4 | SOURCE=controlled-set response.final_slope_mv_per_s | EXPOSURE=Baseline DCS | STATES=All states | ALARM=AFE configuration/readback | INTERLOCK=Context | CONTROL_OWNER=DAQ,DAQ
AFE,BiasStableSamples,Consecutive stable samples at completion.,nsu=urn:dune:pds:daphne;s=DAPHNE.Boards.{BoardId}.AFE.Blocks.{Afe}.BiasStableSamples,Integer,count,Direct,None,,,,,,,,,,,,,,,Read-Only,Yes,On-Change,5000,STATUS=CURRENT PROTOBUF | AUTHORITY=DAQ applies the data-taking profile through its OPC-UA role; SC monitors and owns energization/permits | INSTANCE=per AFE block 0..4 | SOURCE=controlled-set response.stable_samples | EXPOSURE=Baseline DCS | STATES=All states | ALARM=AFE configuration/readback | INTERLOCK=Context | CONTROL_OWNER=DAQ,DAQ
AFE,AdcResolution,Applied ADC resolution setting.,nsu=urn:dune:pds:daphne;s=DAPHNE.Boards.{BoardId}.AFE.Blocks.{Afe}.AdcResolution,Boolean,N/A,Direct,None,,,,,,,,,,,,,,,Read-Only,Yes,On-Change,5000,STATUS=CURRENT PROTOBUF | AUTHORITY=DAQ applies the data-taking profile through its OPC-UA role; SC monitors and owns energization/permits | INSTANCE=per AFE block 0..4 | SOURCE=AFEConfig.adc.resolution | EXPOSURE=Baseline DCS | STATES=All states | ALARM=AFE configuration/readback | INTERLOCK=Context | CONTROL_OWNER=DAQ,DAQ
AFE,AdcOutputFormat,Applied ADC output-format setting.,nsu=urn:dune:pds:daphne;s=DAPHNE.Boards.{BoardId}.AFE.Blocks.{Afe}.AdcOutputFormat,Boolean,N/A,Direct,None,,,,,,,,,,,,,,,Read-Only,Yes,On-Change,5000,STATUS=CURRENT PROTOBUF | AUTHORITY=DAQ applies the data-taking profile through its OPC-UA role; SC monitors and owns energization/permits | INSTANCE=per AFE block 0..4 | SOURCE=AFEConfig.adc.output_format | EXPOSURE=Baseline DCS | STATES=All states | ALARM=AFE configuration/readback | INTERLOCK=Context | CONTROL_OWNER=DAQ,DAQ
AFE,AdcMsbFirst,Applied ADC serialization bit-order setting.,nsu=urn:dune:pds:daphne;s=DAPHNE.Boards.{BoardId}.AFE.Blocks.{Afe}.AdcMsbFirst,Boolean,N/A,Direct,None,,,,,,,,,,,,,,,Read-Only,Yes,On-Change,5000,STATUS=CURRENT PROTOBUF | AUTHORITY=DAQ applies the data-taking profile through its OPC-UA role; SC monitors and owns energization/permits | INSTANCE=per AFE block 0..4 | SOURCE=AFEConfig.adc.sb_first | EXPOSURE=Baseline DCS | STATES=All states | ALARM=AFE configuration/readback | INTERLOCK=Context | CONTROL_OWNER=DAQ,DAQ
AFE,PgaLpfCutFrequency,Applied PGA low-pass filter code.,nsu=urn:dune:pds:daphne;s=DAPHNE.Boards.{BoardId}.AFE.Blocks.{Afe}.PgaLpfCutFrequency,Integer,count,Direct,None,,,,,,,,,,,,,,,Read-Only,Yes,On-Change,5000,STATUS=CURRENT PROTOBUF | AUTHORITY=DAQ applies the data-taking profile through its OPC-UA role; SC monitors and owns energization/permits | INSTANCE=per AFE block 0..4 | SOURCE=AFEConfig.pga.lpf_cut_frequency | EXPOSURE=Baseline DCS | STATES=All states | ALARM=AFE configuration/readback | INTERLOCK=Context | CONTROL_OWNER=DAQ,DAQ
AFE,PgaIntegratorDisabled,Applied PGA integrator-disable setting.,nsu=urn:dune:pds:daphne;s=DAPHNE.Boards.{BoardId}.AFE.Blocks.{Afe}.PgaIntegratorDisabled,Boolean,N/A,Direct,None,,,,,,,,,,,,,,,Read-Only,Yes,On-Change,5000,STATUS=CURRENT PROTOBUF | AUTHORITY=DAQ applies the data-taking profile through its OPC-UA role; SC monitors and owns energization/permits | INSTANCE=per AFE block 0..4 | SOURCE=AFEConfig.pga.integrator_disable | EXPOSURE=Baseline DCS | STATES=All states | ALARM=AFE configuration/readback | INTERLOCK=Context | CONTROL_OWNER=DAQ,DAQ
AFE,PgaGain,Applied PGA gain setting.,nsu=urn:dune:pds:daphne;s=DAPHNE.Boards.{BoardId}.AFE.Blocks.{Afe}.PgaGain,Boolean,N/A,Direct,None,,,,,,,,,,,,,,,Read-Only,Yes,On-Change,5000,STATUS=CURRENT PROTOBUF | AUTHORITY=DAQ applies the data-taking profile through its OPC-UA role; SC monitors and owns energization/permits | INSTANCE=per AFE block 0..4 | SOURCE=AFEConfig.pga.gain | EXPOSURE=Baseline DCS | STATES=All states | ALARM=AFE configuration/readback | INTERLOCK=Context | CONTROL_OWNER=DAQ,DAQ
AFE,LnaClamp,Applied LNA clamp code.,nsu=urn:dune:pds:daphne;s=DAPHNE.Boards.{BoardId}.AFE.Blocks.{Afe}.LnaClamp,Integer,count,Direct,None,,,,,,,,,,,,,,,Read-Only,Yes,On-Change,5000,STATUS=CURRENT PROTOBUF | AUTHORITY=DAQ applies the data-taking profile through its OPC-UA role; SC monitors and owns energization/permits | INSTANCE=per AFE block 0..4 | SOURCE=AFEConfig.lna.clamp | EXPOSURE=Baseline DCS | STATES=All states | ALARM=AFE configuration/readback | INTERLOCK=Context | CONTROL_OWNER=DAQ,DAQ
AFE,LnaGain,Applied LNA gain code.,nsu=urn:dune:pds:daphne;s=DAPHNE.Boards.{BoardId}.AFE.Blocks.{Afe}.LnaGain,Integer,count,Direct,None,,,,,,,,,,,,,,,Read-Only,Yes,On-Change,5000,STATUS=CURRENT PROTOBUF | AUTHORITY=DAQ applies the data-taking profile through its OPC-UA role; SC monitors and owns energization/permits | INSTANCE=per AFE block 0..4 | SOURCE=AFEConfig.lna.gain | EXPOSURE=Baseline DCS | STATES=All states | ALARM=AFE configuration/readback | INTERLOCK=Context | CONTROL_OWNER=DAQ,DAQ
AFE,LnaIntegratorDisabled,Applied LNA integrator-disable setting.,nsu=urn:dune:pds:daphne;s=DAPHNE.Boards.{BoardId}.AFE.Blocks.{Afe}.LnaIntegratorDisabled,Boolean,N/A,Direct,None,,,,,,,,,,,,,,,Read-Only,Yes,On-Change,5000,STATUS=CURRENT PROTOBUF | AUTHORITY=DAQ applies the data-taking profile through its OPC-UA role; SC monitors and owns energization/permits | INSTANCE=per AFE block 0..4 | SOURCE=AFEConfig.lna.integrator_disable | EXPOSURE=Baseline DCS | STATES=All states | ALARM=AFE configuration/readback | INTERLOCK=Context | CONTROL_OWNER=DAQ,DAQ
AFE,AlignmentDelay,Selected IDELAY tap.,nsu=urn:dune:pds:daphne;s=DAPHNE.Boards.{BoardId}.AFE.Blocks.{Afe}.AlignmentDelay,Integer,tap,Direct,None,,,,,,,,,,,,,,,Read-Only,Yes,On-Change,5000,STATUS=CURRENT PROTOBUF | AUTHORITY=DAQ applies the data-taking profile through its OPC-UA role; SC monitors and owns energization/permits | INSTANCE=per AFE block 0..4 | SOURCE=cmd_alignAFEs_response.delay | EXPOSURE=Baseline DCS | STATES=All states | ALARM=AFE configuration/readback | INTERLOCK=Context | CONTROL_OWNER=DAQ,DAQ
AFE,AlignmentBitslip,Selected bitslip value.,nsu=urn:dune:pds:daphne;s=DAPHNE.Boards.{BoardId}.AFE.Blocks.{Afe}.AlignmentBitslip,Integer,count,Direct,None,,,,,,,,,,,,,,,Read-Only,Yes,On-Change,5000,STATUS=CURRENT PROTOBUF | AUTHORITY=DAQ applies the data-taking profile through its OPC-UA role; SC monitors and owns energization/permits | INSTANCE=per AFE block 0..4 | SOURCE=cmd_alignAFEs_response.bitslip | EXPOSURE=Baseline DCS | STATES=All states | ALARM=AFE configuration/readback | INTERLOCK=Context | CONTROL_OWNER=DAQ,DAQ
AFE,Aligned,AFE alignment has a valid matched result.,nsu=urn:dune:pds:daphne;s=DAPHNE.Boards.{BoardId}.AFE.Blocks.{Afe}.Aligned,Boolean,N/A,Direct,None,,,,,,,,,,,,,,,Read-Only,Yes,On-Change,5000,STATUS=REQUIRED PRODUCTION | AUTHORITY=DAQ applies the data-taking profile through its OPC-UA role; SC monitors and owns energization/permits | INSTANCE=per AFE block 0..4 | SOURCE=frontend alignment status contract | EXPOSURE=Baseline DCS | STATES=All states | ALARM=AFE configuration/readback | INTERLOCK=Context | CONTROL_OWNER=DAQ,DAQ
Channels,Trim,Applied per-channel trim code.,nsu=urn:dune:pds:daphne;s=DAPHNE.Boards.{BoardId}.Channels.{Channel}.Trim,Integer,count,Direct,None,,,,,,,,,,,,,,,Read-Only,Yes,5000,5000,"STATUS=CURRENT PROTOBUF | AUTHORITY=DAQ applies channel configuration through its OPC-UA role; SC receives the complete readback/monitoring set | INSTANCE=per channel; HD 0..39, VD 0..31 | SOURCE=READ_TRIM_* | EXPOSURE=Baseline DCS | STATES=All states | ALARM=Run context | INTERLOCK=No | CONTROL_OWNER=DAQ",DAQ
Channels,Offset,Applied per-channel offset code.,nsu=urn:dune:pds:daphne;s=DAPHNE.Boards.{BoardId}.Channels.{Channel}.Offset,Integer,count,Direct,None,,,,,,,,,,,,,,,Read-Only,Yes,5000,5000,"STATUS=CURRENT PROTOBUF | AUTHORITY=DAQ applies channel configuration through its OPC-UA role; SC receives the complete readback/monitoring set | INSTANCE=per channel; HD 0..39, VD 0..31 | SOURCE=READ_OFFSET_* | EXPOSURE=Baseline DCS | STATES=All states | ALARM=Run context | INTERLOCK=No | CONTROL_OWNER=DAQ",DAQ
Channels,Gain,Applied per-channel gain selection/code from the active configuration.,nsu=urn:dune:pds:daphne;s=DAPHNE.Boards.{BoardId}.Channels.{Channel}.Gain,Integer,count,Direct,None,,,,,,,,,,,,,,,Read-Only,Yes,5000,5000,"STATUS=REQUIRED PRODUCTION | AUTHORITY=DAQ applies channel configuration through its OPC-UA role; SC receives the complete readback/monitoring set | INSTANCE=per channel; HD 0..39, VD 0..31 | SOURCE=ChannelConfig.gain + readback contract | EXPOSURE=Baseline DCS | STATES=All states | ALARM=Run context | INTERLOCK=No | CONTROL_OWNER=DAQ",DAQ
Channels,CurrentMonitorRaw,Raw per-channel current-monitor ADC result.,nsu=urn:dune:pds:daphne;s=DAPHNE.Boards.{BoardId}.Channels.{Channel}.CurrentMonitorRaw,Integer,count,Direct,None,,,,,,,,,,,,,,,Read-Only,Yes,5000,5000,"STATUS=CURRENT PROTOBUF | AUTHORITY=DAQ applies channel configuration through its OPC-UA role; SC receives the complete readback/monitoring set | INSTANCE=per channel; HD 0..39, VD 0..31 | SOURCE=READ_CURRENT_MONITOR | EXPOSURE=Baseline DCS | STATES=All states | ALARM=Run context | INTERLOCK=No | CONTROL_OWNER=DAQ",DAQ
Channels,Current,Calibrated per-channel current monitor value.,nsu=urn:dune:pds:daphne;s=DAPHNE.Boards.{BoardId}.Channels.{Channel}.Current,Double,A,Direct,None,,,,,,,,,,,,,,,Read-Only,Yes,5000,5000,"STATUS=REQUIRED PRODUCTION | AUTHORITY=DAQ applies channel configuration through its OPC-UA role; SC receives the complete readback/monitoring set | INSTANCE=per channel; HD 0..39, VD 0..31 | SOURCE=current monitor + calibration | EXPOSURE=Baseline DCS | STATES=All states | ALARM=Run context | INTERLOCK=No | CONTROL_OWNER=DAQ",DAQ
Channels,TriggerEnabled,Effective per-channel trigger-enable mask bit.,nsu=urn:dune:pds:daphne;s=DAPHNE.Boards.{BoardId}.Channels.{Channel}.TriggerEnabled,Boolean,N/A,Direct,None,,,,,,,,,,,,,,,Read-Only,Yes,5000,5000,"STATUS=LOCAL READABLE | AUTHORITY=DAQ applies channel configuration through its OPC-UA role; SC receives the complete readback/monitoring set | INSTANCE=per channel; HD 0..39, VD 0..31 | SOURCE=triggerEnableLow/High | EXPOSURE=Baseline DCS | STATES=All states | ALARM=Run context | INTERLOCK=No | CONTROL_OWNER=DAQ",DAQ
Channels,FullStreamEnabled,Channel is selected for full-stream data.,nsu=urn:dune:pds:daphne;s=DAPHNE.Boards.{BoardId}.Channels.{Channel}.FullStreamEnabled,Boolean,N/A,Direct,None,,,,,,,,,,,,,,,Read-Only,Yes,5000,5000,"STATUS=CURRENT PROTOBUF | AUTHORITY=DAQ applies channel configuration through its OPC-UA role; SC receives the complete readback/monitoring set | INSTANCE=per channel; HD 0..39, VD 0..31 | SOURCE=ConfigureRequest.full_stream_channels | EXPOSURE=Baseline DCS | STATES=All states | ALARM=Run context | INTERLOCK=No | CONTROL_OWNER=DAQ",DAQ
Channels,TriggerThreshold,Applied 10-bit self-trigger threshold.,nsu=urn:dune:pds:daphne;s=DAPHNE.Boards.{BoardId}.Channels.{Channel}.TriggerThreshold,Integer,count,Direct,None,0,1023,,,,,,,,,,,,,Read-Only,Yes,5000,5000,"STATUS=CURRENT PROTOBUF | AUTHORITY=DAQ applies channel configuration through its OPC-UA role; SC receives the complete readback/monitoring set | INSTANCE=per channel; HD 0..39, VD 0..31 | SOURCE=TriggerChannelSnapshot.threshold | EXPOSURE=Baseline DCS | STATES=All states | ALARM=Run context | INTERLOCK=No | CONTROL_OWNER=DAQ",DAQ
Channels,TriggerRecordCount,Cumulative self-trigger record count.,nsu=urn:dune:pds:daphne;s=DAPHNE.Boards.{BoardId}.Channels.{Channel}.TriggerRecordCount,Long,count,Direct,None,,,,,,,,,,,,,,,Read-Only,Yes,30000,30000,"STATUS=CURRENT PROTOBUF | AUTHORITY=DAQ applies channel configuration through its OPC-UA role; SC receives the complete readback/monitoring set | INSTANCE=per channel; HD 0..39, VD 0..31 | SOURCE=TriggerChannelSnapshot.record_count | EXPOSURE=Baseline DCS | STATES=All states | ALARM=Run context | INTERLOCK=No | CONTROL_OWNER=DAQ",DAQ
Channels,TriggerBusyCount,Cumulative self-trigger busy count.,nsu=urn:dune:pds:daphne;s=DAPHNE.Boards.{BoardId}.Channels.{Channel}.TriggerBusyCount,Long,count,Direct,None,,,,,,,,,,,,,,,Read-Only,Yes,30000,30000,"STATUS=CURRENT PROTOBUF | AUTHORITY=DAQ applies channel configuration through its OPC-UA role; SC receives the complete readback/monitoring set | INSTANCE=per channel; HD 0..39, VD 0..31 | SOURCE=TriggerChannelSnapshot.busy_count | EXPOSURE=Baseline DCS | STATES=All states | ALARM=Run context | INTERLOCK=No | CONTROL_OWNER=DAQ",DAQ
Channels,TriggerFullCount,Cumulative self-trigger full count.,nsu=urn:dune:pds:daphne;s=DAPHNE.Boards.{BoardId}.Channels.{Channel}.TriggerFullCount,Long,count,Direct,None,,,,,,,,,,,,,,,Read-Only,Yes,30000,30000,"STATUS=CURRENT PROTOBUF | AUTHORITY=DAQ applies channel configuration through its OPC-UA role; SC receives the complete readback/monitoring set | INSTANCE=per channel; HD 0..39, VD 0..31 | SOURCE=TriggerChannelSnapshot.full_count | EXPOSURE=Baseline DCS | STATES=All states | ALARM=Run context | INTERLOCK=No | CONTROL_OWNER=DAQ",DAQ
Channels,TriggerRate,Derived trigger-record rate over the polling interval.,nsu=urn:dune:pds:daphne;s=DAPHNE.Boards.{BoardId}.Channels.{Channel}.TriggerRate,Double,Hz,Direct,None,,,,,,,,,,,,,,,Read-Only,Yes,5000,5000,"STATUS=REQUIRED PRODUCTION | AUTHORITY=DAQ applies channel configuration through its OPC-UA role; SC receives the complete readback/monitoring set | INSTANCE=per channel; HD 0..39, VD 0..31 | SOURCE=delta(record_count)/delta(time) | EXPOSURE=Baseline DCS | STATES=All states | ALARM=Run context | INTERLOCK=No | CONTROL_OWNER=DAQ",DAQ
Channels,BusyFraction,Derived busy-count fraction over the polling interval.,nsu=urn:dune:pds:daphne;s=DAPHNE.Boards.{BoardId}.Channels.{Channel}.BusyFraction,Double,%,Direct,None,,,,,,,,,,,,,,,Read-Only,Yes,5000,5000,"STATUS=REQUIRED PRODUCTION | AUTHORITY=DAQ applies channel configuration through its OPC-UA role; SC receives the complete readback/monitoring set | INSTANCE=per channel; HD 0..39, VD 0..31 | SOURCE=delta(busy)/defined opportunity denominator | EXPOSURE=Baseline DCS | STATES=All states | ALARM=Run context | INTERLOCK=No | CONTROL_OWNER=DAQ",DAQ
Channels,PacketCount,Cumulative per-channel packet count.,nsu=urn:dune:pds:daphne;s=DAPHNE.Boards.{BoardId}.Channels.{Channel}.PacketCount,Long,count,Direct,None,,,,,,,,,,,,,,,Read-Only,Yes,30000,30000,"STATUS=CURRENT PROTOBUF | AUTHORITY=DAQ applies channel configuration through its OPC-UA role; SC receives the complete readback/monitoring set | INSTANCE=per channel; HD 0..39, VD 0..31 | SOURCE=ChannelInfo.total_packets | EXPOSURE=Baseline DCS | STATES=All states | ALARM=Run context | INTERLOCK=No | CONTROL_OWNER=DAQ",DAQ
Channels,PacketRate,Derived per-channel packet rate.,nsu=urn:dune:pds:daphne;s=DAPHNE.Boards.{BoardId}.Channels.{Channel}.PacketRate,Double,Hz,Direct,None,,,,,,,,,,,,,,,Read-Only,Yes,5000,5000,"STATUS=REQUIRED PRODUCTION | AUTHORITY=DAQ applies channel configuration through its OPC-UA role; SC receives the complete readback/monitoring set | INSTANCE=per channel; HD 0..39, VD 0..31 | SOURCE=ChannelInfo.new_packets / interval | EXPOSURE=Baseline DCS | STATES=All states | ALARM=Run context | INTERLOCK=No | CONTROL_OWNER=DAQ",DAQ
Run Configuration,SelfTriggerThreshold,Applied aggregate/self-trigger threshold configuration word.,nsu=urn:dune:pds:daphne;s=DAPHNE.Boards.{BoardId}.Configuration.Active.SelfTriggerThreshold,Long,N/A,Direct,None,,,,,,,,,,,,,,,Read-Only,Yes,On-Change,30000,STATUS=CURRENT PROTOBUF | AUTHORITY=DAQ applies and verifies the run configuration through the OPC-UA gateway; SC monitors readback | INSTANCE=one per DAPHNE board | SOURCE=ConfigureRequest.self_trigger_threshold | EXPOSURE=Baseline DCS | STATES=All states | ALARM=Configuration mismatch | INTERLOCK=No | CONTROL_OWNER=DAQ,DAQ
Run Configuration,SelfTriggerXcorr,Applied cross-correlation trigger configuration.,nsu=urn:dune:pds:daphne;s=DAPHNE.Boards.{BoardId}.Configuration.Active.SelfTriggerXcorr,Long,N/A,Direct,None,,,,,,,,,,,,,,,Read-Only,Yes,On-Change,30000,STATUS=CURRENT PROTOBUF | AUTHORITY=DAQ applies and verifies the run configuration through the OPC-UA gateway; SC monitors readback | INSTANCE=one per DAPHNE board | SOURCE=ConfigureRequest.self_trigger_xcorr | EXPOSURE=Baseline DCS | STATES=All states | ALARM=Configuration mismatch | INTERLOCK=No | CONTROL_OWNER=DAQ,DAQ
Run Configuration,TriggerPrimitiveConfig,Applied trigger-primitive configuration word.,nsu=urn:dune:pds:daphne;s=DAPHNE.Boards.{BoardId}.Configuration.Active.TriggerPrimitiveConfig,Long,N/A,Direct,None,,,,,,,,,,,,,,,Read-Only,Yes,On-Change,30000,STATUS=CURRENT PROTOBUF | AUTHORITY=DAQ applies and verifies the run configuration through the OPC-UA gateway; SC monitors readback | INSTANCE=one per DAPHNE board | SOURCE=ConfigureRequest.tp_conf | EXPOSURE=Baseline DCS | STATES=All states | ALARM=Configuration mismatch | INTERLOCK=No | CONTROL_OWNER=DAQ,DAQ
Run Configuration,CompensatorMask,Applied AFE/channel compensator mask.,nsu=urn:dune:pds:daphne;s=DAPHNE.Boards.{BoardId}.Configuration.Active.CompensatorMask,Long,N/A,Direct,None,,,,,,,,,,,,,,,Read-Only,Yes,On-Change,30000,STATUS=CURRENT PROTOBUF | AUTHORITY=DAQ applies and verifies the run configuration through the OPC-UA gateway; SC monitors readback | INSTANCE=one per DAPHNE board | SOURCE=ConfigureRequest.compensator | EXPOSURE=Baseline DCS | STATES=All states | ALARM=Configuration mismatch | INTERLOCK=No | CONTROL_OWNER=DAQ,DAQ
Run Configuration,InverterMask,Applied AFE/channel inverter mask.,nsu=urn:dune:pds:daphne;s=DAPHNE.Boards.{BoardId}.Configuration.Active.InverterMask,Long,N/A,Direct,None,,,,,,,,,,,,,,,Read-Only,Yes,On-Change,30000,STATUS=CURRENT PROTOBUF | AUTHORITY=DAQ applies and verifies the run configuration through the OPC-UA gateway; SC monitors readback | INSTANCE=one per DAPHNE board | SOURCE=ConfigureRequest.inverters | EXPOSURE=Baseline DCS | STATES=All states | ALARM=Configuration mismatch | INTERLOCK=No | CONTROL_OWNER=DAQ,DAQ
Run Configuration,FullStreamChannelList,Applied full-stream channel list.,nsu=urn:dune:pds:daphne;s=DAPHNE.Boards.{BoardId}.Configuration.Active.FullStreamChannelList,String,N/A,Direct,None,,,,,,,,,,,,,,,Read-Only,Yes,On-Change,30000,STATUS=CURRENT PROTOBUF | AUTHORITY=DAQ applies and verifies the run configuration through the OPC-UA gateway; SC monitors readback | INSTANCE=one per DAPHNE board | SOURCE=ConfigureRequest.full_stream_channels | EXPOSURE=Baseline DCS | STATES=All states | ALARM=Configuration mismatch | INTERLOCK=No | CONTROL_OWNER=DAQ,DAQ
Run Configuration,Slot,Applied DAQ slot identity.,nsu=urn:dune:pds:daphne;s=DAPHNE.Boards.{BoardId}.Configuration.Active.Slot,Integer,N/A,Direct,None,,,,,,,,,,,,,,,Read-Only,Yes,On-Change,30000,STATUS=CURRENT PROTOBUF | AUTHORITY=DAQ applies and verifies the run configuration through the OPC-UA gateway; SC monitors readback | INSTANCE=one per DAPHNE board | SOURCE=ConfigureRequest.slot | EXPOSURE=Baseline DCS | STATES=All states | ALARM=Configuration mismatch | INTERLOCK=No | CONTROL_OWNER=DAQ,DAQ
Run Configuration,RequestTimeoutMs,Applied bounded command timeout.,nsu=urn:dune:pds:daphne;s=DAPHNE.Boards.{BoardId}.Configuration.Active.RequestTimeoutMs,Integer,N/A,Direct,None,,,,,,,,,,,,,,,Read-Only,Yes,On-Change,30000,STATUS=CURRENT PROTOBUF | AUTHORITY=DAQ applies and verifies the run configuration through the OPC-UA gateway; SC monitors readback | INSTANCE=one per DAPHNE board | SOURCE=ConfigureRequest.timeout_ms | EXPOSURE=Baseline DCS | STATES=All states | ALARM=Configuration mismatch | INTERLOCK=No | CONTROL_OWNER=DAQ,DAQ
Run Configuration,BiasControl,Applied board bias-control configuration word.,nsu=urn:dune:pds:daphne;s=DAPHNE.Boards.{BoardId}.Configuration.Active.BiasControl,Integer,N/A,Direct,None,,,,,,,,,,,,,,,Read-Only,Yes,On-Change,30000,STATUS=CURRENT PROTOBUF | AUTHORITY=DAQ applies and verifies the run configuration through the OPC-UA gateway; SC monitors readback | INSTANCE=one per DAPHNE board | SOURCE=ConfigureRequest.biasctrl | EXPOSURE=Baseline DCS | STATES=All states | ALARM=Configuration mismatch | INTERLOCK=No | CONTROL_OWNER=DAQ,DAQ
Run Configuration,SelfTriggerConfigRaw,Raw self-trigger configuration register.,nsu=urn:dune:pds:daphne;s=DAPHNE.Boards.{BoardId}.Configuration.Active.SelfTriggerConfigRaw,Integer,N/A,Direct,None,,,,,,,,,,,,,,,Read-Only,Yes,On-Change,30000,STATUS=LOCAL READABLE | AUTHORITY=DAQ applies and verifies the run configuration through the OPC-UA gateway; SC monitors readback | INSTANCE=one per DAPHNE board | SOURCE=stuffregs.OFF_ST_CONFIG | EXPOSURE=Baseline DCS | STATES=All states | ALARM=Configuration mismatch | INTERLOCK=No | CONTROL_OWNER=DAQ,DAQ
Run Configuration,SelfTriggerDelayRaw,Raw self-trigger delay register.,nsu=urn:dune:pds:daphne;s=DAPHNE.Boards.{BoardId}.Configuration.Active.SelfTriggerDelayRaw,Integer,N/A,Direct,None,,,,,,,,,,,,,,,Read-Only,Yes,On-Change,30000,STATUS=LOCAL READABLE | AUTHORITY=DAQ applies and verifies the run configuration through the OPC-UA gateway; SC monitors readback | INSTANCE=one per DAPHNE board | SOURCE=stuffregs.OFF_ST_DELAY | EXPOSURE=Baseline DCS | STATES=All states | ALARM=Configuration mismatch | INTERLOCK=No | CONTROL_OWNER=DAQ,DAQ
Run Configuration,SelfTriggerFilterOutputSelect,Raw self-trigger filter output selection.,nsu=urn:dune:pds:daphne;s=DAPHNE.Boards.{BoardId}.Configuration.Active.SelfTriggerFilterOutputSelect,Integer,N/A,Direct,None,,,,,,,,,,,,,,,Read-Only,Yes,On-Change,30000,STATUS=LOCAL READABLE | AUTHORITY=DAQ applies and verifies the run configuration through the OPC-UA gateway; SC monitors readback | INSTANCE=one per DAPHNE board | SOURCE=stuffregs.OFF_ST_FILTER_OUTPUT_SEL | EXPOSURE=Baseline DCS | STATES=All states | ALARM=Configuration mismatch | INTERLOCK=No | CONTROL_OWNER=DAQ,DAQ
Spy Trigger,SourceSelector,"Selected spy-buffer trigger source: 0 Software, 1 External, 2 TimingAdHoc, or 3 LegacyOrAll.",nsu=urn:dune:pds:daphne;s=DAPHNE.Boards.{BoardId}.Spy.Trigger.SourceSelector,Integer,N/A,Direct,decode FRONT_END_S_AXI+0x34 bits [1:0],0,3,3,0,3,N/A (categorical),N/A (categorical),N/A (categorical),N/A (categorical),N/A (categorical),N/A (categorical),0,5,"No protection interlock. Reject values outside 0..3; if the readback differs from the active Run Control profile for 5 s, alarm and mark the spy-buffer configuration mismatched.",Read-Only,Yes,On-Change,5000,STATUS=LOCAL READABLE | AUTHORITY=DAQ OPC-UA configuration; SC monitoring | INSTANCE=one per DAPHNE board | SOURCE=daphne-firmware working tree: spy_trigger_ctrl_reg[1:0] at 0x88000034 | EXPOSURE=Baseline DCS readback; write only through guarded typed operation | STATES=All states | ALARM=Spy-buffer configuration | INTERLOCK=Context | CONTROL_OWNER=DAQ | ENUM=0 Software; 1 External; 2 TimingAdHoc; 3 LegacyOrAll. RESET/NOMINAL=3 for backward compatibility; the operational target is supplied directly by the active DAQ profile. This is distinct from SelfTriggerFilterOutputSelect at 0x94000034.,DAQ
Spy Trigger,Inhibit,"Spy-buffer trigger inhibit; true blocks software, external, and timing/ad-hoc triggers before capture.",nsu=urn:dune:pds:daphne;s=DAPHNE.Boards.{BoardId}.Spy.Trigger.Inhibit,Boolean,N/A,Direct,decode FRONT_END_S_AXI+0x34 bit [2],0,1,false,false,false,N/A (Boolean),N/A (Boolean),N/A (Boolean),true,N/A (Boolean),N/A (not a DPS trip),0,5,"No DPS hard-interlock action. If true outside a guarded source change or approved inhibited state for 5 s, alarm and mark spy-buffer capture not ready.",Read-Only,Yes,On-Change,5000,STATUS=LOCAL READABLE | AUTHORITY=DAQ OPC-UA configuration; SC monitoring | INSTANCE=one per DAPHNE board | SOURCE=daphne-firmware working tree: spy_trigger_ctrl_reg[2] at 0x88000034 | EXPOSURE=Baseline DCS readback; write only through guarded typed operation | STATES=All states | ALARM=Spy capture inhibited | INTERLOCK=Context | CONTROL_OWNER=DAQ | RESET/NOMINAL=False. True is allowed transiently during an atomic source change and may be held only by an approved DAQ/expert configuration. This inhibits spy-buffer capture triggers only and is not a DPS hard inhibit.,DAQ
Readout Stream,TotalPackets,Cumulative packets offered/sent by the DAPHNE stream.,nsu=urn:dune:pds:daphne;s=DAPHNE.Boards.{BoardId}.Readout.Stream.TotalPackets,Long,count,Direct,None,,,,,,,,,,,,,,,Read-Only,Yes,5000,5000,STATUS=CURRENT PROTOBUF | AUTHORITY=Read-only; DAQ owns data-path recovery | INSTANCE=one per DAPHNE board | SOURCE=InfoResponse.StreamInfo plus required gateware/Hermes health | EXPOSURE=Baseline DCS | STATES=All states | ALARM=Readout readiness | INTERLOCK=No | CONTROL_OWNER=DAQ,DAQ
Readout Stream,NewPackets,Packets observed during the latest monitoring interval.,nsu=urn:dune:pds:daphne;s=DAPHNE.Boards.{BoardId}.Readout.Stream.NewPackets,Long,count,Direct,None,,,,,,,,,,,,,,,Read-Only,Yes,5000,5000,STATUS=CURRENT PROTOBUF | AUTHORITY=Read-only; DAQ owns data-path recovery | INSTANCE=one per DAPHNE board | SOURCE=InfoResponse.StreamInfo plus required gateware/Hermes health | EXPOSURE=Baseline DCS | STATES=All states | ALARM=Readout readiness | INTERLOCK=No | CONTROL_OWNER=DAQ,DAQ
Readout Stream,TotalDroppedPackets,Cumulative dropped packets.,nsu=urn:dune:pds:daphne;s=DAPHNE.Boards.{BoardId}.Readout.Stream.TotalDroppedPackets,Long,count,Direct,None,,,,,,,,,,,,,,,Read-Only,Yes,5000,5000,STATUS=CURRENT PROTOBUF | AUTHORITY=Read-only; DAQ owns data-path recovery | INSTANCE=one per DAPHNE board | SOURCE=InfoResponse.StreamInfo plus required gateware/Hermes health | EXPOSURE=Baseline DCS | STATES=All states | ALARM=Readout readiness | INTERLOCK=No | CONTROL_OWNER=DAQ,DAQ
Readout Stream,NewDroppedPackets,Dropped packets in the latest monitoring interval.,nsu=urn:dune:pds:daphne;s=DAPHNE.Boards.{BoardId}.Readout.Stream.NewDroppedPackets,Long,count,Direct,None,,,,,,,,,,,,,,,Read-Only,Yes,5000,5000,STATUS=CURRENT PROTOBUF | AUTHORITY=Read-only; DAQ owns data-path recovery | INSTANCE=one per DAPHNE board | SOURCE=InfoResponse.StreamInfo plus required gateware/Hermes health | EXPOSURE=Baseline DCS | STATES=All states | ALARM=Readout readiness | INTERLOCK=No | CONTROL_OWNER=DAQ,DAQ
Readout Stream,PacketRate,Derived packet rate.,nsu=urn:dune:pds:daphne;s=DAPHNE.Boards.{BoardId}.Readout.Stream.PacketRate,Double,Hz,Direct,None,,,,,,,,,,,,,,,Read-Only,Yes,5000,5000,STATUS=REQUIRED PRODUCTION | AUTHORITY=Read-only; DAQ owns data-path recovery | INSTANCE=one per DAPHNE board | SOURCE=InfoResponse.StreamInfo plus required gateware/Hermes health | EXPOSURE=Baseline DCS | STATES=All states | ALARM=Readout readiness | INTERLOCK=No | CONTROL_OWNER=DAQ,DAQ
Readout Stream,DropRate,Derived dropped-packet rate.,nsu=urn:dune:pds:daphne;s=DAPHNE.Boards.{BoardId}.Readout.Stream.DropRate,Double,Hz,Direct,None,,,,,,,,,,,,,,,Read-Only,Yes,5000,5000,STATUS=REQUIRED PRODUCTION | AUTHORITY=Read-only; DAQ owns data-path recovery | INSTANCE=one per DAPHNE board | SOURCE=InfoResponse.StreamInfo plus required gateware/Hermes health | EXPOSURE=Baseline DCS | STATES=All states | ALARM=Readout readiness | INTERLOCK=No | CONTROL_OWNER=DAQ,DAQ
Readout Stream,DropFraction,Derived fraction of offered packets dropped.,nsu=urn:dune:pds:daphne;s=DAPHNE.Boards.{BoardId}.Readout.Stream.DropFraction,Double,%,Direct,None,,,,,,,,,,,,,,,Read-Only,Yes,5000,5000,STATUS=REQUIRED PRODUCTION | AUTHORITY=Read-only; DAQ owns data-path recovery | INSTANCE=one per DAPHNE board | SOURCE=InfoResponse.StreamInfo plus required gateware/Hermes health | EXPOSURE=Baseline DCS | STATES=All states | ALARM=Readout readiness | INTERLOCK=No | CONTROL_OWNER=DAQ,DAQ
Readout Stream,ThrottlingActive,Readout throttling is currently active.,nsu=urn:dune:pds:daphne;s=DAPHNE.Boards.{BoardId}.Readout.Stream.ThrottlingActive,Boolean,N/A,Direct,None,,,,,,,,,,,,,,,Read-Only,Yes,5000,5000,STATUS=REQUIRED PRODUCTION | AUTHORITY=Read-only; DAQ owns data-path recovery | INSTANCE=one per DAPHNE board | SOURCE=InfoResponse.StreamInfo plus required gateware/Hermes health | EXPOSURE=Baseline DCS | STATES=All states | ALARM=Readout readiness | INTERLOCK=No | CONTROL_OWNER=DAQ,DAQ
Readout Stream,ThrottleEventCount,Cumulative throttling events.,nsu=urn:dune:pds:daphne;s=DAPHNE.Boards.{BoardId}.Readout.Stream.ThrottleEventCount,Long,count,Direct,None,,,,,,,,,,,,,,,Read-Only,Yes,5000,5000,STATUS=REQUIRED PRODUCTION | AUTHORITY=Read-only; DAQ owns data-path recovery | INSTANCE=one per DAPHNE board | SOURCE=InfoResponse.StreamInfo plus required gateware/Hermes health | EXPOSURE=Baseline DCS | STATES=All states | ALARM=Readout readiness | INTERLOCK=No | CONTROL_OWNER=DAQ,DAQ
Readout Stream,DataPathStale,Readout datapath heartbeat/counters are not advancing as expected.,nsu=urn:dune:pds:daphne;s=DAPHNE.Boards.{BoardId}.Readout.Stream.DataPathStale,Boolean,N/A,Direct,None,,,,,,,,,,,,,,,Read-Only,Yes,5000,5000,STATUS=REQUIRED PRODUCTION | AUTHORITY=Read-only; DAQ owns data-path recovery | INSTANCE=one per DAPHNE board | SOURCE=InfoResponse.StreamInfo plus required gateware/Hermes health | EXPOSURE=Baseline DCS | STATES=All states | ALARM=Readout readiness | INTERLOCK=No | CONTROL_OWNER=DAQ,DAQ
10GbE Readout,Provisioned,10 GbE lane is provisioned for this board.,nsu=urn:dune:pds:daphne;s=DAPHNE.Boards.{BoardId}.Readout.Links.{DataLink}.Provisioned,Boolean,N/A,Direct,None,,,,,,,,,,,,,,,Read-Only,Yes,On-Change,5000,STATUS=REQUIRED PRODUCTION | AUTHORITY=DAQ supplies the readout-link profile through the OPC-UA gateway and monitors the data plane; SC receives health readback | INSTANCE=per provisioned 10 GbE data lane; hardware supports up to four | SOURCE=Hermes/10GbE gateware health contract | EXPOSURE=Baseline DCS | STATES=All states | ALARM=Readout link fault | INTERLOCK=No | CONTROL_OWNER=DAQ,DAQ
10GbE Readout,Enabled,Lane transmitter is enabled.,nsu=urn:dune:pds:daphne;s=DAPHNE.Boards.{BoardId}.Readout.Links.{DataLink}.Enabled,Boolean,N/A,Direct,None,,,,,,,,,,,,,,,Read-Only,Yes,On-Change,5000,STATUS=REQUIRED PRODUCTION | AUTHORITY=DAQ supplies the readout-link profile through the OPC-UA gateway and monitors the data plane; SC receives health readback | INSTANCE=per provisioned 10 GbE data lane; hardware supports up to four | SOURCE=Hermes/10GbE gateware health contract | EXPOSURE=Baseline DCS | STATES=All states | ALARM=Readout link fault | INTERLOCK=No | CONTROL_OWNER=DAQ,DAQ
10GbE Readout,LinkReady,Lane clock/reset/PCS path is ready.,nsu=urn:dune:pds:daphne;s=DAPHNE.Boards.{BoardId}.Readout.Links.{DataLink}.LinkReady,Boolean,N/A,Direct,None,,,,,,,,,,,,,,,Read-Only,Yes,On-Change,5000,STATUS=REQUIRED PRODUCTION | AUTHORITY=DAQ supplies the readout-link profile through the OPC-UA gateway and monitors the data plane; SC receives health readback | INSTANCE=per provisioned 10 GbE data lane; hardware supports up to four | SOURCE=Hermes/10GbE gateware health contract | EXPOSURE=Baseline DCS | STATES=All states | ALARM=Readout link fault | INTERLOCK=No | CONTROL_OWNER=DAQ,DAQ
10GbE Readout,LocalFault,10 GbE local fault indication.,nsu=urn:dune:pds:daphne;s=DAPHNE.Boards.{BoardId}.Readout.Links.{DataLink}.LocalFault,Boolean,N/A,Direct,None,,,,,,,,,,,,,,,Read-Only,Yes,On-Change,5000,STATUS=REQUIRED PRODUCTION | AUTHORITY=DAQ supplies the readout-link profile through the OPC-UA gateway and monitors the data plane; SC receives health readback | INSTANCE=per provisioned 10 GbE data lane; hardware supports up to four | SOURCE=Hermes/10GbE gateware health contract | EXPOSURE=Baseline DCS | STATES=All states | ALARM=Readout link fault | INTERLOCK=No | CONTROL_OWNER=DAQ,DAQ
10GbE Readout,RemoteFault,10 GbE remote fault indication.,nsu=urn:dune:pds:daphne;s=DAPHNE.Boards.{BoardId}.Readout.Links.{DataLink}.RemoteFault,Boolean,N/A,Direct,None,,,,,,,,,,,,,,,Read-Only,Yes,On-Change,5000,STATUS=REQUIRED PRODUCTION | AUTHORITY=DAQ supplies the readout-link profile through the OPC-UA gateway and monitors the data plane; SC receives health readback | INSTANCE=per provisioned 10 GbE data lane; hardware supports up to four | SOURCE=Hermes/10GbE gateware health contract | EXPOSURE=Baseline DCS | STATES=All states | ALARM=Readout link fault | INTERLOCK=No | CONTROL_OWNER=DAQ,DAQ
10GbE Readout,TxPacketCount,Cumulative packets on this lane.,nsu=urn:dune:pds:daphne;s=DAPHNE.Boards.{BoardId}.Readout.Links.{DataLink}.TxPacketCount,Long,N/A,Direct,None,,,,,,,,,,,,,,,Read-Only,Yes,On-Change,5000,STATUS=REQUIRED PRODUCTION | AUTHORITY=DAQ supplies the readout-link profile through the OPC-UA gateway and monitors the data plane; SC receives health readback | INSTANCE=per provisioned 10 GbE data lane; hardware supports up to four | SOURCE=Hermes/10GbE gateware health contract | EXPOSURE=Baseline DCS | STATES=All states | ALARM=Readout link fault | INTERLOCK=No | CONTROL_OWNER=DAQ,DAQ
10GbE Readout,TxByteCount,Cumulative bytes on this lane.,nsu=urn:dune:pds:daphne;s=DAPHNE.Boards.{BoardId}.Readout.Links.{DataLink}.TxByteCount,Long,byte,Direct,None,,,,,,,,,,,,,,,Read-Only,Yes,On-Change,5000,STATUS=REQUIRED PRODUCTION | AUTHORITY=DAQ supplies the readout-link profile through the OPC-UA gateway and monitors the data plane; SC receives health readback | INSTANCE=per provisioned 10 GbE data lane; hardware supports up to four | SOURCE=Hermes/10GbE gateware health contract | EXPOSURE=Baseline DCS | STATES=All states | ALARM=Readout link fault | INTERLOCK=No | CONTROL_OWNER=DAQ,DAQ
10GbE Readout,ErrorCount,Cumulative lane/PCS errors.,nsu=urn:dune:pds:daphne;s=DAPHNE.Boards.{BoardId}.Readout.Links.{DataLink}.ErrorCount,Long,N/A,Direct,None,,,,,,,,,,,,,,,Read-Only,Yes,On-Change,5000,STATUS=REQUIRED PRODUCTION | AUTHORITY=DAQ supplies the readout-link profile through the OPC-UA gateway and monitors the data plane; SC receives health readback | INSTANCE=per provisioned 10 GbE data lane; hardware supports up to four | SOURCE=Hermes/10GbE gateware health contract | EXPOSURE=Baseline DCS | STATES=All states | ALARM=Readout link fault | INTERLOCK=No | CONTROL_OWNER=DAQ,DAQ
10GbE Readout,DestinationIp,Configured DAQ destination IP.,nsu=urn:dune:pds:daphne;s=DAPHNE.Boards.{BoardId}.Readout.Links.{DataLink}.DestinationIp,String,N/A,Direct,None,,,,,,,,,,,,,,,Read-Only,Yes,On-Change,5000,STATUS=REQUIRED PRODUCTION | AUTHORITY=DAQ supplies the readout-link profile through the OPC-UA gateway and monitors the data plane; SC receives health readback | INSTANCE=per provisioned 10 GbE data lane; hardware supports up to four | SOURCE=Hermes/10GbE gateware health contract | EXPOSURE=Baseline DCS | STATES=All states | ALARM=Readout link fault | INTERLOCK=No | CONTROL_OWNER=DAQ,DAQ
10GbE Readout,DestinationPort,Configured DAQ destination UDP port.,nsu=urn:dune:pds:daphne;s=DAPHNE.Boards.{BoardId}.Readout.Links.{DataLink}.DestinationPort,Integer,N/A,Direct,None,,,,,,,,,,,,,,,Read-Only,Yes,On-Change,5000,STATUS=REQUIRED PRODUCTION | AUTHORITY=DAQ supplies the readout-link profile through the OPC-UA gateway and monitors the data plane; SC receives health readback | INSTANCE=per provisioned 10 GbE data lane; hardware supports up to four | SOURCE=Hermes/10GbE gateware health contract | EXPOSURE=Baseline DCS | STATES=All states | ALARM=Readout link fault | INTERLOCK=No | CONTROL_OWNER=DAQ,DAQ
10GbE Readout,MtuBytes,Configured jumbo-frame MTU.,nsu=urn:dune:pds:daphne;s=DAPHNE.Boards.{BoardId}.Readout.Links.{DataLink}.MtuBytes,Integer,byte,Direct,None,,,,,,,,,,,,,,,Read-Only,Yes,On-Change,5000,STATUS=REQUIRED PRODUCTION | AUTHORITY=DAQ supplies the readout-link profile through the OPC-UA gateway and monitors the data plane; SC receives health readback | INSTANCE=per provisioned 10 GbE data lane; hardware supports up to four | SOURCE=Hermes/10GbE gateware health contract | EXPOSURE=Baseline DCS | STATES=All states | ALARM=Readout link fault | INTERLOCK=No | CONTROL_OWNER=DAQ,DAQ
Operation,RequestSafeState,Method: Request the agreed DAPHNE safe state without supplying a competing run configuration.,nsu=urn:dune:pds:daphne;s=DAPHNE.Boards.{BoardId}.Operations.Methods.RequestSafeState,String,N/A,Direct,None,,,,,,,,,,,,,,,Write-Only,No,On-Change,1000,"STATUS=REQUIRED PRODUCTION | AUTHORITY=Slow Controls/DPS | INSTANCE=one per DAPHNE board | SOURCE=Workbook-driven OPC-UA policy; gateway backend adapter where mapped | EXPOSURE=Baseline controlled | STATES=Normal, Running, Fault | ALARM=Command audit | INTERLOCK=Guarded | CONTROL_OWNER=Slow Controls / DPS | Method result is acceptance/rejection; physical completion requires Operations.LastCommand* and the named readbacks.",Slow Controls / DPS
Operation,AcknowledgeRecovery,Method: Acknowledge SC recovery conditions; DAQ must still perform a fresh configure.,nsu=urn:dune:pds:daphne;s=DAPHNE.Boards.{BoardId}.Operations.Methods.AcknowledgeRecovery,String,N/A,Direct,None,,,,,,,,,,,,,,,Write-Only,No,On-Change,1000,STATUS=REQUIRED PRODUCTION | AUTHORITY=Slow Controls | INSTANCE=one per DAPHNE board | SOURCE=Workbook-driven OPC-UA policy; gateway backend adapter where mapped | EXPOSURE=Baseline controlled | STATES=Recovery | ALARM=Command audit | INTERLOCK=Guarded | CONTROL_OWNER=Slow Controls | Method result is acceptance/rejection; physical completion requires Operations.LastCommand* and the named readbacks.,Slow Controls
Operation,ConfigureRun,Method: Apply the complete versioned DAPHNE run configuration from the authenticated DAQ OPC-UA role.,nsu=urn:dune:pds:daphne;s=DAPHNE.Boards.{BoardId}.Operations.Methods.ConfigureRun,String,N/A,Direct,None,,,,,,,,,,,,,,,Write-Only,No,On-Change,1000,STATUS=CURRENT PROTOBUF | AUTHORITY=DAQ | INSTANCE=one per DAPHNE board | SOURCE=Workbook-driven OPC-UA policy; gateway backend adapter where mapped | EXPOSURE=DAQ OPC-UA role only; not an Ignition operator button | STATES=Configure/Calibration | ALARM=Command audit | INTERLOCK=Guarded | CONTROL_OWNER=DAQ | Method result is acceptance/rejection; physical completion requires Operations.LastCommand* and the named readbacks.,DAQ
Operation,ConfigureClocks,Method: Apply endpoint address/clock-source configuration and bounded resets.,nsu=urn:dune:pds:daphne;s=DAPHNE.Boards.{BoardId}.Operations.Methods.ConfigureClocks,String,N/A,Direct,None,,,,,,,,,,,,,,,Write-Only,No,On-Change,1000,STATUS=CURRENT PROTOBUF | AUTHORITY=DAQ/DTS; PDS expert in maintenance | INSTANCE=one per DAPHNE board | SOURCE=Workbook-driven OPC-UA policy; gateway backend adapter where mapped | EXPOSURE=DAQ/DTS OPC-UA roles only | STATES=Configure/Maintenance | ALARM=Command audit | INTERLOCK=Guarded | CONTROL_OWNER=DAQ / DTS | Method result is acceptance/rejection; physical completion requires Operations.LastCommand* and the named readbacks.,DAQ / DTS
Operation,ConfigureFrontend,Method: Apply DAQ-owned AFE and per-channel configuration atomically/staged.,nsu=urn:dune:pds:daphne;s=DAPHNE.Boards.{BoardId}.Operations.Methods.ConfigureFrontend,String,N/A,Direct,None,,,,,,,,,,,,,,,Write-Only,No,On-Change,1000,STATUS=CURRENT PROTOBUF | AUTHORITY=DAQ | INSTANCE=one per DAPHNE board | SOURCE=Workbook-driven OPC-UA policy; gateway backend adapter where mapped | EXPOSURE=DAQ OPC-UA role only; not a casual operator write | STATES=Configure/Calibration | ALARM=Command audit | INTERLOCK=Guarded | CONTROL_OWNER=DAQ | Method result is acceptance/rejection; physical completion requires Operations.LastCommand* and the named readbacks.,DAQ
Operation,SetControlledBias,Method: Set the DAQ-owned numerical AFE bias target using the bounded closed-loop controller; SC separately owns bias enable and permits.,nsu=urn:dune:pds:daphne;s=DAPHNE.Boards.{BoardId}.Operations.Methods.SetControlledBias,String,N/A,Direct,None,,,,,,,,,,,,,,,Write-Only,No,On-Change,1000,STATUS=CURRENT PROTOBUF | AUTHORITY=DAQ | INSTANCE=one per DAPHNE board | SOURCE=Workbook-driven OPC-UA policy; gateway backend adapter where mapped | EXPOSURE=DAQ OPC-UA role only; requires SC/DPS permit | STATES=Configure/Calibration | ALARM=Command audit | INTERLOCK=Guarded | CONTROL_OWNER=DAQ | Method result is acceptance/rejection; physical completion requires Operations.LastCommand* and the named readbacks.,DAQ
Operation,SetAfePowerState,Method: Set SC-owned AFE global power state with preflight and readback.,nsu=urn:dune:pds:daphne;s=DAPHNE.Boards.{BoardId}.Operations.Methods.SetAfePowerState,String,N/A,Direct,None,,,,,,,,,,,,,,,Write-Only,No,On-Change,1000,STATUS=CURRENT PROTOBUF | AUTHORITY=Slow Controls; DPS may inhibit | INSTANCE=one per DAPHNE board | SOURCE=Workbook-driven OPC-UA policy; gateway backend adapter where mapped | EXPOSURE=SC OPC-UA role only | STATES=Off/Standby/Configure/Maintenance | ALARM=Command audit | INTERLOCK=Guarded | CONTROL_OWNER=Slow Controls | Method result is acceptance/rejection; physical completion requires Operations.LastCommand* and the named readbacks.,Slow Controls
Operation,ResetAfe,Method: Perform a DAQ configuration reset of an AFE and verify postconditions.,nsu=urn:dune:pds:daphne;s=DAPHNE.Boards.{BoardId}.Operations.Methods.ResetAfe,String,N/A,Direct,None,,,,,,,,,,,,,,,Write-Only,No,On-Change,1000,STATUS=CURRENT PROTOBUF | AUTHORITY=DAQ; PDS expert in maintenance | INSTANCE=one per DAPHNE board | SOURCE=Workbook-driven OPC-UA policy; gateway backend adapter where mapped | EXPOSURE=DAQ OPC-UA role only | STATES=Configure/Maintenance | ALARM=Command audit | INTERLOCK=Guarded | CONTROL_OWNER=DAQ | Method result is acceptance/rejection; physical completion requires Operations.LastCommand* and the named readbacks.,DAQ
Operation,AlignAfes,Method: Run DAQ-owned AFE delay/bitslip alignment and return selected settings.,nsu=urn:dune:pds:daphne;s=DAPHNE.Boards.{BoardId}.Operations.Methods.AlignAfes,String,N/A,Direct,None,,,,,,,,,,,,,,,Write-Only,No,On-Change,1000,STATUS=CURRENT PROTOBUF | AUTHORITY=DAQ; PDS expert in maintenance | INSTANCE=one per DAPHNE board | SOURCE=Workbook-driven OPC-UA policy; gateway backend adapter where mapped | EXPOSURE=DAQ OPC-UA role only | STATES=Configure/Maintenance | ALARM=Command audit | INTERLOCK=Guarded | CONTROL_OWNER=DAQ | Method result is acceptance/rejection; physical completion requires Operations.LastCommand* and the named readbacks.,DAQ
Operation,SetHdMezzPowerStates,Method: Set paired 5 V and 3.3 V HD-mezzanine rail requests.,nsu=urn:dune:pds:daphne;s=DAPHNE.Boards.{BoardId}.Operations.Methods.SetHdMezzPowerStates,String,N/A,Direct,None,,,,,,,,,,,,,,,Write-Only,No,On-Change,1000,STATUS=CURRENT PROTOBUF | AUTHORITY=Slow Controls | INSTANCE=one per DAPHNE board | SOURCE=Workbook-driven OPC-UA policy; gateway backend adapter where mapped | EXPOSURE=Baseline controlled after commissioning | STATES=Off/Standby/Configure/Maintenance | ALARM=Command audit | INTERLOCK=Guarded | CONTROL_OWNER=Slow Controls | Method result is acceptance/rejection; physical completion requires Operations.LastCommand* and the named readbacks.,Slow Controls
Operation,ConfigureHdMezzProtection,Method: Configure shunts/current scales/shutdown limits.,nsu=urn:dune:pds:daphne;s=DAPHNE.Boards.{BoardId}.Operations.Methods.ConfigureHdMezzProtection,String,N/A,Direct,None,,,,,,,,,,,,,,,Write-Only,No,On-Change,1000,STATUS=EXCLUDED FROM ROUTINE DCS | AUTHORITY=Slow Controls with PDS expert role | INSTANCE=one per DAPHNE board | SOURCE=Workbook-driven OPC-UA policy; gateway backend adapter where mapped | EXPOSURE=SC expert only | STATES=Maintenance only | ALARM=Command audit | INTERLOCK=Guarded | CONTROL_OWNER=Slow Controls | Method result is acceptance/rejection; physical completion requires Operations.LastCommand* and the named readbacks.,Slow Controls
Operation,ClearHdMezzAlert,Method: Clear cached/latching HD-mezzanine alert only after the cause is removed.,nsu=urn:dune:pds:daphne;s=DAPHNE.Boards.{BoardId}.Operations.Methods.ClearHdMezzAlert,String,N/A,Direct,None,,,,,,,,,,,,,,,Write-Only,No,On-Change,1000,STATUS=CURRENT PROTOBUF | AUTHORITY=Slow Controls with PDS expert role where required | INSTANCE=one per DAPHNE board | SOURCE=Workbook-driven OPC-UA policy; gateway backend adapter where mapped | EXPOSURE=SC OPC-UA role; restricted | STATES=Recovery/Maintenance | ALARM=Command audit | INTERLOCK=Guarded | CONTROL_OWNER=Slow Controls | Method result is acceptance/rejection; physical completion requires Operations.LastCommand* and the named readbacks.,Slow Controls
Operation,SetFanOverride,Method: Apply a bounded maintenance fan PWM override; automatic control is default.,nsu=urn:dune:pds:daphne;s=DAPHNE.Boards.{BoardId}.Operations.Methods.SetFanOverride,String,N/A,Direct,None,,,,,,,,,,,,,,,Write-Only,No,On-Change,1000,STATUS=EXCLUDED FROM ROUTINE DCS | AUTHORITY=Slow Controls with PDS expert role | INSTANCE=one per DAPHNE board | SOURCE=Workbook-driven OPC-UA policy; gateway backend adapter where mapped | EXPOSURE=SC expert only | STATES=Maintenance only | ALARM=Command audit | INTERLOCK=Guarded | CONTROL_OWNER=Slow Controls | Method result is acceptance/rejection; physical completion requires Operations.LastCommand* and the named readbacks.,Slow Controls
Operation,ScrapEndpoint,"Method: Release DAQ resources, disable data links and restore the agreed non-taking analog profile without changing SC-owned power.",nsu=urn:dune:pds:daphne;s=DAPHNE.Boards.{BoardId}.Operations.Methods.ScrapEndpoint,String,N/A,Direct,None,,,,,,,,,,,,,,,Write-Only,No,On-Change,1000,STATUS=CURRENT PROTOBUF | AUTHORITY=DAQ | INSTANCE=one per DAPHNE board | SOURCE=Workbook-driven OPC-UA policy; gateway backend adapter where mapped | EXPOSURE=DAQ OPC-UA role only | STATES=Stopped/Configure | ALARM=Command audit | INTERLOCK=Guarded | CONTROL_OWNER=DAQ | Method result is acceptance/rejection; physical completion requires Operations.LastCommand* and the named readbacks.,DAQ
Operation,SoftwareTrigger,Method: Issue a diagnostic software trigger.,nsu=urn:dune:pds:daphne;s=DAPHNE.Boards.{BoardId}.Operations.Methods.SoftwareTrigger,String,N/A,Direct,None,,,,,,,,,,,,,,,Write-Only,No,On-Change,1000,STATUS=CURRENT PROTOBUF | AUTHORITY=DAQ; PDS expert in maintenance | INSTANCE=one per DAPHNE board | SOURCE=Workbook-driven OPC-UA policy; gateway backend adapter where mapped | EXPOSURE=DAQ OPC-UA role; not routine DCS | STATES=Calibration/Maintenance | ALARM=Command audit | INTERLOCK=Guarded | CONTROL_OWNER=DAQ | Method result is acceptance/rejection; physical completion requires Operations.LastCommand* and the named readbacks.,DAQ
Operation,SetSpyTriggerControl,"Method: Atomically set the spy-buffer source selector and inhibit using inhibit, wait at least five 62.5 MHz clocks, change source, wait again, then release inhibit when requested.",nsu=urn:dune:pds:daphne;s=DAPHNE.Boards.{BoardId}.Operations.Methods.SetSpyTriggerControl,String,N/A,Direct,None,N/A (write-only method),N/A (write-only method),N/A (write-only method),N/A (write-only method),N/A (write-only method),N/A (write-only method),N/A (write-only method),N/A (write-only method),N/A (write-only method),N/A (write-only method),N/A (write-only method),N/A (write-only method),N/A (write-only method),"Reject without DAQ/expert authority or outside an allowed state; execute inhibit, wait >=5 acquisition clocks, select, wait >=5 clocks, apply the requested final inhibit, and verify both readbacks.",Write-Only,No,On-Change,1000,STATUS=REQUIRED PRODUCTION | AUTHORITY=DAQ; PDS expert in maintenance | INSTANCE=one per DAPHNE board | SOURCE=Workbook-driven OPC-UA policy; gateway backend adapter where mapped | EXPOSURE=DAQ OPC-UA role only | STATES=Configure/Calibration/Maintenance | ALARM=Command audit | INTERLOCK=Guarded | CONTROL_OWNER=DAQ | Method result is acceptance/rejection; physical completion requires Operations.LastCommand* and the named readbacks.,DAQ
Operation,DumpSpyBuffers,Method: Request a bounded diagnostic waveform dump.,nsu=urn:dune:pds:daphne;s=DAPHNE.Boards.{BoardId}.Operations.Methods.DumpSpyBuffers,String,N/A,Direct,None,,,,,,,,,,,,,,,Write-Only,No,On-Change,1000,STATUS=EXCLUDED FROM ROUTINE DCS | AUTHORITY=DAQ; PDS expert in maintenance | INSTANCE=one per DAPHNE board | SOURCE=Workbook-driven OPC-UA policy; gateway backend adapter where mapped | EXPOSURE=DAQ OPC-UA role; excluded from routine DCS | STATES=Maintenance/Calibration | ALARM=Command audit | INTERLOCK=Guarded | CONTROL_OWNER=DAQ | Method result is acceptance/rejection; physical completion requires Operations.LastCommand* and the named readbacks.,DAQ
Operation,WriteAfeRegister,Method: Raw AFE register write.,nsu=urn:dune:pds:daphne;s=DAPHNE.Boards.{BoardId}.Operations.Methods.WriteAfeRegister,String,N/A,Direct,None,,,,,,,,,,,,,,,Write-Only,No,On-Change,1000,STATUS=EXCLUDED FROM ROUTINE DCS | AUTHORITY=PDS expert | INSTANCE=one per DAPHNE board | SOURCE=Workbook-driven OPC-UA policy; gateway backend adapter where mapped | EXPOSURE=Excluded from routine DCS | STATES=Maintenance only | ALARM=Command audit | INTERLOCK=Guarded | CONTROL_OWNER=PDS expert (maintenance only) | Method result is acceptance/rejection; physical completion requires Operations.LastCommand* and the named readbacks.,PDS expert (maintenance only)
Operation,WriteMultipleFpgaRegisters,Method: Arbitrary FPGA register writes.,nsu=urn:dune:pds:daphne;s=DAPHNE.Boards.{BoardId}.Operations.Methods.WriteMultipleFpgaRegisters,String,N/A,Direct,None,,,,,,,,,,,,,,,Write-Only,No,On-Change,1000,STATUS=EXCLUDED FROM ROUTINE DCS | AUTHORITY=PDS expert | INSTANCE=one per DAPHNE board | SOURCE=Workbook-driven OPC-UA policy; gateway backend adapter where mapped | EXPOSURE=Excluded from routine DCS | STATES=Maintenance only | ALARM=Command audit | INTERLOCK=Guarded | CONTROL_OWNER=PDS expert (maintenance only) | Method result is acceptance/rejection; physical completion requires Operations.LastCommand* and the named readbacks.,PDS expert (maintenance only)
Operation,FirmwareUpdate,Method: Install/activate a signed DAPHNE firmware release with rollback.,nsu=urn:dune:pds:daphne;s=DAPHNE.Boards.{BoardId}.Operations.Methods.FirmwareUpdate,String,N/A,Direct,None,,,,,,,,,,,,,,,Write-Only,No,On-Change,1000,STATUS=EXCLUDED FROM ROUTINE DCS | AUTHORITY=Slow Controls with PDS release role | INSTANCE=one per DAPHNE board | SOURCE=Workbook-driven OPC-UA policy; gateway backend adapter where mapped | EXPOSURE=SC expert only | STATES=Maintenance only | ALARM=Command audit | INTERLOCK=Guarded | CONTROL_OWNER=Slow Controls | Method result is acceptance/rejection; physical completion requires Operations.LastCommand* and the named readbacks.,Slow Controls
Operation,RestartBoardService,Method: Restart only the DAPHNE board service and verify a fresh heartbeat.,nsu=urn:dune:pds:daphne;s=DAPHNE.Boards.{BoardId}.Operations.Methods.RestartBoardService,String,N/A,Direct,None,,,,,,,,,,,,,,,Write-Only,No,On-Change,1000,STATUS=REQUIRED PRODUCTION | AUTHORITY=Slow Controls with PDS expert role | INSTANCE=one per DAPHNE board | SOURCE=Workbook-driven OPC-UA policy; gateway backend adapter where mapped | EXPOSURE=SC OPC-UA role; restricted | STATES=Maintenance/Recovery | ALARM=Command audit | INTERLOCK=Guarded | CONTROL_OWNER=Slow Controls | Method result is acceptance/rejection; physical completion requires Operations.LastCommand* and the named readbacks.,Slow Controls
